"command_id",user,decision,timestamp
"CMD-0539B1CFBC4F",User1,approved,"2026-04-22T21:50:50.921092"
"CMD-E17E75583548",Admin1,approved,"2026-04-22T21:50:44.437244"
"CMD-DBA18636A625",User1,approved,"2026-04-22T21:50:37.717350"
"CMD-8E9F1E8CDA94",User1,approved,"2026-04-22T21:50:32.976450"
"CMD-395931489873",Admin1,approved,"2026-04-22T16:50:26.919935Z"
"CMD-992AC74701E8",User1,approved,"2026-04-22T21:50:21.490488"
"CMD-2195C6458092",Admin1,approved,"2026-04-22T21:50:14.257493"
"CMD-D89CD59371E7",Admin1,approved,"2026-04-22T21:50:09.589227"
"CMD-E7F92E94A2C6",Admin1,approved,"2026-04-22T21:50:04.879697"
"CMD-492DB442D97D",User1,approved,"2026-04-22T21:49:57.951732"
"CMD-29F8C8F23A9B",Admin1,approved,"2026-04-22T16:49:51.905917Z"
"CMD-BFC78B067836",User1,approved,"2026-04-22T21:49:45.976749"
"CMD-48D5F40B9BA4",Admin1,approved,"2026-04-22T21:49:39.363774"
"CMD-0789895F3BBD",User1,approved,"2026-04-22T21:49:32.547690"
"CMD-023AE8A00078",Admin1,approved,"2026-04-22T16:49:26.413302Z"
"CMD-1CE9FAFA502F",Admin1,approved,"2026-04-22T21:49:22.149471"
"CMD-00AFA23D5DA5",Admin1,approved,"2026-04-22T16:49:18.477364Z"
"CMD-3A9492B954BD",User1,approved,"2026-04-22T21:49:12.179193"
"CMD-B6385B705A3D",Admin1,approved,"2026-04-22T16:49:08.458123Z"
"CMD-EB2585B742CA",User1,approved,"2026-04-22T21:49:03.077095"
"CMD-C8509C00C97D",Admin1,approved,"2026-04-22T16:48:57.288938Z"
"CMD-0C362C7BFC79",Admin1,approved,"2026-04-22T21:48:53.634852"
"CMD-8C60AFEB770E",User1,approved,"2026-04-22T21:48:46.986913"
"CMD-7A44C0E22211",User1,approved,"2026-04-22T21:48:42.217628"
"CMD-029B53344044",User1,approved,"2026-04-22T21:48:37.309910"
"CMD-E6BC56B606ED",User1,approved,"2026-04-22T21:48:32.417031"
"CMD-BD12E8D4C153",Admin1,approved,"2026-04-22T21:48:25.288849"
"CMD-C91B3F7A65FF",User1,approved,"2026-04-22T21:48:18.467854"
"CMD-5E5199ECB76B",User1,approved,"2026-04-22T21:48:13.726569"
"CMD-C93CBC960C69",Admin1,approved,"2026-04-22T16:48:07.429091Z"
"CMD-50BACFC7769C",User1,approved,"2026-04-22T21:48:02.064335"
"CMD-716D57B463BC",User1,approved,"2026-04-22T21:47:57.212103"
"CMD-B41BE46409EB",Admin1,approved,"2026-04-22T21:47:49.980896"
"CMD-539EA5AC2DB7",Admin1,approved,"2026-04-22T21:47:45.081330"
"CMD-E84D02F0163D",User1,approved,"2026-04-22T21:47:37.986153"
"CMD-A31A305C2AE3",Admin1,approved,"2026-04-22T21:47:31.152406"
"CMD-A00F8D5A56F2",Admin1,approved,"2026-04-22T21:47:26.163452"
"CMD-F17794FBF110",User1,approved,"2026-04-22T21:47:19.347837"
"CMD-BE1736E087E0",User1,approved,"2026-04-22T21:47:14.210633"
"CMD-61998883669B",User1,approved,"2026-04-22T21:47:09.490797"
"CMD-0339C8709AE9",User1,approved,"2026-04-22T21:47:04.947286"
"CMD-300E6A1759B9",User1,approved,"2026-04-22T21:47:00.310862"
"CMD-D923C4BAAA51",User1,approved,"2026-04-22T21:46:55.215678"
"CMD-E47B25EDAF29",Admin1,approved,"2026-04-22T16:46:49.300679Z"
"CMD-760C08EC1EE7",User1,approved,"2026-04-22T21:46:43.367888"
"CMD-2D393E45BB02",User1,approved,"2026-04-22T21:46:38.317014"
"CMD-72D337E544FE",Admin1,approved,"2026-04-22T21:46:31.502417"
"CMD-9E74FE16FE25",User1,approved,"2026-04-22T21:46:24.481543"
"CMD-B503D6829354",User1,approved,"2026-04-22T21:46:19.354935"
"CMD-E00D1B7850AA",Admin1,approved,"2026-04-22T21:46:12.361397"
"CMD-42C00E86F549",Admin1,approved,"2026-04-22T21:46:07.456964"
"CMD-79CD214506AA",User1,approved,"2026-04-22T21:45:59.761117"
"CMD-98E428B583E2",Admin1,approved,"2026-04-22T16:45:53.878658Z"
"CMD-451ADE903AC0",Admin1,approved,"2026-04-22T16:45:51.324497Z"
"CMD-6080F644C0A8",User1,approved,"2026-04-22T21:45:45.392516"
"CMD-B5C0CB13C29F",User1,approved,"2026-04-22T21:45:40.538621"
"CMD-1DF90304E896",User1,approved,"2026-04-22T21:45:35.591999"
"CMD-66E532722A49",User1,approved,"2026-04-22T21:45:30.441549"
"CMD-BEA897DCB2D9",Admin1,approved,"2026-04-22T21:45:22.468686"
"CMD-A1360E2D5A07",User1,approved,"2026-04-22T21:45:14.606167"
"CMD-5370CD9B5C53",Admin1,approved,"2026-04-22T21:45:06.470476"
"CMD-8C862522DECD",Admin1,approved,"2026-04-22T16:45:02.736943Z"
"CMD-BE5C3146D6AB",Admin1,approved,"2026-04-22T16:44:59.986244Z"
"CMD-862648B43E2A",Admin1,approved,"2026-04-22T16:44:56.746284Z"
"CMD-5B4C5BE0E37C",Admin1,approved,"2026-04-22T16:44:53.467404Z"
"CMD-E6AB15CF5F76",Admin1,approved,"2026-04-22T16:44:50.879464Z"
"CMD-206DBA44CC4C",Admin1,approved,"2026-04-22T16:44:48.335293Z"
"CMD-805F15B2C44E",User1,approved,"2026-04-22T21:44:42.379705"
"CMD-9AF96E7DC19A",Admin1,approved,"2026-04-22T21:44:33.903325"
"CMD-043CC36E1E29",Admin1,approved,"2026-04-22T16:44:30.353080Z"
"CMD-CFB4E0137BFB",User1,approved,"2026-04-22T21:44:24.837319"
"CMD-28CF1712AB52",Admin1,approved,"2026-04-22T21:44:18.058385"
"CMD-68892D2393D4",Admin1,approved,"2026-04-22T21:44:12.651469"
"CMD-2DFCB38AC4D1",Admin1,approved,"2026-04-22T21:44:07.490861"
"CMD-91F58E2FE289",User1,approved,"2026-04-22T21:44:00.733965"
"CMD-A8929CE7A542",User1,approved,"2026-04-22T21:43:55.622370"
"CMD-EBBC1452CD59",Admin1,approved,"2026-04-22T21:43:48.548196"
"CMD-A4D80C993175",User1,approved,"2026-04-22T21:43:41.973984"
"CMD-098026F3E59C",Admin1,approved,"2026-04-22T21:43:34.985842"
"CMD-8DE9796E9F56",Admin1,approved,"2026-04-22T21:43:29.292342"
"CMD-F9FB47E9B2E5",Admin1,approved,"2026-04-22T16:43:25.530102Z"
"CMD-1C138810DF39",User1,approved,"2026-04-22T21:43:20.342402"
"CMD-A5810B9F5B51",Admin1,approved,"2026-04-22T21:43:12.946047"
"CMD-9F51E6944C5B",Admin1,approved,"2026-04-22T21:43:06.888352"
"CMD-36C486736E38",Admin1,approved,"2026-04-22T16:43:03.080263Z"
"CMD-ECD7874C4C91",Admin1,approved,"2026-04-22T21:42:59.436440"
"CMD-C9848B9E0AC3",Admin1,approved,"2026-04-22T21:42:54.058555"
"CMD-E013EA856EE2",Admin1,approved,"2026-04-22T16:42:49.991613Z"
"CMD-D08FAB3F2C72",Admin1,approved,"2026-04-22T16:42:47.379076Z"
"CMD-38C1FC6A74F4",User1,approved,"2026-04-22T21:42:41.734440"
"CMD-71FA746E31F4",Admin1,approved,"2026-04-22T16:42:35.758451Z"
"CMD-4E64F379CA6E",Admin1,approved,"2026-04-22T16:42:32.884874Z"
"CMD-EEC383002E87",Admin1,approved,"2026-04-22T21:42:28.983261"
"CMD-BF45B043379F",User1,approved,"2026-04-22T21:42:21.503124"
"CMD-F766CCD7B506",User1,approved,"2026-04-22T21:42:16.472714"
"CMD-9B8132E78FCA",User1,approved,"2026-04-22T21:42:11.574096"
"CMD-8686EAAD63E6",User1,approved,"2026-04-22T21:42:06.790867"
"CMD-2D7DB5BF623D",Admin1,approved,"2026-04-22T16:42:00.653749Z"
"CMD-7D2E559108F6",Admin1,approved,"2026-04-22T21:41:57.342274"
"CMD-244D46BAAFB7",User1,approved,"2026-04-22T21:41:50.573137"
"CMD-A6D294936332",User1,approved,"2026-04-22T21:41:45.886906"
"CMD-F12BD76C897D",User1,approved,"2026-04-22T21:41:41.446710"
"CMD-465D25656214",Admin1,approved,"2026-04-22T21:41:34.392412"
"CMD-80984FEBD018",User1,approved,"2026-04-22T21:41:27.373035"
"CMD-8E8BEBF58186",Admin1,approved,"2026-04-22T16:41:21.448741Z"
"CMD-7069FDF5F157",Admin1,approved,"2026-04-22T16:41:19.068163Z"
"CMD-E3A0715A6D94",Admin1,approved,"2026-04-22T21:41:15.724458"
"CMD-5F671ACF9DF6",User1,approved,"2026-04-22T21:41:08.233738"
"CMD-036D8807C4B5",Admin1,approved,"2026-04-22T16:41:02.372726Z"
"CMD-E4A886F5BAE6",Admin1,approved,"2026-04-22T21:40:59.042640"
"CMD-A48E61AA26D9",User1,approved,"2026-04-22T21:40:51.100999"
"CMD-35213B26CD9D",Admin1,approved,"2026-04-22T16:40:47.280634Z"
"CMD-60B49905D7A6",User1,approved,"2026-04-22T21:40:41.945248"
"CMD-543EF18051BA",Admin1,approved,"2026-04-22T21:40:35.065451"
"CMD-F233BD332BDE",User1,approved,"2026-04-22T21:40:27.659932"
"CMD-78EEA8250742",User1,approved,"2026-04-22T21:40:23.015590"
"CMD-1C65BF72B89F",User1,approved,"2026-04-22T21:40:18.389522"
"CMD-B6BD3DB3355E",Admin1,approved,"2026-04-22T21:40:11.475670"
"CMD-D59C87736A85",User1,approved,"2026-04-22T21:40:04.784814"
"CMD-8BD6F924EC77",User1,approved,"2026-04-22T21:39:59.821122"
"CMD-BEC66AEDC288",Admin1,approved,"2026-04-22T16:39:53.833101Z"
"CMD-CF6029AD03AA",Admin1,approved,"2026-04-22T21:39:50.008263"
"CMD-13F0640D0615",User1,approved,"2026-04-22T21:39:42.988172"
"CMD-FE9DEFCDC427",User1,approved,"2026-04-22T21:39:38.443903"
"CMD-66BFF9C4FAC5",Admin1,approved,"2026-04-22T21:39:30.441388"
"CMD-DFA70E29B353",Admin1,approved,"2026-04-22T16:39:26.653562Z"
"CMD-9068FF02FDF0",User1,approved,"2026-04-22T21:39:21.208440"
"CMD-6E8647FB773A",Admin1,approved,"2026-04-22T21:39:14.231778"
"CMD-900F9E55B49F",Admin1,approved,"2026-04-22T21:39:08.911498"
"CMD-E004D96A8755",User1,approved,"2026-04-22T21:39:01.550882"
"CMD-962E4AC600D4",User1,approved,"2026-04-22T21:38:56.824578"
"CMD-B033B9B29EE9",User1,approved,"2026-04-22T21:38:51.811043"
"CMD-B3C21C19CD91",Admin1,approved,"2026-04-22T21:38:44.003337"
"CMD-469EA8DDEF53",Admin1,approved,"2026-04-22T16:38:40.110079Z"
"CMD-945084BF0572",Admin1,approved,"2026-04-22T21:38:36.737574"
"CMD-32DADEBBF2E8",User1,approved,"2026-04-22T21:38:29.697610"
"CMD-7894BAA4FE2E",Admin1,approved,"2026-04-22T21:38:22.972670"
"CMD-192B942BA4E2",User1,approved,"2026-04-22T21:38:16.297448"
"CMD-103F34447C2D",User1,approved,"2026-04-22T21:38:10.964843"
"CMD-A8436387C569",Admin1,approved,"2026-04-22T21:38:04.312251"
"CMD-38D924D9ABC8",User1,approved,"2026-04-22T21:37:57.409445"
"CMD-B2B3966EB071",User1,approved,"2026-04-22T21:37:52.726701"
"CMD-5892DD33A0DE",User1,approved,"2026-04-22T21:37:47.577080"
"CMD-EE16925E8556",User1,approved,"2026-04-22T21:37:42.782163"
"CMD-6CBD1B4B6A00",Admin1,approved,"2026-04-22T21:37:34.937841"
"CMD-5CE30946E611",Admin1,approved,"2026-04-22T16:37:30.836332Z"
"CMD-325628AFAB22",Admin1,approved,"2026-04-22T16:37:28.143275Z"
"CMD-EF16BA84C6C2",Admin1,approved,"2026-04-22T21:37:23.596986"
"CMD-FE13CC733518",Admin1,approved,"2026-04-22T16:37:19.762516Z"
"CMD-2B0F89DA7B60",Admin1,approved,"2026-04-22T21:37:15.493982"
"CMD-1789286AEF2C",Admin1,approved,"2026-04-22T16:37:11.410074Z"
"CMD-E64D171A4A36",Admin1,approved,"2026-04-22T16:37:09.081743Z"
"CMD-582AFEBC470F",User1,approved,"2026-04-22T21:37:03.826761"
"CMD-AB656BDE1AFC",User1,approved,"2026-04-22T21:36:58.482750"
"CMD-02236878A165",User1,approved,"2026-04-22T21:36:53.782145"
"CMD-EC70F4C03422",User1,approved,"2026-04-22T21:36:48.914580"
"CMD-583859F09E51",User1,approved,"2026-04-22T21:36:44.052841"
"CMD-6BEB34C787B7",Admin1,approved,"2026-04-22T21:36:37.443646"
"CMD-98295AA303F1",Admin1,approved,"2026-04-22T21:36:30.925539"
"CMD-D0DCF5B96170",Admin1,approved,"2026-04-22T16:36:27.361464Z"
"CMD-BFF00565D842",User1,approved,"2026-04-22T21:36:20.995283"
"CMD-C45324F58080",Admin1,approved,"2026-04-22T16:36:17.098202Z"
"CMD-A99D0BB560FF",User1,approved,"2026-04-22T21:36:11.533413"
"CMD-5F9A7BB30B95",Admin1,approved,"2026-04-22T16:36:05.606257Z"
"CMD-033C531BD1CB",Admin1,approved,"2026-04-22T16:36:03.195867Z"
"CMD-294B4385D7D0",User1,approved,"2026-04-22T21:35:57.686385"
"CMD-9CA75894EA6A",User1,approved,"2026-04-22T21:35:53.106740"
"CMD-92329F6A3224",User1,approved,"2026-04-22T21:35:48.064251"
"CMD-21486499E3A2",Admin1,approved,"2026-04-22T21:35:40.185626"
"CMD-5AC94BA8DCF6",Admin1,approved,"2026-04-22T16:35:36.806757Z"
"CMD-303E422448E4",Admin1,approved,"2026-04-22T21:35:31.959079"
"CMD-57FDEE9D1116",Admin1,approved,"2026-04-22T16:35:28.080199Z"
"CMD-86302C7F2E20",Admin1,approved,"2026-04-22T21:35:24.962950"
"CMD-779A4AB30749",User1,approved,"2026-04-22T21:35:18.086287"
"CMD-AC7FAC978D49",User1,approved,"2026-04-22T21:35:13.463900"
"CMD-8B0688011B60",User1,approved,"2026-04-22T21:35:07.422635"
"CMD-48B5C56FB5CD",Admin1,approved,"2026-04-22T16:35:04.057571Z"
"CMD-D6A6AFBD2DEC",User1,approved,"2026-04-22T21:34:58.676023"
"CMD-F929A7248687",User1,approved,"2026-04-22T21:34:54.361852"
"CMD-8271F0C57B0B",User1,approved,"2026-04-22T21:34:50.071599"
"CMD-E4AE1C2EF8A6",User1,approved,"2026-04-22T21:34:45.599849"
"CMD-C0AF82CC3D5C",User1,approved,"2026-04-22T21:34:41.187613"
"CMD-CA230602977D",Admin1,approved,"2026-04-22T21:34:34.339597"
"CMD-665558BA665C",Admin1,approved,"2026-04-22T21:34:29.574516"
"CMD-911A35E7C7CA",User1,approved,"2026-04-22T21:34:22.277076"
"CMD-87BFA14B1DAB",Admin1,approved,"2026-04-22T21:34:15.727935"
"CMD-F4240BC8D521",Admin1,approved,"2026-04-22T21:34:09.850898"
"CMD-4C5F10391D4A",Admin1,approved,"2026-04-22T16:34:06.205699Z"
"CMD-B7C9767210A6",User1,approved,"2026-04-22T21:33:58.220501"
"CMD-1772F36582D1",Admin1,approved,"2026-04-22T21:33:47.386802"
"CMD-792014BB5742",Admin1,approved,"2026-04-22T16:33:42.766326Z"
"CMD-FCE387F44F76",User1,approved,"2026-04-22T21:33:33.968108"
"CMD-5DDEC26889A1",Admin1,approved,"2026-04-22T16:33:27.916003Z"
"CMD-FE110A65E3B0",Admin1,approved,"2026-04-22T21:33:23.351779"
"CMD-4F7FD356CB5A",Admin1,approved,"2026-04-22T16:33:19.798176Z"
"CMD-722C138DE432",User1,approved,"2026-04-22T21:33:14.442519"
"CMD-1577EE3B8574",User1,approved,"2026-04-22T21:33:09.817214"
"CMD-BE419B628CF9",Admin1,approved,"2026-04-22T16:33:03.801488Z"
"CMD-31E0F2355E3B",Admin1,approved,"2026-04-22T21:33:00.125361"
"CMD-CC98C941F2F6",Admin1,approved,"2026-04-22T21:32:55.548958"
"CMD-B3C31DC3F5E5",User1,approved,"2026-04-22T21:32:47.138170"
"CMD-AC9F1CF3BD5F",Admin1,approved,"2026-04-22T16:32:43.359053Z"
"CMD-BBEE5FCC56D9",User1,approved,"2026-04-22T21:32:37.881232"
"CMD-AD66A2F3AC35",Admin1,approved,"2026-04-22T16:32:31.672466Z"
"CMD-248018D925FF",User1,approved,"2026-04-22T21:32:26.259642"
"CMD-26852C34679C",Admin1,approved,"2026-04-22T16:32:20.392831Z"
"CMD-5AF527CF7AE9",User1,approved,"2026-04-22T21:32:13.710002"
"CMD-7F7170FD4D47",Admin1,approved,"2026-04-22T16:32:09.983336Z"
"CMD-7F4B630B51CE",User1,approved,"2026-04-22T21:32:04.632947"
"CMD-502991539F5C",Admin1,approved,"2026-04-22T21:31:57.901557"
"CMD-2080B7C2ACCA",User1,approved,"2026-04-22T21:31:51.305632"
"CMD-F86AD128AC69",Admin1,approved,"2026-04-22T21:31:44.524725"
"CMD-2159506F09F3",User1,approved,"2026-04-22T21:31:36.961050"
"CMD-EEDEFFC047EE",Admin1,approved,"2026-04-22T21:31:30.271677"
"CMD-DF86BDEF5787",User1,approved,"2026-04-22T21:31:23.305387"
"CMD-B655AFE7A204",Admin1,approved,"2026-04-22T21:31:16.720370"
"CMD-8B511BBB1EC8",User1,approved,"2026-04-22T21:31:10.033490"
"CMD-CDF8831221E2",User1,approved,"2026-04-22T21:31:05.322299"
"CMD-97B8014068BB",User1,approved,"2026-04-22T21:31:00.331550"
"CMD-3762E481F64A",User1,approved,"2026-04-22T21:30:55.889413"
"CMD-5A4490DABCB7",Admin1,approved,"2026-04-22T21:30:49.325468"
"CMD-B5B19852AE30",User1,approved,"2026-04-22T21:30:42.768677"
"CMD-5FA1FC92E196",User1,approved,"2026-04-22T21:30:38.151892"
"CMD-E2543D4BAE4B",Admin1,approved,"2026-04-22T21:30:31.285531"
"CMD-ECD89A36AE32",User1,approved,"2026-04-22T21:30:24.695075"
"CMD-A9889D761A39",Admin1,approved,"2026-04-22T16:30:18.928801Z"
"CMD-46BF09425B75",Admin1,approved,"2026-04-22T16:30:16.498269Z"
"CMD-ACE77A6339B3",User1,approved,"2026-04-22T21:30:10.989998"
"CMD-50906552198D",Admin1,approved,"2026-04-22T21:30:03.342613"
"CMD-9D31797E4ED6",Admin1,approved,"2026-04-22T16:29:59.134997Z"
"CMD-5C0C490ACC83",User1,approved,"2026-04-22T21:29:53.664089"
"CMD-82A0C0E18865",Admin1,approved,"2026-04-22T21:29:47.117394"
"CMD-6C188F2D9FF2",User1,approved,"2026-04-22T21:29:40.349518"
"CMD-87BEFF004EBB",User1,approved,"2026-04-22T21:29:35.895267"
"CMD-03476E962D8C",User1,approved,"2026-04-22T21:29:31.211096"
"CMD-0D567533791A",Admin1,approved,"2026-04-22T16:29:25.580706Z"
"CMD-166D20BC8030",Admin1,approved,"2026-04-22T16:29:23.367368Z"
"CMD-F8713D9FFE1E",Admin1,approved,"2026-04-22T16:29:21.193667Z"
"CMD-1FC9D14B6B63",User1,approved,"2026-04-22T21:29:15.731605"
"CMD-56027342EA11",User1,approved,"2026-04-22T21:29:11.133811"
"CMD-34EA37F57B7D",User1,approved,"2026-04-22T21:29:06.356001"
"CMD-D3B29E527562",Admin1,approved,"2026-04-22T16:29:00.627492Z"
"CMD-49ED4B490274",Admin1,approved,"2026-04-22T21:28:56.247060"
"CMD-BD39E8B9FB3A",Admin1,approved,"2026-04-22T16:28:52.480711Z"
"CMD-C77A3C2A4841",Admin1,approved,"2026-04-22T21:28:49.110163"
"CMD-4F533AE4F4DC",Admin1,approved,"2026-04-22T21:28:44.395967"
"CMD-355CD678606D",Admin1,approved,"2026-04-22T21:28:39.834538"
"CMD-4DEFB8492105",User1,approved,"2026-04-22T21:28:33.071648"
"CMD-13783F12AEE3",User1,approved,"2026-04-22T21:28:28.253763"
"CMD-9EF9BE703959",User1,approved,"2026-04-22T21:28:23.467381"
"CMD-293D666F68C5",Admin1,approved,"2026-04-22T21:28:16.588252"
"CMD-C48D26EA9E13",User1,approved,"2026-04-22T21:28:09.769683"
"CMD-989F794732D4",User1,approved,"2026-04-22T21:28:05.120412"
"CMD-1FBF72DA1EEA",User1,approved,"2026-04-22T21:28:00.280204"
"CMD-22E4F8A723F1",Admin1,approved,"2026-04-22T21:27:53.596253"
"CMD-998ACE6C2DCA",Admin1,approved,"2026-04-22T21:27:48.768949"
"CMD-6D104A6E7573",User1,approved,"2026-04-22T21:27:41.925235"
"CMD-72914E5526EA",Admin1,approved,"2026-04-22T21:27:34.395691"
"CMD-EDEC53F2B6FB",User1,approved,"2026-04-22T21:27:26.666044"
"CMD-30473E343335",Admin1,approved,"2026-04-22T16:27:21.009038Z"
"CMD-3C79FD111F43",Admin1,approved,"2026-04-22T16:27:18.685716Z"
"CMD-02EF3C4665F0",Admin1,approved,"2026-04-22T16:27:16.200323Z"
"CMD-7A246A3CC96D",User1,approved,"2026-04-22T21:27:10.642080"
"CMD-E310251D7267",Admin1,approved,"2026-04-22T21:27:04.221381"
"CMD-84545AAF29F2",Admin1,approved,"2026-04-22T21:26:59.678085"
"CMD-089C4B9B5C12",User1,approved,"2026-04-22T21:26:53.065539"
"CMD-1491E280ED52",User1,approved,"2026-04-22T21:26:48.539377"
"CMD-2512236D8B83",User1,approved,"2026-04-22T21:26:43.868075"
"CMD-8020309CDB67",User1,approved,"2026-04-22T21:26:39.171766"
"CMD-64CBD4339CA0",User1,approved,"2026-04-22T21:26:34.716745"
"CMD-35BEDFB39C18",User1,approved,"2026-04-22T21:26:30.449385"
"CMD-5D4EF3CD937B",User1,approved,"2026-04-22T21:26:26.118716"
"CMD-59B56C7CD02F",Admin1,approved,"2026-04-22T16:26:20.354703Z"
"CMD-992D02EDE693",Admin1,approved,"2026-04-22T21:26:16.963205"
"CMD-F9AED65BC7AA",User1,approved,"2026-04-22T21:26:10.459974"
"CMD-02828D3347A2",Admin1,approved,"2026-04-22T16:26:04.584439Z"
"CMD-56550956888D",Admin1,approved,"2026-04-22T16:26:02.214419Z"
"CMD-D993D268BCB8",User1,approved,"2026-04-22T21:25:56.852713"
"CMD-EB0E5CFB2C94",User1,approved,"2026-04-22T21:25:52.327338"
"CMD-83038E3E1C76",Admin1,approved,"2026-04-22T21:25:45.709918"
"CMD-F5516F780E41",Admin1,approved,"2026-04-22T21:25:41.120264"
"CMD-29EC5A7565E7",Admin1,approved,"2026-04-22T21:25:35.157880"
"CMD-0110B9FDB527",Admin1,approved,"2026-04-22T16:25:31.476680Z"
"CMD-14CEDABCB4F9",Admin1,approved,"2026-04-22T21:25:28.445409"
"CMD-04EF1835AD22",Admin1,approved,"2026-04-22T21:25:22.456831"
"CMD-A2CED7633985",Admin1,approved,"2026-04-22T16:25:17.777486Z"
"CMD-84F647A202DB",Admin1,approved,"2026-04-22T16:25:15.555602Z"
"CMD-AA99CB9DDD8B",User1,approved,"2026-04-22T21:25:10.070664"
"CMD-FBEF13A2A6E4",User1,approved,"2026-04-22T21:25:05.056797"
"CMD-B680663F3362",Admin1,approved,"2026-04-22T21:24:58.007490"
"CMD-BB2A06252E88",User1,approved,"2026-04-22T21:24:51.373117"
"CMD-AC5D39C82BE7",Admin1,approved,"2026-04-22T16:24:45.437699Z"
"CMD-7CA8FE98BF24",User1,approved,"2026-04-22T21:24:39.935812"
"CMD-FFFEB282DA8E",Admin1,approved,"2026-04-22T16:24:33.761189Z"
"CMD-0F5329D3EE46",User1,approved,"2026-04-22T21:24:28.274434"
"CMD-D1099EAA01AE",User1,approved,"2026-04-22T21:24:23.416866"
"CMD-8DC188E488BB",Admin1,approved,"2026-04-22T21:24:15.587844"
"CMD-B2AE4CBB6E18",Admin1,approved,"2026-04-22T16:24:11.632532Z"
"CMD-8A6A8CABC309",User1,approved,"2026-04-22T21:24:06.137315"
"CMD-E98EDC1A6BCE",User1,approved,"2026-04-22T21:24:00.402761"
"CMD-CC816F27B3D4",User1,approved,"2026-04-22T21:23:55.808262"
"CMD-2843D718D718",User1,approved,"2026-04-22T21:23:51.144915"
"CMD-A6464CE42151",User1,approved,"2026-04-22T21:23:46.210228"
"CMD-AADCFDC04C10",User1,approved,"2026-04-22T21:23:41.446516"
"CMD-1C2C54C07435",User1,approved,"2026-04-22T21:23:36.645742"
"CMD-D1E509F1D237",User1,approved,"2026-04-22T21:23:31.767696"
"CMD-DB81565CDE34",Admin1,approved,"2026-04-22T21:23:23.752037"
"CMD-2642D6FA6AA9",Admin1,approved,"2026-04-22T16:23:19.867884Z"
"CMD-D1BF7AB006A1",User1,approved,"2026-04-22T21:23:14.327049"
"CMD-EAFAA259FBCF",Admin1,approved,"2026-04-22T21:23:07.511145"
"CMD-F0903FF165C5",User1,approved,"2026-04-22T21:23:00.450820"
"CMD-66899ABD29E0",User1,approved,"2026-04-22T21:22:54.504793"
"CMD-B7DA8438C97C",Admin1,approved,"2026-04-22T16:22:51.026933Z"
"CMD-E0C406659758",User1,approved,"2026-04-22T21:22:45.398728"
"CMD-B1CCFD2CB9B4",User1,approved,"2026-04-22T21:22:39.774677"
"CMD-4217F9193E81",Admin1,approved,"2026-04-22T16:22:36.133605Z"
"CMD-43A38505BA94",User1,approved,"2026-04-22T21:22:30.702617"
"CMD-E3428EA1A574",User1,approved,"2026-04-22T21:22:25.780335"
"CMD-BD8BF3AC68C2",User1,approved,"2026-04-22T21:22:21.317398"
"CMD-CD788119A6D4",Admin1,approved,"2026-04-22T21:22:13.079373"
"CMD-46998C3858B7",Admin1,approved,"2026-04-22T16:22:09.398952Z"
"CMD-EB4740B52055",User1,approved,"2026-04-22T21:22:03.825416"
"CMD-46C9E379D946",Admin1,approved,"2026-04-22T21:21:56.931232"
"CMD-9178EA6B65C0",User1,approved,"2026-04-22T21:21:50.363526"
"CMD-64F5D9A5080D",Admin1,approved,"2026-04-22T21:21:43.601209"
"CMD-E65BEA26F00F",Admin1,approved,"2026-04-22T21:21:37.745382"
"CMD-5F8C1AF90D60",Admin1,approved,"2026-04-22T16:21:33.984861Z"
"CMD-B7C919F47BD3",Admin1,approved,"2026-04-22T16:21:31.668646Z"
"CMD-8C5BB53FE392",User1,approved,"2026-04-22T21:21:26.071333"
"CMD-4F23FD3E7592",Admin1,approved,"2026-04-22T21:21:19.508821"
"CMD-F149C5DFD889",User1,approved,"2026-04-22T21:21:12.906655"
"CMD-C145FB6E7596",Admin1,approved,"2026-04-22T21:21:06.435314"
"CMD-B1560E095C42",User1,approved,"2026-04-22T21:20:59.665143"
"CMD-A0D9EF4C5A3B",User1,approved,"2026-04-22T21:20:55.098956"
"CMD-D056CD3FD060",Admin1,approved,"2026-04-22T16:20:49.368300Z"
"CMD-9742FA1BF628",Admin1,approved,"2026-04-22T21:20:46.042778"
"CMD-7CDA614E182C",Admin1,approved,"2026-04-22T21:20:40.411524"
"CMD-387C667BADD7",Admin1,approved,"2026-04-22T16:20:36.906003Z"
"CMD-A785C78733F9",User1,approved,"2026-04-22T21:20:31.664121"
"CMD-22DCF38B4F49",Admin1,approved,"2026-04-22T21:20:25.135489"
"CMD-1312A4B42F0D",Admin1,approved,"2026-04-22T21:20:20.490887"
"CMD-F7841B24D236",Admin1,approved,"2026-04-22T21:20:15.914351"
"CMD-928C8E092771",User1,approved,"2026-04-22T21:20:09.206652"
"CMD-78A61C5D950F",Admin1,approved,"2026-04-22T21:20:02.435428"
"CMD-454A31417643",Admin1,approved,"2026-04-22T21:19:57.599156"
"CMD-C3AAEBB95ACA",Admin1,approved,"2026-04-22T21:19:52.939839"
"CMD-AE5D7A06853A",User1,approved,"2026-04-22T21:19:46.203395"
"CMD-763E63605683",Admin1,approved,"2026-04-22T21:19:39.545558"
"CMD-89208A9E6997",Admin1,approved,"2026-04-22T21:19:34.364426"
"CMD-02190CB06D30",Admin1,approved,"2026-04-22T21:19:29.771718"
"CMD-9387DD3FA42D",User1,approved,"2026-04-22T21:19:22.146080"
"CMD-F037C079CEC9",Admin1,approved,"2026-04-22T16:19:18.511280Z"
"CMD-38EC3DF24AFF",User1,approved,"2026-04-22T21:19:12.993526"
"CMD-28F72C57581F",User1,approved,"2026-04-22T21:19:08.474079"
"CMD-F6BCFD999B91",User1,approved,"2026-04-22T21:19:02.643365"
"CMD-CD2EBF4D3B21",Admin1,approved,"2026-04-22T16:18:58.894757Z"
"CMD-AAB4F033678E",User1,approved,"2026-04-22T21:18:53.428098"
"CMD-35FC66883DFC",User1,approved,"2026-04-22T21:18:48.744954"
"CMD-B971F7EB50A4",User1,approved,"2026-04-22T21:18:44.182070"
"CMD-7FD5F224FC6D",User1,approved,"2026-04-22T21:18:39.734593"
"CMD-A72C2A7BC1CD",User1,approved,"2026-04-22T21:18:35.107447"
"CMD-AEE6A7318E9B",Admin1,approved,"2026-04-22T21:18:27.493520"
"CMD-E5E3FC354209",Admin1,approved,"2026-04-22T16:18:23.876180Z"
"CMD-231C38F81797",User1,approved,"2026-04-22T21:18:18.451724"
"CMD-874575931B95",User1,approved,"2026-04-22T21:18:13.730935"
"CMD-30C57CD543BE",User1,approved,"2026-04-22T21:18:08.111046"
"CMD-3F0FFD564909",Admin1,approved,"2026-04-22T16:18:04.183708Z"
"CMD-E3AA310A780A",User1,approved,"2026-04-22T21:17:59.020761"
"CMD-72830E205AD3",User1,approved,"2026-04-22T21:17:54.749107"
"CMD-FE3676CA45D3",Admin1,approved,"2026-04-22T21:17:48.256328"
"CMD-DAFF22F93451",User1,approved,"2026-04-22T21:17:41.952656"
"CMD-2ED5E97290D8",User1,approved,"2026-04-22T21:17:37.651355"
"CMD-EFE0659BCC1D",User1,approved,"2026-04-22T21:17:33.157572"
"CMD-5A839FD65C38",Admin1,approved,"2026-04-22T16:17:27.615000Z"
"CMD-02690C5A3FCD",Admin1,approved,"2026-04-22T21:17:24.520614"
"CMD-A24F859B29B3",Admin1,approved,"2026-04-22T21:17:20.142836"
"CMD-5ABF9A44B267",User1,approved,"2026-04-22T21:17:13.443171"
"CMD-CDAE3008F281",User1,approved,"2026-04-22T21:17:08.831034"
"CMD-D8B67BD95F86",User1,approved,"2026-04-22T21:17:03.968062"
"CMD-5B2DB9551ECC",Admin1,approved,"2026-04-22T21:16:57.314636"
"CMD-B86D5974B60A",Admin1,approved,"2026-04-22T21:16:52.971770"
"CMD-A4B3800AAE0F",User1,approved,"2026-04-22T21:16:46.359487"
"CMD-36D55D036EB9",User1,approved,"2026-04-22T21:16:42.004639"
"CMD-9E3127CE280E",User1,approved,"2026-04-22T21:16:37.658024"
"CMD-3829DAC025B8",Admin1,approved,"2026-04-22T16:16:32.214935Z"
"CMD-123E8BC8E515",Admin1,approved,"2026-04-22T21:16:29.151533"
"CMD-C806A39EC420",Admin1,approved,"2026-04-22T21:16:24.824375"
"CMD-965C4104459C",User1,approved,"2026-04-22T21:16:18.149171"
"CMD-0DB4A5461BAF",Admin1,approved,"2026-04-22T21:16:11.650014"
"CMD-5AF1E33A78BB",User1,approved,"2026-04-22T21:16:04.862892"
"CMD-C118CADA5059",User1,approved,"2026-04-22T21:16:00.292834"
"CMD-5A5D60C62564",Admin1,approved,"2026-04-22T21:15:53.577078"
"CMD-5C8F637B717F",User1,approved,"2026-04-22T21:15:47.032632"
"CMD-095FF56C209A",Admin1,approved,"2026-04-22T21:15:40.443128"
"CMD-34806065F76F",User1,approved,"2026-04-22T21:15:33.691237"
"CMD-5E02CBE6DB7B",User1,approved,"2026-04-22T21:15:29.111362"
"CMD-6864B20B72F3",Admin1,approved,"2026-04-22T21:15:22.449432"
"CMD-FBD79607E46C",Admin1,approved,"2026-04-22T21:15:17.632621"
"CMD-1B2D117D8E15",Admin1,approved,"2026-04-22T21:15:12.798079"
"CMD-BBE00FCD4405",User1,approved,"2026-04-22T21:15:06.226079"
"CMD-1C9340ABB335",User1,approved,"2026-04-22T21:15:01.470909"
"CMD-FE35A093DE5E",Admin1,approved,"2026-04-22T21:14:54.670883"
"CMD-9ACA4643B1FF",User1,approved,"2026-04-22T21:14:47.679348"
"CMD-EAEDD7A3EF40",Admin1,approved,"2026-04-22T16:14:42.130263Z"
"CMD-4DAC1948981D",Admin1,approved,"2026-04-22T21:14:38.763241"
"CMD-E99535A502AC",Admin1,approved,"2026-04-22T21:14:34.061442"
"CMD-900DFF8738FF",User1,approved,"2026-04-22T21:14:27.607909"
"CMD-E8892961EE25",Admin1,approved,"2026-04-22T16:14:21.888131Z"
"CMD-9325FC35D179",Admin1,approved,"2026-04-22T21:14:18.585251"
"CMD-6DAD120198E4",User1,approved,"2026-04-22T21:14:12.001437"
"CMD-3E744039B5F9",Admin1,approved,"2026-04-22T21:14:05.512863"
"CMD-0C91577E4D56",Admin1,approved,"2026-04-22T21:14:00.980671"
"CMD-EB8D60AC9EF2",Admin1,approved,"2026-04-22T21:13:56.328979"
"CMD-AEDB54D98ED7",User1,approved,"2026-04-22T21:13:49.717799"
"CMD-B7CAF2406A0B",User1,approved,"2026-04-22T21:13:45.200714"
"CMD-EC001D74FC7D",User1,approved,"2026-04-22T21:13:40.731700"
"CMD-35E7BF966E96",Admin1,approved,"2026-04-22T16:13:35.139963Z"
"CMD-BD4C6BE20C75",Admin1,approved,"2026-04-22T21:13:31.747358"
"CMD-557CEC5356F3",Admin1,approved,"2026-04-22T21:13:26.150638"
"CMD-453B93B31E4A",Admin1,approved,"2026-04-22T16:13:22.639782Z"
"CMD-42009DA83321",User1,approved,"2026-04-22T21:13:17.362327"
"CMD-68E9F7C79F0E",Admin1,approved,"2026-04-22T21:13:10.823466"
"CMD-187BAE97836C",User1,approved,"2026-04-22T21:13:03.901213"
"CMD-ED2C75427D4A",User1,approved,"2026-04-22T21:12:59.249973"
"CMD-86B03DDF7F31",Admin1,approved,"2026-04-22T21:12:52.377557"
"CMD-4F8654E1DD1F",Admin1,approved,"2026-04-22T21:12:47.851638"
"CMD-3387ED0EAAE9",User1,approved,"2026-04-22T21:12:40.216304"
"CMD-7D3295FFAF86",Admin1,approved,"2026-04-22T16:12:36.685067Z"
"CMD-DE93888201E3",User1,approved,"2026-04-22T21:12:30.075021"
"CMD-3A3EBC038C25",Admin1,approved,"2026-04-22T16:12:26.598439Z"
"CMD-C311A982A402",User1,approved,"2026-04-22T21:12:20.713639"
"CMD-F29EFB9C2BAB",Admin1,approved,"2026-04-22T21:12:13.937996"
"CMD-0715B8A92323",Admin1,approved,"2026-04-22T21:12:09.386995"
"CMD-29A7FDB965A3",User1,approved,"2026-04-22T21:12:02.750018"
"CMD-B2CAA71051BE",User1,approved,"2026-04-22T21:11:58.069268"
"CMD-FB24F5189F9F",Admin1,approved,"2026-04-22T16:11:52.262108Z"
"CMD-985F1724DCDD",Admin1,approved,"2026-04-22T16:11:49.816794Z"
"CMD-54487F2C2D1D",Admin1,approved,"2026-04-22T21:11:46.567331"
"CMD-F9B5B8A85654",User1,approved,"2026-04-22T21:11:39.557173"
"CMD-7387F4CEA8E2",Admin1,approved,"2026-04-22T21:11:32.802327"
"CMD-7FBFA6BF5105",User1,approved,"2026-04-22T21:11:26.038308"
"CMD-14E8CC1700E5",User1,approved,"2026-04-22T21:11:19.756654"
"CMD-7FB088077392",Admin1,approved,"2026-04-22T16:11:16.032656Z"
"CMD-0B05E12DC5DE",User1,approved,"2026-04-22T21:11:09.437126"
"CMD-CF3CFB83E4E6",Admin1,approved,"2026-04-22T16:11:05.443869Z"
"CMD-F7A1A72B8D6D",User1,approved,"2026-04-22T21:11:00.006582"
"CMD-635D51CC4C37",User1,approved,"2026-04-22T21:10:55.318677"
"CMD-1986F1C37F0C",Admin1,approved,"2026-04-22T21:10:48.516600"
"CMD-96C9B0F1C88F",Admin1,approved,"2026-04-22T21:10:44.074856"
"CMD-561BDAC52CCB",Admin1,approved,"2026-04-22T21:10:38.573370"
"CMD-B1631AFB79CC",Admin1,approved,"2026-04-22T16:10:34.671222Z"
"CMD-A89C6112C35F",Admin1,approved,"2026-04-22T16:10:32.436865Z"
"CMD-0835ADACF833",User1,approved,"2026-04-22T21:10:27.120764"
"CMD-E02722DC59DB",User1,approved,"2026-04-22T21:10:22.491182"
"CMD-70DEDACBE91B",Admin1,approved,"2026-04-22T21:10:15.889421"
"CMD-C851826F99AE",Admin1,approved,"2026-04-22T21:10:11.454238"
"CMD-E35D54EEB98C",Admin1,approved,"2026-04-22T21:10:07.030701"
"CMD-F7217C35E254",Admin1,approved,"2026-04-22T21:10:02.553032"
"CMD-CEA2F0352733",User1,approved,"2026-04-22T21:09:56.049265"
"CMD-9BFEFD9E8660",Admin1,approved,"2026-04-22T16:09:50.517726Z"
"CMD-32CBDFE4D0ED",Admin1,approved,"2026-04-22T21:09:47.313222"
"CMD-A641DC274A51",Admin1,approved,"2026-04-22T21:09:42.879815"
"CMD-99C02A67E8AA",Admin1,approved,"2026-04-22T21:09:38.419275"
"CMD-42D47468A07A",Admin1,approved,"2026-04-22T21:09:32.735126"
"CMD-6C434DF78CAE",Admin1,approved,"2026-04-22T16:09:29.134997Z"
"CMD-80D0C26C036C",Admin1,approved,"2026-04-22T16:09:26.879280Z"
"CMD-E58C9F77A83B",User1,approved,"2026-04-22T21:09:21.576500"
"CMD-32D1D879AA9E",User1,approved,"2026-04-22T21:09:17.280857"
"CMD-3F7539281854",Admin1,approved,"2026-04-22T21:09:09.684262"
"CMD-2A12B0F9D56F",Admin1,approved,"2026-04-22T16:09:06.236964Z"
"CMD-90539ED8E985",Admin1,approved,"2026-04-22T21:09:01.839380"
"CMD-A88C96B86902",Admin1,approved,"2026-04-22T16:08:58.556413Z"
"CMD-0730445ABDB5",User1,approved,"2026-04-22T21:08:51.943321"
"CMD-F78F9BA248FD",Admin1,approved,"2026-04-22T16:08:48.598019Z"
"CMD-F9D00332C8C2",User1,approved,"2026-04-22T21:08:43.428699"
"CMD-F1252CFC3804",Admin1,approved,"2026-04-22T21:08:37.128553"
"CMD-51E2BD12EAAD",User1,approved,"2026-04-22T21:08:29.257128"
"CMD-FD10CBC4239B",Admin1,approved,"2026-04-22T16:08:25.819472Z"
"CMD-328F84DE9D7D",User1,approved,"2026-04-22T21:08:20.780783"
"CMD-BB7565FC13E5",Admin1,approved,"2026-04-22T16:08:15.152767Z"
"CMD-BD8244ED6121",Admin1,approved,"2026-04-22T16:08:13.080829Z"
"CMD-52D6FD184CF5",User1,approved,"2026-04-22T21:08:07.886452"
"CMD-DB25DF1018D9",User1,approved,"2026-04-22T21:08:03.456983"
"CMD-CE39A96786AF",Admin1,approved,"2026-04-22T16:07:58.019994Z"
"CMD-0ABC52200F71",Admin1,approved,"2026-04-22T21:07:54.997238"
"CMD-F3E70611F7EE",Admin1,approved,"2026-04-22T21:07:50.703042"
"CMD-145F91E3E674",Admin1,approved,"2026-04-22T21:07:46.392794"
"CMD-8DA2494A1E83",User1,approved,"2026-04-22T21:07:39.678031"
"CMD-2B481CE8BA0D",User1,approved,"2026-04-22T21:07:35.035656"
"CMD-25F47FBE5E35",User1,approved,"2026-04-22T21:07:30.479374"
"CMD-17024456C3BF",Admin1,approved,"2026-04-22T21:07:23.809195"
"CMD-04B0AD8CF9C4",User1,approved,"2026-04-22T21:07:16.817523"
"CMD-045D57EAB218",User1,approved,"2026-04-22T21:07:12.316520"
"CMD-FA3321CA0CBF",Admin1,approved,"2026-04-22T21:07:04.424582"
"CMD-D30308775E0A",Admin1,approved,"2026-04-22T16:07:00.831121Z"
"CMD-A837DEF8C02B",User1,approved,"2026-04-22T21:06:55.346957"
"CMD-942AC7A648F2",User1,approved,"2026-04-22T21:06:50.753240"
"CMD-AE8B9D1182D1",User1,approved,"2026-04-22T21:06:46.320514"
"CMD-46727690C682",Admin1,approved,"2026-04-22T21:06:39.713488"
"CMD-C0C3F4D5D53E",Admin1,approved,"2026-04-22T21:06:35.231932"
"CMD-E0940D2B890F",Admin1,approved,"2026-04-22T21:06:30.520340"
"CMD-0DC7BDF55836",User1,approved,"2026-04-22T21:06:23.832689"
"CMD-DE62FE6E2EE0",User1,approved,"2026-04-22T21:06:19.001438"
"CMD-1A3E0671B64E",User1,approved,"2026-04-22T21:06:14.490714"
"CMD-04829715E6AA",User1,approved,"2026-04-22T21:06:09.920430"
"CMD-DD593BA874A2",User1,approved,"2026-04-22T21:06:04.899309"
"CMD-34A9D11AA49A",User1,approved,"2026-04-22T21:06:00.089588"
"CMD-B2E1B5062E94",Admin1,approved,"2026-04-22T16:05:54.422971Z"
"CMD-1A6CD64E1287",Admin1,approved,"2026-04-22T21:05:51.164868"
"CMD-9A34C6AF6BC4",Admin1,approved,"2026-04-22T21:05:46.591101"
"CMD-232430ACA5F7",Admin1,approved,"2026-04-22T21:05:41.848655"
"CMD-6637D87095AF",User1,approved,"2026-04-22T21:05:33.912395"
"CMD-DE32C9E38D30",Admin1,approved,"2026-04-22T16:05:30.477258Z"
"CMD-F4B556AC1073",User1,approved,"2026-04-22T21:05:25.060644"
"CMD-43B5BB29AA11",Admin1,approved,"2026-04-22T21:05:18.620032"
"CMD-7DCF00273450",User1,approved,"2026-04-22T21:05:11.983461"
"CMD-C2AB5F35ED48",User1,approved,"2026-04-22T21:05:06.440848"
"CMD-76D2B6B6C5B9",Admin1,approved,"2026-04-22T16:05:03.058018Z"
"CMD-328A295A43CB",User1,approved,"2026-04-22T21:04:57.407269"
"CMD-8DAE0E14FB2B",Admin1,approved,"2026-04-22T21:04:50.551586"
"CMD-5550540A4785",User1,approved,"2026-04-22T21:04:43.967258"
"CMD-CB87977F546D",User1,approved,"2026-04-22T21:04:39.328739"
"CMD-D255C0B8E383",User1,approved,"2026-04-22T21:04:34.593901"
"CMD-2CF6B1493300",Admin1,approved,"2026-04-22T21:04:28.135857"
"CMD-94E7DC8FA29C",Admin1,approved,"2026-04-22T21:04:23.630179"
"CMD-ACA84C3DD00A",Admin1,approved,"2026-04-22T21:04:18.196630"
"CMD-35A40AD69F3A",Admin1,approved,"2026-04-22T16:04:14.518178Z"
"CMD-2C86348CDA1C",User1,approved,"2026-04-22T21:04:09.101715"
"CMD-D102C15E0DC1",User1,approved,"2026-04-22T21:04:04.633991"
"CMD-1C7B41788E32",User1,approved,"2026-04-22T21:04:00.049288"
"CMD-C16F05BF6F46",User1,approved,"2026-04-22T21:03:55.704369"
"CMD-004BEE8D6E8A",Admin1,approved,"2026-04-22T16:03:50.173574Z"
"CMD-C62F45634F05",Admin1,approved,"2026-04-22T16:03:47.852697Z"
"CMD-E8703C4CF8AE",User1,approved,"2026-04-22T21:03:42.108268"
"CMD-67F1BF71E5A2",User1,approved,"2026-04-22T21:03:37.504459"
"CMD-4554385A7549",Admin1,approved,"2026-04-22T21:03:29.768631"
"CMD-093A5CA556AE",Admin1,approved,"2026-04-22T16:03:26.195167Z"
"CMD-043F9FF888AE",Admin1,approved,"2026-04-22T21:03:22.846861"
"CMD-4376107FDD9E",Admin1,approved,"2026-04-22T21:03:18.067758"
"CMD-C88E13E2E785",User1,approved,"2026-04-22T21:03:11.556624"
"CMD-53F1A4678384",User1,approved,"2026-04-22T21:03:06.788154"
"CMD-2872DFD7CB68",User1,approved,"2026-04-22T21:03:02.282677"
"CMD-8FF45E463BBD",Admin1,approved,"2026-04-22T21:02:55.675871"
"CMD-C35062003D14",Admin1,approved,"2026-04-22T21:02:50.961589"
"CMD-E04A5DB2887B",User1,approved,"2026-04-22T21:02:44.520319"
"CMD-85A98DE20512",Admin1,approved,"2026-04-22T21:02:37.987525"
"CMD-1E0DEFD00BED",User1,approved,"2026-04-22T21:02:31.350461"
"CMD-21F9CBE7CB42",User1,approved,"2026-04-22T21:02:26.537435"
"CMD-AFDBD0D619C1",User1,approved,"2026-04-22T21:02:21.405097"
"CMD-CAD8D8DBCE1F",User1,approved,"2026-04-22T21:02:16.873213"
"CMD-9664435DCC75",Admin1,approved,"2026-04-22T21:02:09.627627"
"CMD-116848FD76E4",User1,approved,"2026-04-22T21:02:02.800719"
"CMD-7D3A0FAA2455",User1,approved,"2026-04-22T21:01:58.419744"
"CMD-ED3935807AB1",Admin1,approved,"2026-04-22T16:01:52.689442Z"
"CMD-18E4CADEFC0F",Admin1,approved,"2026-04-22T21:01:48.403133"
"CMD-EF4B53DDCC60",Admin1,approved,"2026-04-22T16:01:44.782381Z"
"CMD-C47DEA43B520",Admin1,approved,"2026-04-22T21:01:41.586724"
"CMD-5957047BE7C9",User1,approved,"2026-04-22T21:01:35.042290"
"CMD-58CCC07613B0",Admin1,approved,"2026-04-22T21:01:28.103207"
"CMD-069979EE909C",Admin1,approved,"2026-04-22T21:01:23.463983"
"CMD-C4F425B9FE33",User1,approved,"2026-04-22T21:01:16.478615"
"CMD-A1F0EB77671F",Admin1,approved,"2026-04-22T21:01:09.633337"
"CMD-26AE1400D45B",Admin1,approved,"2026-04-22T21:01:04.937792"
"CMD-B4AF5EAEB803",User1,approved,"2026-04-22T21:00:58.073298"
"CMD-E8599E0B480D",Admin1,approved,"2026-04-22T21:00:50.404458"
"CMD-83F977E199C0",Admin1,approved,"2026-04-22T16:00:46.451768Z"
"CMD-2EB5BB3B42D8",Admin1,approved,"2026-04-22T21:00:41.596735"
"CMD-6B930EC285B7",Admin1,approved,"2026-04-22T16:00:37.934271Z"
"CMD-02D8A2DD75CF",Admin1,approved,"2026-04-22T21:00:34.711136"
"CMD-7BE2D455B4E3",Admin1,approved,"2026-04-22T21:00:28.885595"
"CMD-5BDA6EB504A4",Admin1,approved,"2026-04-22T16:00:25.254520Z"
"CMD-068B79E26525",Admin1,approved,"2026-04-22T16:00:22.883386Z"
"CMD-87FE03D6276A",Admin1,approved,"2026-04-22T21:00:19.707937"
"CMD-560B782C5B74",User1,approved,"2026-04-22T21:00:13.208872"
"CMD-DAFAF9266545",User1,approved,"2026-04-22T21:00:08.660289"
"CMD-77290A53FAE4",User1,approved,"2026-04-22T21:00:04.242089"
"CMD-9EE21550C93E",User1,approved,"2026-04-22T20:59:59.770277"
"CMD-BA758D4C5572",User1,approved,"2026-04-22T20:59:55.327559"
"CMD-BAE7EECFE642",Admin1,approved,"2026-04-22T20:59:48.803283"
"CMD-C4182B8BEC53",Admin1,approved,"2026-04-22T20:59:44.413129"
"CMD-CEF0AA31372F",Admin1,approved,"2026-04-22T20:59:39.959024"
"CMD-CE1A9AA1E3ED",User1,approved,"2026-04-22T20:59:33.431744"
"CMD-D5EC30B7224C",User1,approved,"2026-04-22T20:59:28.984414"
"CMD-4C71F5ABE944",User1,approved,"2026-04-22T20:59:24.587175"
"CMD-1B91B44898DF",User1,approved,"2026-04-22T20:59:19.840751"
"CMD-316B6786F0E3",User1,approved,"2026-04-22T20:59:15.326526"
"CMD-09878A2E4986",Admin1,approved,"2026-04-22T20:59:07.849645"
"CMD-754F1ADC7ABA",Admin1,approved,"2026-04-22T15:59:03.916924Z"
"CMD-04CE7C49AC98",Admin1,approved,"2026-04-22T15:59:01.454702Z"
"CMD-2D1906DBF6C2",User1,approved,"2026-04-22T20:58:56.201187"
"CMD-29B3840A6902",User1,approved,"2026-04-22T20:58:51.471535"
"CMD-ECE0631E9CEA",Admin1,approved,"2026-04-22T15:58:45.363144Z"
"CMD-0A563A346588",User1,approved,"2026-04-22T20:58:39.919532"
"CMD-CEB982C77463",User1,approved,"2026-04-22T20:58:35.245938"
"CMD-6A21F0135ED9",Admin1,approved,"2026-04-22T20:58:27.620907"
"CMD-390DBA95FEBD",Admin1,approved,"2026-04-22T15:58:23.666893Z"
"CMD-8B55F1330B7B",Admin1,approved,"2026-04-22T20:58:20.171231"
"CMD-31D41DDB9731",User1,approved,"2026-04-22T20:58:13.221125"
"CMD-7C5AC7EE1796",Admin1,approved,"2026-04-22T20:58:06.437537"
"CMD-20B2C78EE8A9",User1,approved,"2026-04-22T20:57:59.908417"
"CMD-688492889122",User1,approved,"2026-04-22T20:57:55.519820"
"CMD-7CAE40F773FD",Admin1,approved,"2026-04-22T20:57:48.847833"
"CMD-88487878AA8C",User1,approved,"2026-04-22T20:57:42.303360"
"CMD-E840D0BD1326",User1,approved,"2026-04-22T20:57:37.732864"
"CMD-4637C7F78E23",User1,approved,"2026-04-22T20:57:33.081238"
"CMD-77B8A5D11568",User1,approved,"2026-04-22T20:57:28.308276"
"CMD-66F85980BBAB",Admin1,approved,"2026-04-22T20:57:21.574859"
"CMD-49529646F961",User1,approved,"2026-04-22T20:57:14.927086"
"CMD-397901D0D9AE",User1,approved,"2026-04-22T20:57:10.156276"
"CMD-D2AC29DF172F",Admin1,approved,"2026-04-22T20:57:03.505296"
"CMD-39C72E5F64EA",User1,approved,"2026-04-22T20:56:56.615876"
"CMD-63C9FDE8FF87",Admin1,approved,"2026-04-22T15:56:50.573184Z"
"CMD-6AFFD8C601E2",User1,approved,"2026-04-22T20:56:45.169262"
"CMD-BDD96C818828",User1,approved,"2026-04-22T20:56:40.327958"
"CMD-67BD59945F86",Admin1,approved,"2026-04-22T20:56:33.563790"
"CMD-5FD2755A71FE",User1,approved,"2026-04-22T20:56:26.600029"
"CMD-4A684C1AAFA9",Admin1,approved,"2026-04-22T15:56:20.742948Z"
"CMD-6CA13F9F5D3C",Admin1,approved,"2026-04-22T15:56:18.138219Z"
"CMD-176240C11094",Admin1,approved,"2026-04-22T20:56:14.802761"
"CMD-D814609AB480",Admin1,approved,"2026-04-22T20:56:10.212042"
"CMD-2BA481705B35",Admin1,approved,"2026-04-22T20:56:05.752734"
"CMD-1013094E3E13",User1,approved,"2026-04-22T20:55:59.135274"
"CMD-DF2B1328524A",User1,approved,"2026-04-22T20:55:54.711294"
"CMD-9BA4E42BDD2A",Admin1,approved,"2026-04-22T20:55:48.118994"
"CMD-5EE7C2E70F99",Admin1,approved,"2026-04-22T20:55:43.508180"
"CMD-B50373ADF90D",User1,approved,"2026-04-22T20:55:37.110839"
"CMD-2664D57B96CD",User1,approved,"2026-04-22T20:55:31.425365"
"CMD-3B653B64A16C",Admin1,approved,"2026-04-22T15:55:27.942093Z"
"CMD-C89D854B0399",User1,approved,"2026-04-22T20:55:22.740187"
"CMD-6C4661AFDDB4",User1,approved,"2026-04-22T20:55:18.179438"
"CMD-1434A6F91E84",User1,approved,"2026-04-22T20:55:13.639084"
"CMD-DF9880F1BB5B",User1,approved,"2026-04-22T20:55:09.222483"
"CMD-46948AAFF9D5",User1,approved,"2026-04-22T20:55:03.398796"
"CMD-2A2C66A1739D",Admin1,approved,"2026-04-22T15:54:59.878309Z"
"CMD-B3F10212A58F",User1,approved,"2026-04-22T20:54:54.349655"
"CMD-B57F7EE2DDED",User1,approved,"2026-04-22T20:54:49.652108"
"CMD-B36FF1453B7F",Admin1,approved,"2026-04-22T20:54:42.852541"
"CMD-EBBCEF2D7B2A",Admin1,approved,"2026-04-22T20:54:38.359945"
"CMD-CBBF014024B2",User1,approved,"2026-04-22T20:54:31.232891"
"CMD-244E460953E7",Admin1,approved,"2026-04-22T20:54:24.673562"
"CMD-C16E696E351E",Admin1,approved,"2026-04-22T20:54:19.792320"
"CMD-FFF4D3A177E9",Admin1,approved,"2026-04-22T15:54:15.614157Z"
"CMD-5ABCD1B5730D",Admin1,approved,"2026-04-22T20:54:11.133181"
"CMD-06AF737D0B96",Admin1,approved,"2026-04-22T15:54:07.610911Z"
"CMD-E6798EDD254A",Admin1,approved,"2026-04-22T15:54:05.351523Z"
"CMD-C1933D489E72",User1,approved,"2026-04-22T20:53:59.870878"
"CMD-756DA81BED49",User1,approved,"2026-04-22T20:53:55.391594"
"CMD-00200F4A2D18",Admin1,approved,"2026-04-22T20:53:48.966264"
"CMD-287128649681",Admin1,approved,"2026-04-22T20:53:44.314521"
"CMD-7EF7C7ED9ADD",Admin1,approved,"2026-04-22T20:53:39.850090"
"CMD-176C29463823",User1,approved,"2026-04-22T20:53:33.366211"
"CMD-8EE5CC6C1F48",User1,approved,"2026-04-22T20:53:28.892618"
"CMD-DDC7A0BEFCDA",Admin1,approved,"2026-04-22T20:53:22.277063"
"CMD-82904A99E3E2",User1,approved,"2026-04-22T20:53:15.609591"
"CMD-D10F57B58757",Admin1,approved,"2026-04-22T15:53:09.621362Z"
"CMD-F97927CC6E04",Admin1,approved,"2026-04-22T20:53:04.901532"
"CMD-B7AF10EEF0D7",Admin1,approved,"2026-04-22T15:53:01.263087Z"
"CMD-A2D0183EDD9A",Admin1,approved,"2026-04-22T20:52:57.984609"
"CMD-8D3B38AA120A",User1,approved,"2026-04-22T20:52:51.211862"
"CMD-541D2E9CDE8E",User1,approved,"2026-04-22T20:52:45.278648"
"CMD-3EA25D29E9F2",Admin1,approved,"2026-04-22T15:52:41.637173Z"
"CMD-D864C40CCC83",User1,approved,"2026-04-22T20:52:36.399859"
"CMD-9AC7C5E622C7",User1,approved,"2026-04-22T20:52:30.690124"
"CMD-4C8490E87126",Admin1,approved,"2026-04-22T15:52:27.154868Z"
"CMD-CCC0EA9D6612",User1,approved,"2026-04-22T20:52:20.399306"
"CMD-E1D3E9E69CB3",Admin1,approved,"2026-04-22T15:52:16.901756Z"
"CMD-EE66B2F6F6BB",User1,approved,"2026-04-22T20:52:11.477462"
"CMD-7C86CE9B95C6",User1,approved,"2026-04-22T20:52:07.150121"
"CMD-B20210A98AD2",User1,approved,"2026-04-22T20:52:02.595653"
"CMD-9F6944DBFE67",Admin1,approved,"2026-04-22T15:51:57.215590Z"
"CMD-5C6A9ED55B56",Admin1,approved,"2026-04-22T20:51:52.745674"
"CMD-D056977D0CA4",Admin1,approved,"2026-04-22T15:51:49.511718Z"
"CMD-CF29B08B001C",User1,approved,"2026-04-22T20:51:44.357281"
"CMD-AB191F3C0690",Admin1,approved,"2026-04-22T20:51:38.026830"
"CMD-F262324032DB",User1,approved,"2026-04-22T20:51:31.699634"
"CMD-5FF4281BC5A5",Admin1,approved,"2026-04-22T20:51:25.207614"
"CMD-2E4CE785DEE6",Admin1,approved,"2026-04-22T20:51:20.046543"
"CMD-52BB61487A6F",Admin1,approved,"2026-04-22T20:51:15.672860"
"CMD-F9CC3C93FCBF",Admin1,approved,"2026-04-22T20:51:11.316595"
"CMD-E235503B9C0D",User1,approved,"2026-04-22T20:51:05.014067"
"CMD-8EFFEE1A9177",Admin1,approved,"2026-04-22T20:50:58.372575"
"CMD-E8DA411FC926",User1,approved,"2026-04-22T20:50:51.971384"
"CMD-E5496754EDA3",User1,approved,"2026-04-22T20:50:47.744970"
"CMD-6DE6F5C47F69",User1,approved,"2026-04-22T20:50:42.041402"
"CMD-FEFD77E91FC2",Admin1,approved,"2026-04-22T15:50:38.679928Z"
"CMD-64C3571E40D3",User1,approved,"2026-04-22T20:50:33.578391"
"CMD-B78090A6364C",Admin1,approved,"2026-04-22T20:50:27.215606"
"CMD-EBFE29626475",Admin1,approved,"2026-04-22T20:50:21.629450"
"CMD-611FBD66CFD7",Admin1,approved,"2026-04-22T15:50:17.995769Z"
"CMD-A6FD4B4A3AED",Admin1,approved,"2026-04-22T20:50:14.677859"
"CMD-F742D6211DA2",User1,approved,"2026-04-22T20:50:08.185508"
"CMD-230417E45293",Admin1,approved,"2026-04-22T20:50:01.496487"
"CMD-B16FD59A90D1",User1,approved,"2026-04-22T20:49:54.969864"
"CMD-7979B152A32D",Admin1,approved,"2026-04-22T15:49:49.303850Z"
"CMD-01168E62E7E6",Admin1,approved,"2026-04-22T15:49:46.984453Z"
"CMD-BDFA209C98C9",User1,approved,"2026-04-22T20:49:41.593347"
"CMD-C9E78774BB49",Admin1,approved,"2026-04-22T15:49:35.816422Z"
"CMD-93B700854994",Admin1,approved,"2026-04-22T15:49:33.365023Z"
"CMD-464510D3D9F8",Admin1,approved,"2026-04-22T15:49:31.056915Z"
"CMD-421D1797E077",Admin1,approved,"2026-04-22T20:49:27.865414"
"CMD-EC62BA471A56",User1,approved,"2026-04-22T20:49:21.193571"
"CMD-E51A5F8FA7BE",User1,approved,"2026-04-22T20:49:16.813052"
"CMD-86652C9B0AA6",User1,approved,"2026-04-22T20:49:12.287082"
"CMD-28D17FAFA05E",User1,approved,"2026-04-22T20:49:07.753388"
"CMD-A3F24E019657",Admin1,approved,"2026-04-22T20:49:01.272144"
"CMD-86E42F08BFFD",Admin1,approved,"2026-04-22T20:48:56.657360"
"CMD-6052FBFC8F86",User1,approved,"2026-04-22T20:48:49.642307"
"CMD-CF392A9D6D6B",Admin1,approved,"2026-04-22T20:48:43.199110"
"CMD-6C0D554F0D93",User1,approved,"2026-04-22T20:48:36.603622"
"CMD-C5E7FA73255D",User1,approved,"2026-04-22T20:48:32.019152"
"CMD-5B7B891737F4",User1,approved,"2026-04-22T20:48:27.462284"
"CMD-523154FEAF65",Admin1,approved,"2026-04-22T15:48:21.939076Z"
"CMD-164D04C1AFC9",Admin1,approved,"2026-04-22T15:48:19.622346Z"
"CMD-0EF08576C4B4",User1,approved,"2026-04-22T20:48:14.186138"
"CMD-B1FE559C7144",Admin1,approved,"2026-04-22T20:48:07.497038"
"CMD-13F440EA9334",Admin1,approved,"2026-04-22T20:48:02.825260"
"CMD-DD3303785385",User1,approved,"2026-04-22T20:47:55.873241"
"CMD-2C2A8BB0DCDE",User1,approved,"2026-04-22T20:47:51.359253"
"CMD-2E9505999049",User1,approved,"2026-04-22T20:47:45.504559"
"CMD-81C1AE770661",Admin1,approved,"2026-04-22T15:47:41.807362Z"
"CMD-B390CE71EB50",User1,approved,"2026-04-22T20:47:36.250094"
"CMD-126C43DFD253",Admin1,approved,"2026-04-22T20:47:28.509023"
"CMD-A1E5A8477A3C",Admin1,approved,"2026-04-22T15:47:24.568336Z"
"CMD-9C09BE30675A",User1,approved,"2026-04-22T20:47:19.117326"
"CMD-EF984259B6AB",User1,approved,"2026-04-22T20:47:14.505949"
"CMD-F12387CB2FE4",User1,approved,"2026-04-22T20:47:08.863640"
"CMD-8A820F23E2BC",Admin1,approved,"2026-04-22T15:47:04.996151Z"
"CMD-240C4900F6F7",User1,approved,"2026-04-22T20:46:59.561431"
"CMD-C9E3F8A8FF81",User1,approved,"2026-04-22T20:46:54.751369"
"CMD-F37B67412B7A",Admin1,approved,"2026-04-22T20:46:47.283509"
"CMD-FA1561501C4F",Admin1,approved,"2026-04-22T15:46:43.459365Z"
"CMD-630665E63E1A",Admin1,approved,"2026-04-22T20:46:38.993669"
"CMD-ED3B56A75D5E",Admin1,approved,"2026-04-22T15:46:35.486443Z"
"CMD-2BB0C6517887",User1,approved,"2026-04-22T20:46:30.205540"
"CMD-823EB93381BC",Admin1,approved,"2026-04-22T15:46:24.620664Z"
"CMD-9EEB1B65140C",Admin1,approved,"2026-04-22T15:46:22.392598Z"
"CMD-A274688EF81B",Admin1,approved,"2026-04-22T20:46:17.073453"
"CMD-BF10DF6ACA3C",Admin1,approved,"2026-04-22T15:46:13.554671Z"
"CMD-6B9BB73A97C9",User1,approved,"2026-04-22T20:46:08.188096"
"CMD-6D76F6D723D7",User1,approved,"2026-04-22T20:46:03.640915"
"CMD-0C12A8C8FC07",User1,approved,"2026-04-22T20:45:58.599750"
"CMD-A42DDF50A240",Admin1,approved,"2026-04-22T15:45:53.017376Z"
"CMD-FEA3E7E3523A",Admin1,approved,"2026-04-22T15:45:50.586854Z"
"CMD-5675B90BA376",User1,approved,"2026-04-22T20:45:45.360647"
"CMD-63BAC74A70C8",User1,approved,"2026-04-22T20:45:40.778918"
"CMD-B1B2035EF7E3",Admin1,approved,"2026-04-22T20:45:32.527443"
"CMD-6E99DDC32640",User1,approved,"2026-04-22T20:45:25.845848"
"CMD-7CE6B2E0BADA",User1,approved,"2026-04-22T20:45:21.446591"
"CMD-ADE0BBB90EFB",Admin1,approved,"2026-04-22T15:45:15.957153Z"
"CMD-407776051461",Admin1,approved,"2026-04-22T20:45:12.618578"
"CMD-D2D30794BC7D",User1,approved,"2026-04-22T20:45:06.119796"
"CMD-0270FEC40BCD",User1,approved,"2026-04-22T20:45:01.492644"
"CMD-12824E5198FE",User1,approved,"2026-04-22T20:44:57.004415"
"CMD-CC4AE68E52CD",User1,approved,"2026-04-22T20:44:51.658921"
"CMD-59E0528B7F80",Admin1,approved,"2026-04-22T15:44:46.009527Z"
"CMD-E9E630F73ADE",Admin1,approved,"2026-04-22T15:44:43.753855Z"
"CMD-BEE662BD2DD5",Admin1,approved,"2026-04-22T20:44:39.363645"
"CMD-1B2BC4D9694B",Admin1,approved,"2026-04-22T15:44:35.717176Z"
"CMD-638CAD5D7E6A",Admin1,approved,"2026-04-22T20:44:31.285846"
"CMD-68B61ED6DDDE",Admin1,approved,"2026-04-22T15:44:27.904195Z"
"CMD-60277B9F1496",User1,approved,"2026-04-22T20:44:22.448860"
"CMD-674ADC1A6D20",User1,approved,"2026-04-22T20:44:16.280658"
"CMD-50038CC916C2",Admin1,approved,"2026-04-22T15:44:12.727797Z"
"CMD-0438A1D776BC",User1,approved,"2026-04-22T20:44:07.426715"
"CMD-D3D2ED8229CA",User1,approved,"2026-04-22T20:44:02.830466"
"CMD-65A29C7C475B",User1,approved,"2026-04-22T20:43:58.238680"
"CMD-A7FD27E9539B",User1,approved,"2026-04-22T20:43:53.727201"
"CMD-CAF8D91532C3",User1,approved,"2026-04-22T20:43:49.184293"
"CMD-4E8AF99DD041",User1,approved,"2026-04-22T20:43:44.791937"
"CMD-02A2E499D06C",Admin1,approved,"2026-04-22T20:43:38.328871"
"CMD-22DD7A72BDB2",Admin1,approved,"2026-04-22T20:43:32.287977"
"CMD-F1929BEC1697",Admin1,approved,"2026-04-22T15:43:28.691635Z"
"CMD-2217CF80E163",User1,approved,"2026-04-22T20:43:23.390597"
"CMD-B991B8F26669",Admin1,approved,"2026-04-22T15:43:17.806312Z"
"CMD-47F3C1A09FA1",Admin1,approved,"2026-04-22T20:43:13.607030"
"CMD-4E34DE8BABDD",Admin1,approved,"2026-04-22T15:43:09.976955Z"
"CMD-AC6E94A7ECA6",Admin1,approved,"2026-04-22T20:43:06.854658"
"CMD-FE36D079DC39",User1,approved,"2026-04-22T20:43:00.154143"
"CMD-89F071E699B9",Admin1,approved,"2026-04-22T15:42:54.561625Z"
"CMD-973B59BAEE2A",Admin1,approved,"2026-04-22T15:42:52.216576Z"
"CMD-0C9F549EE6C2",Admin1,approved,"2026-04-22T20:42:49.083594"
"CMD-BFBC8CE6A738",User1,approved,"2026-04-22T20:42:42.611870"
"CMD-359C9EBB7268",User1,approved,"2026-04-22T20:42:37.991197"
"CMD-ABFDC4530394",Admin1,approved,"2026-04-22T20:42:31.536362"
"CMD-D04E7685C23F",Admin1,approved,"2026-04-22T20:42:27.054124"
"CMD-0451035422C6",Admin1,approved,"2026-04-22T20:42:21.233560"
"CMD-B13921D1DD6D",Admin1,approved,"2026-04-22T15:42:17.527635Z"
"CMD-BF5BD4537C56",Admin1,approved,"2026-04-22T20:42:14.254124"
"CMD-54F8A2456944",User1,approved,"2026-04-22T20:42:05.058147"
"CMD-94EDF11A885A",Admin1,approved,"2026-04-22T15:42:01.242338Z"
"CMD-5DDCE6B8CA51",User1,approved,"2026-04-22T20:41:53.271074"
"CMD-F382F2F47E86",Admin1,approved,"2026-04-22T15:41:49.615763Z"
"CMD-2BD7E30EA031",User1,approved,"2026-04-22T20:41:43.902108"
"CMD-B8D4AEDA4760",User1,approved,"2026-04-22T20:41:39.142138"
"CMD-B701E0E73E74",Admin1,approved,"2026-04-22T15:41:32.992939Z"
"CMD-BE1E1D0F7314",Admin1,approved,"2026-04-22T15:41:30.599105Z"
"CMD-B8897FD6DDA9",User1,approved,"2026-04-22T20:41:23.611510"
"CMD-A058EFDFC0F3",Admin1,approved,"2026-04-22T15:41:20.136922Z"
"CMD-4D5CEDAAF9E1",User1,approved,"2026-04-22T20:41:14.277101"
"CMD-F57A09D3101A",User1,approved,"2026-04-22T20:41:09.759192"
"CMD-E549064427AE",User1,approved,"2026-04-22T20:41:05.281730"
"CMD-BE78E07B707E",User1,approved,"2026-04-22T20:41:00.640734"
"CMD-FA33DFF158BE",User1,approved,"2026-04-22T20:40:56.004017"
"CMD-CB7BBEE5E287",User1,approved,"2026-04-22T20:40:51.347166"
"CMD-68E910F7B48B",Admin1,approved,"2026-04-22T20:40:44.350992"
"CMD-0F684CE5A75C",Admin1,approved,"2026-04-22T20:40:39.812506"
"CMD-3CF0466C45F6",Admin1,approved,"2026-04-22T20:40:34.916607"
"CMD-ED414A4A1214",User1,approved,"2026-04-22T20:40:27.224337"
"CMD-DDC1F84AB54F",Admin1,approved,"2026-04-22T15:40:23.554611Z"
"CMD-D214418F8428",User1,approved,"2026-04-22T20:40:18.331378"
"CMD-B1C9D1D19293",User1,approved,"2026-04-22T20:40:13.920500"
"CMD-18A0F038911F",User1,approved,"2026-04-22T20:40:08.090230"
"CMD-F879A000F5AD",Admin1,approved,"2026-04-22T15:40:04.582644Z"
"CMD-674E7FDEF3E6",User1,approved,"2026-04-22T20:39:58.715273"
"CMD-B383A33B3DAC",User1,approved,"2026-04-22T20:39:54.134950"
"CMD-C9083D35E017",Admin1,approved,"2026-04-22T20:39:47.357309"
"CMD-AAC6C9CCFEF2",Admin1,approved,"2026-04-22T20:39:42.884851"
"CMD-0A48E2C62B69",User1,approved,"2026-04-22T20:39:36.469755"
"CMD-732410D08B5F",User1,approved,"2026-04-22T20:39:31.708050"
"CMD-904E78F1B550",User1,approved,"2026-04-22T20:39:27.073466"
"CMD-B734213475C4",User1,approved,"2026-04-22T20:39:22.419039"
"CMD-A7A67A8B4283",User1,approved,"2026-04-22T20:39:17.869693"
"CMD-E90468BF3BCE",User1,approved,"2026-04-22T20:39:13.159966"
"CMD-91FFF9CA96BF",User1,approved,"2026-04-22T20:39:08.555528"
"CMD-E334B54D70B4",User1,approved,"2026-04-22T20:39:04.074890"
"CMD-D298BC82EBB3",Admin1,approved,"2026-04-22T20:38:56.363030"
"CMD-A1D3EEF611F6",Admin1,approved,"2026-04-22T15:38:52.748680Z"
"CMD-4AF381287D13",User1,approved,"2026-04-22T20:38:47.318325"
"CMD-4B751B4FEB90",User1,approved,"2026-04-22T20:38:42.588401"
"CMD-8A2B2D6AE8EF",User1,approved,"2026-04-22T20:38:38.038060"
"CMD-C3DFB7AD553D",User1,approved,"2026-04-22T20:38:33.614950"
"CMD-C14710A817F8",User1,approved,"2026-04-22T20:38:28.820758"
"CMD-2343D2785A44",Admin1,approved,"2026-04-22T20:38:21.265428"
"CMD-A5826EF8376D",Admin1,approved,"2026-04-22T15:38:17.592130Z"
"CMD-5898BD76811D",Admin1,approved,"2026-04-22T20:38:14.285424"
"CMD-4E6C01DBCB35",Admin1,approved,"2026-04-22T20:38:09.608807"
"CMD-8E34A6FD3D51",Admin1,approved,"2026-04-22T20:38:04.527692"
"CMD-23C33D315829",User1,approved,"2026-04-22T20:37:57.498728"
"CMD-3A334867EB4F",User1,approved,"2026-04-22T20:37:51.879874"
"CMD-653AB0670B3E",User1,approved,"2026-04-22T20:37:47.432415"
"CMD-6C9E2079A970",User1,approved,"2026-04-22T20:37:41.802177"
"CMD-849BBED3786B",Admin1,approved,"2026-04-22T15:37:38.274516Z"
"CMD-C2E555BA675E",User1,approved,"2026-04-22T20:37:32.989118"
"CMD-1F7DB3A86C3A",Admin1,approved,"2026-04-22T20:37:26.447355"
"CMD-566851ACEA33",User1,approved,"2026-04-22T20:37:19.542923"
"CMD-793E764283E7",User1,approved,"2026-04-22T20:37:15.005703"
"CMD-6E750C22A726",Admin1,approved,"2026-04-22T20:37:07.250515"
"CMD-98A6285D3A39",Admin1,approved,"2026-04-22T15:37:03.177430Z"
"CMD-8DB852F77F6A",User1,approved,"2026-04-22T20:36:57.708742"
"CMD-5AC1328FAB31",Admin1,approved,"2026-04-22T20:36:50.747087"
"CMD-FFB2E3668034",User1,approved,"2026-04-22T20:36:44.085041"
"CMD-C3B314449FD1",User1,approved,"2026-04-22T20:36:39.062760"
"CMD-F7662518ECA6",User1,approved,"2026-04-22T20:36:34.439693"
"CMD-648C7218BCBA",Admin1,approved,"2026-04-22T15:36:28.630528Z"
"CMD-5769731879D2",Admin1,approved,"2026-04-22T20:36:25.320846"
"CMD-60415CC50263",User1,approved,"2026-04-22T20:36:18.590395"
"CMD-1FFCEA4B216D",User1,approved,"2026-04-22T20:36:13.910789"
"CMD-D96040566E0A",User1,approved,"2026-04-22T20:36:09.553942"
"CMD-94B20E05C1AC",Admin1,approved,"2026-04-22T20:36:03.062929"
"CMD-908857186747",User1,approved,"2026-04-22T20:35:56.532318"
"CMD-FFAA072E8173",User1,approved,"2026-04-22T20:35:51.931791"
"CMD-D02A813C3EFF",Admin1,approved,"2026-04-22T20:35:44.313915"
"CMD-63176CB4DB8D",Admin1,approved,"2026-04-22T15:35:40.543734Z"
"CMD-F84281E7204F",Admin1,approved,"2026-04-22T15:35:38.179703Z"
"CMD-26FB6CF427B9",User1,approved,"2026-04-22T20:35:32.821674"
"CMD-2403A8BCE0FC",User1,approved,"2026-04-22T20:35:28.250281"
"CMD-D8C93725386D",User1,approved,"2026-04-22T20:35:23.572187"
"CMD-876E046F4538",Admin1,approved,"2026-04-22T20:35:15.917499"
"CMD-DACEBB8258DC",Admin1,approved,"2026-04-22T15:35:12.384902Z"
"CMD-528572D04787",User1,approved,"2026-04-22T20:35:07.308369"
"CMD-68F163723608",Admin1,approved,"2026-04-22T20:35:00.782120"
"CMD-7F0A975529C2",User1,approved,"2026-04-22T20:34:54.389721"
"CMD-ECC8C324B7C6",User1,approved,"2026-04-22T20:34:48.805926"
"CMD-9CB3958BD8AC",Admin1,approved,"2026-04-22T15:34:45.245815Z"
"CMD-347DA1469783",User1,approved,"2026-04-22T20:34:40.149594"
"CMD-693329B27837",Admin1,approved,"2026-04-22T20:34:33.717699"
"CMD-C1D73A94D50A",User1,approved,"2026-04-22T20:34:27.193879"
"CMD-9CB2A782570F",User1,approved,"2026-04-22T20:34:22.722084"
"CMD-7AD5458EC0F3",User1,approved,"2026-04-22T20:34:18.429317"
"CMD-FC14348F7035",Admin1,approved,"2026-04-22T20:34:12.188162"
"CMD-B198E5D19252",User1,approved,"2026-04-22T20:34:05.473183"
"CMD-A1854895EA91",User1,approved,"2026-04-22T20:34:01.235189"
"CMD-61D39432D02D",Admin1,approved,"2026-04-22T20:33:54.871916"
"CMD-1A211AFD2F0D",User1,approved,"2026-04-22T20:33:48.546753"
"CMD-F46783BD592B",User1,approved,"2026-04-22T20:33:44.065135"
"CMD-081488AAFBB3",Admin1,approved,"2026-04-22T20:33:36.258544"
"CMD-A3FFFA865364",Admin1,approved,"2026-04-22T15:33:32.884498Z"
"CMD-7BAC71E7D6F6",Admin1,approved,"2026-04-22T15:33:30.653329Z"
"CMD-FEDC1B6BF2E6",Admin1,approved,"2026-04-22T20:33:27.306827"
"CMD-2E7154519178",User1,approved,"2026-04-22T20:33:20.507304"
"CMD-48CB57648A65",User1,approved,"2026-04-22T20:33:15.952199"
"CMD-E8E8608AF907",Admin1,approved,"2026-04-22T20:33:09.369812"
"CMD-BCA1252B9FF9",User1,approved,"2026-04-22T20:33:02.893396"
"CMD-544228B90740",User1,approved,"2026-04-22T20:32:58.425319"
"CMD-389863B7C5C1",User1,approved,"2026-04-22T20:32:53.838695"
"CMD-B9FA93972DCE",Admin1,approved,"2026-04-22T20:32:47.197902"
"CMD-7FE089539256",Admin1,approved,"2026-04-22T20:32:42.557982"
"CMD-61B4BB89A6E4",User1,approved,"2026-04-22T20:32:35.916793"
"CMD-C555A8B1BD91",Admin1,approved,"2026-04-22T20:32:28.221921"
"CMD-8FB9E0BCF4FE",Admin1,approved,"2026-04-22T15:32:24.701180Z"
"CMD-D612E4CB428E",User1,approved,"2026-04-22T20:32:17.870406"
"CMD-8D7ABB7A2001",Admin1,approved,"2026-04-22T15:32:14.354560Z"
"CMD-F207A8C50524",User1,approved,"2026-04-22T20:32:08.932755"
"CMD-62BC6B71C318",User1,approved,"2026-04-22T20:32:04.452392"
"CMD-083A791FC394",Admin1,approved,"2026-04-22T20:31:57.897864"
"CMD-E079CB646B1B",User1,approved,"2026-04-22T20:31:51.062388"
"CMD-7AB0C663F4CF",User1,approved,"2026-04-22T20:31:46.604068"
"CMD-2032C9F8C13B",User1,approved,"2026-04-22T20:31:41.928387"
"CMD-3DF7798C6914",User1,approved,"2026-04-22T20:31:37.452799"
"CMD-83DDDDFED675",User1,approved,"2026-04-22T20:31:33.047779"
"CMD-F439A2B083B8",User1,approved,"2026-04-22T20:31:27.933289"
"CMD-4E0EB1DEDDF9",User1,approved,"2026-04-22T20:31:22.489643"
"CMD-60DB8EBFC05E",Admin1,approved,"2026-04-22T15:31:18.692725Z"
"CMD-21EB307BB847",User1,approved,"2026-04-22T20:31:12.567785"
"CMD-00E580DB2B92",Admin1,approved,"2026-04-22T20:31:06.107340"
"CMD-E1151C77BD14",User1,approved,"2026-04-22T20:30:59.618897"
"CMD-2E15F970FD40",Admin1,approved,"2026-04-22T20:30:52.706262"
"CMD-FE3653C6BAC5",User1,approved,"2026-04-22T20:30:46.037714"
"CMD-564F6E367419",Admin1,approved,"2026-04-22T15:30:40.478836Z"
"CMD-4E0E572944C7",Admin1,approved,"2026-04-22T20:30:35.908548"
"CMD-94B645D6DEDC",Admin1,approved,"2026-04-22T15:30:32.485372Z"
"CMD-9800A0194BB9",Admin1,approved,"2026-04-22T20:30:28.038781"
"CMD-B4604E6F4132",Admin1,approved,"2026-04-22T15:30:24.315250Z"
"CMD-92808713DA8A",Admin1,approved,"2026-04-22T20:30:19.863640"
"CMD-E6F733DB6536",Admin1,approved,"2026-04-22T15:30:16.166451Z"
"CMD-400A5B7A19EE",Admin1,approved,"2026-04-22T15:30:13.686057Z"
"CMD-183201F31F87",Admin1,approved,"2026-04-22T20:30:10.199991"
"CMD-848EF80C1B01",User1,approved,"2026-04-22T20:30:03.477562"
"CMD-3611F0BA1C2E",User1,approved,"2026-04-22T20:29:58.298153"
"CMD-909A476EE10C",User1,approved,"2026-04-22T20:29:53.819765"
"CMD-4C61EA4D38CF",User1,approved,"2026-04-22T20:29:49.030855"
"CMD-A1FA02C32D27",Admin1,approved,"2026-04-22T20:29:42.311122"
"CMD-A9CD82D9FED2",User1,approved,"2026-04-22T20:29:34.564821"
"CMD-DA69A5C3EE15",Admin1,approved,"2026-04-22T15:29:31.027478Z"
"CMD-51E0DF6CBC63",User1,approved,"2026-04-22T20:29:25.676684"
"CMD-655F3C5DB293",Admin1,approved,"2026-04-22T20:29:19.104192"
"CMD-175E7189F519",Admin1,approved,"2026-04-22T20:29:13.255979"
"CMD-92DCEEA05221",Admin1,approved,"2026-04-22T15:29:09.619796Z"
"CMD-8CA51959E1C5",User1,approved,"2026-04-22T20:29:04.162454"
"CMD-D558A04996A9",Admin1,approved,"2026-04-22T20:28:57.820538"
"CMD-1BEC4B392A2B",User1,approved,"2026-04-22T20:28:49.815194"
"CMD-0E0A069656F7",Admin1,approved,"2026-04-22T15:28:46.401924Z"
"CMD-16D1A876F971",User1,approved,"2026-04-22T20:28:41.055696"
"CMD-40D99D6030C9",Admin1,approved,"2026-04-22T20:28:34.450959"
"CMD-DD7C8A0E8970",User1,approved,"2026-04-22T20:28:27.776317"
"CMD-B9A331A993D8",User1,approved,"2026-04-22T20:28:23.134816"
"CMD-D981B592F30A",Admin1,approved,"2026-04-22T15:28:17.550412Z"
"CMD-70367434CB7E",Admin1,approved,"2026-04-22T20:28:14.234116"
"CMD-9369E7A4521B",User1,approved,"2026-04-22T20:28:07.648026"
"CMD-FE007D7D2BDC",Admin1,approved,"2026-04-22T15:28:01.987490Z"
"CMD-1861C2CBA9EA",Admin1,approved,"2026-04-22T20:27:58.741688"
"CMD-011E1A4823A0",User1,approved,"2026-04-22T20:27:52.114566"
"CMD-E334DB41080E",User1,approved,"2026-04-22T20:27:47.357045"
"CMD-4FE6AB292B6F",Admin1,approved,"2026-04-22T20:27:39.736643"
"CMD-33D8130095D6",Admin1,approved,"2026-04-22T15:27:35.890101Z"
"CMD-871E72B71DB9",Admin1,approved,"2026-04-22T20:27:32.154014"
"CMD-6C2D93DDA149",User1,approved,"2026-04-22T20:27:25.077654"
"CMD-DAD3DAB3D46C",Admin1,approved,"2026-04-22T20:27:18.086481"
"CMD-C065249DAF0C",User1,approved,"2026-04-22T20:27:11.567221"
"CMD-E2068EE87C35",User1,approved,"2026-04-22T20:27:06.970372"
"CMD-83B9A4D52D1F",User1,approved,"2026-04-22T20:27:02.199114"
"CMD-D947C275392B",User1,approved,"2026-04-22T20:26:57.545100"
"CMD-8E7CC81C471D",Admin1,approved,"2026-04-22T20:26:49.836979"
"CMD-5F2E8DEA27F2",Admin1,approved,"2026-04-22T15:26:46.452711Z"
"CMD-4343FA100FD9",User1,approved,"2026-04-22T20:26:41.034351"
"CMD-6BFC0FB09688",User1,approved,"2026-04-22T20:26:36.528201"
"CMD-8095CD4730AC",User1,approved,"2026-04-22T20:26:32.003213"
"CMD-427FD7C063B9",Admin1,approved,"2026-04-22T20:26:24.195758"
"CMD-2E0BBBAA6849",Admin1,approved,"2026-04-22T15:26:20.503424Z"
"CMD-4C151BC9D4C2",Admin1,approved,"2026-04-22T15:26:18.283932Z"
"CMD-17B0B4B2AACC",Admin1,approved,"2026-04-22T15:26:16.235560Z"
"CMD-343946B038E9",Admin1,approved,"2026-04-22T15:26:14.190862Z"
"CMD-7156DA751506",Admin1,approved,"2026-04-22T20:26:11.076815"
"CMD-1F6519BC8814",Admin1,approved,"2026-04-22T20:26:05.456569"
"CMD-670A29B99B57",Admin1,approved,"2026-04-22T15:26:01.977025Z"
"CMD-D91E0BAC1755",Admin1,approved,"2026-04-22T20:25:58.950334"
"CMD-7FBAA447533A",User1,approved,"2026-04-22T20:25:52.718631"
"CMD-917DCC689657",User1,approved,"2026-04-22T20:25:48.520693"
"CMD-B58FCE53244C",User1,approved,"2026-04-22T20:25:44.321864"
"CMD-2FB395BEFBCD",User1,approved,"2026-04-22T20:25:40.001080"
"CMD-A0F4F80B77AF",Admin1,approved,"2026-04-22T20:25:33.719445"
"CMD-AB5528379914",Admin1,approved,"2026-04-22T20:25:28.150681"
"CMD-B2AC74E5AB7D",Admin1,approved,"2026-04-22T15:25:24.801870Z"
"CMD-75529CD210EB",User1,approved,"2026-04-22T20:25:19.769517"
"CMD-91C3721F49A6",User1,approved,"2026-04-22T20:25:15.470836"
"CMD-623F8B3B84B0",User1,approved,"2026-04-22T20:25:11.124075"
"CMD-97B34AA8BEFD",Admin1,approved,"2026-04-22T15:25:05.903294Z"
"CMD-FC4DDB34AD19",Admin1,approved,"2026-04-22T20:25:02.522639"
"CMD-23321A25E457",Admin1,approved,"2026-04-22T20:24:58.022220"
"CMD-260C9ED91653",User1,approved,"2026-04-22T20:24:51.438596"
"CMD-580670019D9D",Admin1,approved,"2026-04-22T20:24:44.824721"
"CMD-DC3D70EC67B3",Admin1,approved,"2026-04-22T20:24:40.240477"
"CMD-688AD5C90989",User1,approved,"2026-04-22T20:24:33.534905"
"CMD-0460BABC23F2",Admin1,approved,"2026-04-22T20:24:26.843300"
"CMD-EADE5B6FE380",User1,approved,"2026-04-22T20:24:20.075213"
"CMD-0CC8FDCB083F",User1,approved,"2026-04-22T20:24:15.303556"
"CMD-528D8443DF97",User1,approved,"2026-04-22T20:24:10.482913"
"CMD-169A9BE463A7",Admin1,approved,"2026-04-22T20:24:02.797288"
"CMD-C244BC207B76",Admin1,approved,"2026-04-22T15:23:58.674871Z"
"CMD-42DC2DFFCBC5",User1,approved,"2026-04-22T20:23:53.228508"
"CMD-2FECFCFD17CC",Admin1,approved,"2026-04-22T15:23:47.507403Z"
"CMD-0ABF67045084",Admin1,approved,"2026-04-22T15:23:44.946009Z"
"CMD-A1E2A1D7A47C",User1,approved,"2026-04-22T20:23:39.403493"
"CMD-5A72B1F0E1DD",Admin1,approved,"2026-04-22T15:23:33.955524Z"
"CMD-BAF0257D0BF8",Admin1,approved,"2026-04-22T15:23:31.417504Z"
"CMD-8A51B9002049",User1,approved,"2026-04-22T20:23:25.812024"
"CMD-651A37E3AA20",User1,approved,"2026-04-22T20:23:21.436152"
"CMD-4A4291FCD2BE",User1,approved,"2026-04-22T20:23:15.813306"
"CMD-4B273590CC8D",Admin1,approved,"2026-04-22T15:23:12.178497Z"
"CMD-49AD38D53DDB",User1,approved,"2026-04-22T20:23:06.760766"
"CMD-056EAAD4AB89",User1,approved,"2026-04-22T20:23:01.014729"
"CMD-7236C1F38F51",Admin1,approved,"2026-04-22T15:22:57.379965Z"
"CMD-1EF8B3F57615",User1,approved,"2026-04-22T20:22:51.915587"
"CMD-04044E1274AF",Admin1,approved,"2026-04-22T20:22:45.459935"
"CMD-DE7EACCEFF8E",Admin1,approved,"2026-04-22T20:22:41.045872"
"CMD-5514D3C337FB",Admin1,approved,"2026-04-22T20:22:36.347185"
"CMD-C6492794ADA2",User1,approved,"2026-04-22T20:22:28.938215"
"CMD-619BDC45FD8F",User1,approved,"2026-04-22T20:22:24.400482"
"CMD-714926E930F9",User1,approved,"2026-04-22T20:22:19.817791"
"CMD-6C1AD3FEF47A",Admin1,approved,"2026-04-22T20:22:13.147390"
"CMD-6C4C305696F0",User1,approved,"2026-04-22T20:22:06.420556"
"CMD-058E1CD22C2C",Admin1,approved,"2026-04-22T15:22:00.706236Z"
"CMD-C8A177F97A21",Admin1,approved,"2026-04-22T20:21:57.446589"
"CMD-87E5807BB65A",Admin1,approved,"2026-04-22T20:21:52.828881"
"CMD-8CDB5F60D578",User1,approved,"2026-04-22T20:21:46.212811"
"CMD-254C21ABEA64",Admin1,approved,"2026-04-22T20:21:39.461530"
"CMD-BC34BC41C54D",User1,approved,"2026-04-22T20:21:32.799853"
"CMD-37523524EB67",Admin1,approved,"2026-04-22T20:21:26.314511"
"CMD-BE860FEA8761",User1,approved,"2026-04-22T20:21:19.639709"
"CMD-A1098C547E2F",Admin1,approved,"2026-04-22T15:21:14.183874Z"
"CMD-71D8B06E9D12",Admin1,approved,"2026-04-22T20:21:10.840439"
"CMD-79BA22C70C91",Admin1,approved,"2026-04-22T20:21:06.241489"
"CMD-7A661FEE93F3",Admin1,approved,"2026-04-22T20:21:01.842259"
"CMD-3A3E835311AE",Admin1,approved,"2026-04-22T20:20:57.272513"
"CMD-3867BB253AB3",User1,approved,"2026-04-22T20:20:50.374076"
"CMD-AD2E730E858A",Admin1,approved,"2026-04-22T15:20:44.558738Z"
"CMD-37E1DE850642",Admin1,approved,"2026-04-22T15:20:42.073555Z"
"CMD-42EA556D2873",User1,approved,"2026-04-22T20:20:36.736730"
"CMD-7D474B0603C9",Admin1,approved,"2026-04-22T20:20:29.795280"
"CMD-9CD8E01B71F4",User1,approved,"2026-04-22T20:20:23.281630"
"CMD-4CD15FFEE65C",User1,approved,"2026-04-22T20:20:18.714584"
"CMD-81F24E1F3542",User1,approved,"2026-04-22T20:20:14.225928"
"CMD-DB2E1A88A953",User1,approved,"2026-04-22T20:20:09.478685"
"CMD-9CCA127A12F9",Admin1,approved,"2026-04-22T15:20:03.861088Z"
"CMD-CDF316D6A055",Admin1,approved,"2026-04-22T20:20:00.523326"
"CMD-807B9B8D6A32",User1,approved,"2026-04-22T20:19:53.995641"
"CMD-C10A6BB31567",User1,approved,"2026-04-22T20:19:48.172505"
"CMD-510A83B3C5D9",Admin1,approved,"2026-04-22T15:19:44.621948Z"
"CMD-FDB06AF9A41D",User1,approved,"2026-04-22T20:19:39.288472"
"CMD-D59C0814EE4B",User1,approved,"2026-04-22T20:19:34.810171"
"CMD-A17CD680D7CF",User1,approved,"2026-04-22T20:19:30.311020"
"CMD-37AF995D744E",User1,approved,"2026-04-22T20:19:25.692232"
"CMD-D0D1DF23A4BD",Admin1,approved,"2026-04-22T20:19:18.685259"
"CMD-9CEE5750673A",User1,approved,"2026-04-22T20:19:11.993913"
"CMD-2D1DAC0A52E8",Admin1,approved,"2026-04-22T15:19:06.547548Z"
"CMD-6CEED105133B",Admin1,approved,"2026-04-22T20:19:03.267857"
"CMD-B1C06461D14D",User1,approved,"2026-04-22T20:18:55.696425"
"CMD-7CA4CDFF23BD",Admin1,approved,"2026-04-22T20:18:49.218176"
"CMD-5A8B9ABDB633",Admin1,approved,"2026-04-22T20:18:44.499697"
"CMD-A8FD63860390",User1,approved,"2026-04-22T20:18:38.011670"
"CMD-EB7B4FDFA845",Admin1,approved,"2026-04-22T20:18:31.490489"
"CMD-0352221E7414",User1,approved,"2026-04-22T20:18:23.639735"
"CMD-E71969403A5D",Admin1,approved,"2026-04-22T15:18:20.124517Z"
"CMD-18FC49505EB6",User1,approved,"2026-04-22T20:18:14.876317"
"CMD-7C9B340EC362",Admin1,approved,"2026-04-22T20:18:07.120221"
"CMD-996B68A90C8B",Admin1,approved,"2026-04-22T15:18:03.737946Z"
"CMD-7A4B5938CFD5",Admin1,approved,"2026-04-22T20:18:00.506045"
"CMD-76108F44A5AB",Admin1,approved,"2026-04-22T20:17:56.253286"
"CMD-B6C7B36884F4",User1,approved,"2026-04-22T20:17:46.928113"
"CMD-80545AA9F98F",User1,approved,"2026-04-22T20:17:42.099310"
"CMD-5602ACFA86A1",User1,approved,"2026-04-22T20:17:37.695284"
"CMD-69077BD96849",User1,approved,"2026-04-22T20:17:33.098422"
"CMD-40395AFFD21C",User1,approved,"2026-04-22T20:17:28.756455"
"CMD-101AB1266175",User1,approved,"2026-04-22T20:17:24.339255"
"CMD-AE714D63FB47",Admin1,approved,"2026-04-22T20:17:17.395925"
"CMD-00A7754B01D7",Admin1,approved,"2026-04-22T20:17:13.031893"
"CMD-77967DF41122",User1,approved,"2026-04-22T20:17:05.401893"
"CMD-5503131D75D6",Admin1,approved,"2026-04-22T15:17:01.817431Z"
"CMD-BEE8650FCD95",User1,approved,"2026-04-22T20:16:56.637902"
"CMD-F819FC1F765C",User1,approved,"2026-04-22T20:16:52.178591"
"CMD-B915D24B4A2C",User1,approved,"2026-04-22T20:16:47.562055"
"CMD-C9B659A018E3",User1,approved,"2026-04-22T20:16:42.987156"
"CMD-DEAB36BDF032",Admin1,approved,"2026-04-22T20:16:35.270793"
"CMD-BC6E055ADBC4",Admin1,approved,"2026-04-22T15:16:31.608290Z"
"CMD-D023A2E2A602",Admin1,approved,"2026-04-22T20:16:28.399145"
"CMD-668BB633BB1F",User1,approved,"2026-04-22T20:16:21.915806"
"CMD-351CE1778F88",Admin1,approved,"2026-04-22T20:16:15.392016"
"CMD-2403C5F39919",Admin1,approved,"2026-04-22T20:16:10.820679"
"CMD-985D20EAFA5F",User1,approved,"2026-04-22T20:16:04.224902"
"CMD-7CB5742ED9DE",Admin1,approved,"2026-04-22T20:15:57.582308"
"CMD-643881039452",Admin1,approved,"2026-04-22T20:15:52.936952"
"CMD-48C435B909D3",User1,approved,"2026-04-22T20:15:46.119476"
"CMD-50EC3D630910",Admin1,approved,"2026-04-22T20:15:39.341099"
"CMD-93910BD39DB2",User1,approved,"2026-04-22T20:15:31.537870"
"CMD-697D510994AB",Admin1,approved,"2026-04-22T15:15:27.873650Z"
"CMD-7E930219EB9F",User1,approved,"2026-04-22T20:15:22.631725"
"CMD-B299C3049CE2",Admin1,approved,"2026-04-22T20:15:16.081786"
"CMD-E7B5DE9F31BE",Admin1,approved,"2026-04-22T20:15:11.175416"
"CMD-9BEC5A37D409",User1,approved,"2026-04-22T20:15:04.466581"
"CMD-C3128F02A35C",Admin1,approved,"2026-04-22T15:14:58.558090Z"
"CMD-EFC6B0041BED",Admin1,approved,"2026-04-22T20:14:55.099908"
"CMD-F249D0417F8E",User1,approved,"2026-04-22T20:14:48.263651"
"CMD-AD9D7F5F028A",User1,approved,"2026-04-22T20:14:42.923447"
"CMD-3BC7823E43AB",Admin1,approved,"2026-04-22T15:14:38.965620Z"
"CMD-32647FAFE7CF",User1,approved,"2026-04-22T20:14:33.709380"
"CMD-DE225367B752",User1,approved,"2026-04-22T20:14:28.567736"
"CMD-E879E2EE705C",Admin1,approved,"2026-04-22T20:14:21.660412"
"CMD-5991C09DC284",Admin1,approved,"2026-04-22T20:14:16.858181"
"CMD-8465DB0E03FC",User1,approved,"2026-04-22T20:14:10.011546"
"CMD-72DC3F2AA72C",Admin1,approved,"2026-04-22T20:14:03.251694"
"CMD-D05FC01FF828",Admin1,approved,"2026-04-22T20:13:57.710205"
"CMD-B0FE175BFD43",Admin1,approved,"2026-04-22T15:13:53.935148Z"
"CMD-0507262BA93C",Admin1,approved,"2026-04-22T15:13:51.496704Z"
"CMD-27D429B9E70E",User1,approved,"2026-04-22T20:13:46.283041"
"CMD-735017F44D25",User1,approved,"2026-04-22T20:13:41.756409"
"CMD-4C89DC8F2277",User1,approved,"2026-04-22T20:13:37.084828"
"CMD-61D20B58A53C",Admin1,approved,"2026-04-22T20:13:30.479084"
"CMD-824CCCD1F4C4",Admin1,approved,"2026-04-22T20:13:24.714580"
"CMD-E169DC54021A",Admin1,approved,"2026-04-22T15:13:21.220287Z"
"CMD-4CA5FA0E2C5D",Admin1,approved,"2026-04-22T20:13:17.947233"
"CMD-0CC5C39F7C79",Admin1,approved,"2026-04-22T20:13:13.375125"
"CMD-C9BDD3AD424E",User1,approved,"2026-04-22T20:13:06.863480"
"CMD-7DF359C04A95",Admin1,approved,"2026-04-22T20:13:00.100849"
"CMD-7B566B96B7CA",User1,approved,"2026-04-22T20:12:52.625395"
"CMD-BC628A45EE1E",User1,approved,"2026-04-22T20:12:47.813546"
"CMD-4E495F65D37F",Admin1,approved,"2026-04-22T20:12:41.248171"
"CMD-88F40FA53195",User1,approved,"2026-04-22T20:12:33.667805"
"CMD-EFF4AF81FCD5",User1,approved,"2026-04-22T20:12:28.998491"
"CMD-A30981495177",User1,approved,"2026-04-22T20:12:23.929837"
"CMD-555B7245E3A9",User1,approved,"2026-04-22T20:12:19.338671"
"CMD-BB4915B64B54",User1,approved,"2026-04-22T20:12:14.201263"
"CMD-DE48899FA161",User1,approved,"2026-04-22T20:12:09.440583"
"CMD-FCBE13F4B5B7",User1,approved,"2026-04-22T20:12:04.759795"
"CMD-9B00219DF0CE",Admin1,approved,"2026-04-22T20:11:57.197826"
"CMD-7FE43C3A152F",Admin1,approved,"2026-04-22T15:11:53.222281Z"
"CMD-E5BE14BAF383",Admin1,approved,"2026-04-22T20:11:49.365492"
"CMD-204817D39E62",Admin1,approved,"2026-04-22T20:11:44.638775"
"CMD-6A6B664AC2D2",User1,approved,"2026-04-22T20:11:37.753045"
"CMD-87E4477FFE4E",Admin1,approved,"2026-04-22T20:11:30.861496"
"CMD-45C287CE5BEB",Admin1,approved,"2026-04-22T20:11:24.602641"
"CMD-DF6C9BF0B803",Admin1,approved,"2026-04-22T15:11:20.761583Z"
"CMD-0699726A395F",Admin1,approved,"2026-04-22T20:11:16.462052"
"CMD-DB37AB8CA64D",Admin1,approved,"2026-04-22T15:11:12.378945Z"
"CMD-60BD861195CC",User1,approved,"2026-04-22T20:11:06.871437"
"CMD-7677DEAE5881",User1,approved,"2026-04-22T20:11:01.897648"
"CMD-C7099B569D09",User1,approved,"2026-04-22T20:10:57.179086"
"CMD-EAD47E7EFC2C",User1,approved,"2026-04-22T20:10:52.134003"
"CMD-300C581CA465",User1,approved,"2026-04-22T20:10:47.201438"
"CMD-6AA78A45E193",User1,approved,"2026-04-22T20:10:41.937814"
"CMD-20A66830FFA5",Admin1,approved,"2026-04-22T20:10:35.063646"
"CMD-11DE3BAD3B97",User1,approved,"2026-04-22T20:10:28.086966"
"CMD-15116EECD6C8",User1,approved,"2026-04-22T20:10:23.141004"
"CMD-556E73572083",User1,approved,"2026-04-22T20:10:18.253621"
"CMD-6F0C41ACED67",Admin1,approved,"2026-04-22T20:10:11.346245"
"CMD-A46C38DEE827",Admin1,approved,"2026-04-22T20:10:06.438250"
"CMD-83DB3ED06D19",Admin1,approved,"2026-04-22T20:10:01.975166"
"CMD-41E288869866",Admin1,approved,"2026-04-22T20:09:57.270410"
"CMD-175922B09C15",Admin1,approved,"2026-04-22T20:09:52.627985"
"CMD-9FF767D67D28",User1,approved,"2026-04-22T20:09:46.083071"
"CMD-90D7D15BA23E",Admin1,approved,"2026-04-22T20:09:39.613057"
"CMD-30BFC6BADFB0",Admin1,approved,"2026-04-22T20:09:34.003435"
"CMD-C15BEF77B1B1",Admin1,approved,"2026-04-22T15:09:30.384386Z"
"CMD-C4AA8CFA2920",User1,approved,"2026-04-22T20:09:24.985984"
"CMD-C248FF5BD99E",Admin1,approved,"2026-04-22T20:09:18.506806"
"CMD-AC7D5BAC4C04",Admin1,approved,"2026-04-22T20:09:13.970335"
"CMD-2D355F99249A",User1,approved,"2026-04-22T20:09:07.400900"
"CMD-3FCBD606F4E4",User1,approved,"2026-04-22T20:09:02.892453"
"CMD-27B818094717",User1,approved,"2026-04-22T20:08:58.556284"
"CMD-2EF84953CC70",User1,approved,"2026-04-22T20:08:54.234304"
"CMD-2D6414176AA0",Admin1,approved,"2026-04-22T20:08:47.924264"
"CMD-9BB31D166E42",User1,approved,"2026-04-22T20:08:41.532185"
"CMD-B75CE188C8D9",Admin1,approved,"2026-04-22T20:08:33.810376"
"CMD-7A34022415B9",Admin1,approved,"2026-04-22T15:08:30.470282Z"
"CMD-A3283B500B1D",Admin1,approved,"2026-04-22T15:08:28.298795Z"
"CMD-6B29A4E071DC",Admin1,approved,"2026-04-22T20:08:25.275202"
"CMD-18509CEC5793",User1,approved,"2026-04-22T20:08:18.769645"
"CMD-C097A99753BC",Admin1,approved,"2026-04-22T15:08:13.450467Z"
"CMD-127D6623C5FE",Admin1,approved,"2026-04-22T20:08:10.378483"
"CMD-F64BA6FEF05E",Admin1,approved,"2026-04-22T20:08:05.974336"
"CMD-34B923DA2C3B",User1,approved,"2026-04-22T20:07:59.542224"
"CMD-5FBDA63B841A",Admin1,approved,"2026-04-22T20:07:53.299418"
"CMD-8F503CFF84D5",User1,approved,"2026-04-22T20:07:47.073810"
"CMD-9EEEE1BA287A",User1,approved,"2026-04-22T20:07:42.842393"
"CMD-31FA36E20C8B",Admin1,approved,"2026-04-22T15:07:37.634336Z"
"CMD-870EBEC8E50A",Admin1,approved,"2026-04-22T15:07:35.557997Z"
"CMD-9717BE8F5245",User1,approved,"2026-04-22T20:07:30.429777"
"CMD-1E5FFDE8D009",Admin1,approved,"2026-04-22T20:07:22.903987"
"CMD-7D4A689E9447",Admin1,approved,"2026-04-22T15:07:19.452627Z"
"CMD-556A713A5A78",User1,approved,"2026-04-22T20:07:14.243186"
"CMD-D3629115AA09",User1,approved,"2026-04-22T20:07:09.657895"
"CMD-6292BF72E8E7",User1,approved,"2026-04-22T20:07:05.187635"
"CMD-F52C8461B9A1",User1,approved,"2026-04-22T20:07:00.699467"
"CMD-D821331D7634",User1,approved,"2026-04-22T20:06:56.285914"
"CMD-A5BC13836E9B",User1,approved,"2026-04-22T20:06:51.544311"
"CMD-F9B3EBE6BAA6",Admin1,approved,"2026-04-22T15:06:45.694799Z"
"CMD-DAB0B3A67D43",Admin1,approved,"2026-04-22T15:06:43.380233Z"
"CMD-6AB406ECBE0A",Admin1,approved,"2026-04-22T20:06:40.120186"
"CMD-88E460CD0625",Admin1,approved,"2026-04-22T20:06:35.490093"
"CMD-0A48C599581E",User1,approved,"2026-04-22T20:06:28.946504"
"CMD-5A3AE7B18CE9",Admin1,approved,"2026-04-22T20:06:21.233643"
"CMD-4BD207CAB491",Admin1,approved,"2026-04-22T15:06:17.591320Z"
"CMD-006000070A4A",User1,approved,"2026-04-22T20:06:12.203880"
"CMD-AE3C7AFA15A9",Admin1,approved,"2026-04-22T20:06:05.550621"
"CMD-7932D1163D95",Admin1,approved,"2026-04-22T20:06:00.892302"
"CMD-1B531D8941B0",Admin1,approved,"2026-04-22T20:05:56.269530"
"CMD-42230DA98C2D",Admin1,approved,"2026-04-22T20:05:51.446431"
"CMD-863D1861DC88",User1,approved,"2026-04-22T20:05:44.614940"
"CMD-F65C33461D42",User1,approved,"2026-04-22T20:05:40.011782"
"CMD-1A2265D984FB",Admin1,approved,"2026-04-22T15:05:34.035660Z"
"CMD-42238A694D27",Admin1,approved,"2026-04-22T20:05:30.815309"
"CMD-9EB9C4CC6264",User1,approved,"2026-04-22T20:05:23.289078"
"CMD-FCD4088984E9",Admin1,approved,"2026-04-22T15:05:19.563813Z"
"CMD-E551A4A689FD",User1,approved,"2026-04-22T20:05:14.080626"
"CMD-DC610FC2069F",Admin1,approved,"2026-04-22T20:05:07.312911"
"CMD-16926F61217B",Admin1,approved,"2026-04-22T20:05:01.848257"
"CMD-CA05959958AD",Admin1,approved,"2026-04-22T15:04:57.980389Z"
"CMD-CA38721392F3",Admin1,approved,"2026-04-22T15:04:55.495577Z"
"CMD-727BF6F13F61",Admin1,approved,"2026-04-22T15:04:52.914341Z"
"CMD-32966856167F",User1,approved,"2026-04-22T20:04:47.431674"
"CMD-18A28FDBD9DC",User1,approved,"2026-04-22T20:04:42.793750"
"CMD-0FD93D5F6C75",User1,approved,"2026-04-22T20:04:38.043607"
"CMD-B3AEC035EC6F",Admin1,approved,"2026-04-22T15:04:32.012509Z"
"CMD-9E6E76C27952",User1,approved,"2026-04-22T20:04:26.573791"
"CMD-1971715A1A29",User1,approved,"2026-04-22T20:04:21.840506"
"CMD-E585EC6C511E",Admin1,approved,"2026-04-22T20:04:15.112877"
"CMD-F053E4E3F284",User1,approved,"2026-04-22T20:04:08.487747"
"CMD-391640F8EE35",User1,approved,"2026-04-22T20:04:03.322497"
"CMD-2B6C60C846EE",Admin1,approved,"2026-04-22T20:03:56.454140"
"CMD-23B5B7FC0FFC",User1,approved,"2026-04-22T20:03:49.822363"
"CMD-D5546B8E2683",User1,approved,"2026-04-22T20:03:45.099539"
"CMD-4E05D415F016",Admin1,approved,"2026-04-22T20:03:37.803219"
"CMD-C6744CD029C8",Admin1,approved,"2026-04-22T15:03:33.647326Z"
"CMD-0DBF1D2D494A",User1,approved,"2026-04-22T20:03:28.088374"
"CMD-E4A8F0A99A18",Admin1,approved,"2026-04-22T20:03:21.217839"
"CMD-1E157E083180",User1,approved,"2026-04-22T20:03:14.486691"
"CMD-E58F3BE7337F",Admin1,approved,"2026-04-22T15:03:08.312970Z"
"CMD-5D76F7C8CFE7",Admin1,approved,"2026-04-22T20:03:04.618850"
"CMD-58A3BB28E788",User1,approved,"2026-04-22T20:02:56.722059"
"CMD-726C43F633D1",Admin1,approved,"2026-04-22T15:02:52.847949Z"
"CMD-054731DDDF07",User1,approved,"2026-04-22T20:02:47.486295"
"CMD-B3FF13DCB631",Admin1,approved,"2026-04-22T20:02:40.654748"
"CMD-978AA0577560",Admin1,approved,"2026-04-22T20:02:35.875182"
"CMD-215564BCE419",Admin1,approved,"2026-04-22T20:02:30.340099"
"CMD-21AE6447EBB8",User1,approved,"2026-04-22T20:02:23.491032"
"CMD-AD33A9188FD0",Admin1,approved,"2026-04-22T20:02:16.590492"
"CMD-0EFEBD7C8332",Admin1,approved,"2026-04-22T20:02:11.754515"
"CMD-116782583766",User1,approved,"2026-04-22T20:02:04.857840"
"CMD-4541B45DA974",Admin1,approved,"2026-04-22T20:01:57.560664"
"CMD-C46A6B0F96A6",Admin1,approved,"2026-04-22T20:01:52.800856"
"CMD-2A5CF6C01025",Admin1,approved,"2026-04-22T20:01:48.361882"
"CMD-F7E23F8B5990",User1,approved,"2026-04-22T20:01:40.537632"
"CMD-B3433481A66B",Admin1,approved,"2026-04-22T15:01:36.974325Z"
"CMD-3434229D0456",User1,approved,"2026-04-22T20:01:31.700673"
"CMD-DE80C60519BA",User1,approved,"2026-04-22T20:01:27.170375"
"CMD-A8A08CADF0CB",User1,approved,"2026-04-22T20:01:22.737486"
"CMD-4DE2226CA625",User1,approved,"2026-04-22T20:01:18.349633"
"CMD-9EB9A601D50B",Admin1,approved,"2026-04-22T20:01:11.591859"
"CMD-54E460ECAED5",User1,approved,"2026-04-22T20:01:04.916661"
"CMD-BBC37752B4E0",User1,approved,"2026-04-22T20:00:59.709839"
"CMD-45C9C1A34F6D",Admin1,approved,"2026-04-22T15:00:53.830460Z"
"CMD-6A9E57F07F95",User1,approved,"2026-04-22T20:00:48.460098"
"CMD-772F87CACCCD",Admin1,approved,"2026-04-22T20:00:40.889641"
"CMD-3D25CFA57AD0",Admin1,approved,"2026-04-22T15:00:36.969005Z"
"CMD-50DCEEC756F3",User1,approved,"2026-04-22T20:00:31.189963"
"CMD-960F664A7722",Admin1,approved,"2026-04-22T15:00:25.129738Z"
"CMD-5A41DCDE8346",User1,approved,"2026-04-22T20:00:18.696273"
"CMD-A809AB3F6835",User1,approved,"2026-04-22T20:00:13.207984"
"CMD-FCD3452927FD",User1,approved,"2026-04-22T20:00:08.662260"
"CMD-689B4D4D77F6",User1,approved,"2026-04-22T20:00:04.110908"
"CMD-0E7647197DA0",User1,approved,"2026-04-22T19:59:59.533228"
"CMD-E959A4943170",User1,approved,"2026-04-22T19:59:55.022075"
"CMD-9F8DFEFC1420",Admin1,approved,"2026-04-22T19:59:47.056648"
"CMD-61B1A20E4DB9",Admin1,approved,"2026-04-22T14:59:43.673654Z"
"CMD-9A7DED389748",Admin1,approved,"2026-04-22T14:59:41.515431Z"
"CMD-184F526D73A6",Admin1,approved,"2026-04-22T14:59:39.245663Z"
"CMD-B527AD9C31E1",User1,approved,"2026-04-22T19:59:34.179220"
"CMD-B517FC9E8886",Admin1,approved,"2026-04-22T14:59:28.840127Z"
"CMD-2E1900FF01AF",Admin1,approved,"2026-04-22T14:59:26.744759Z"
"CMD-FA99C7EBC67B",Admin1,approved,"2026-04-22T19:59:23.722956"
"CMD-32194438B0C7",Admin1,approved,"2026-04-22T19:59:19.419919"
"CMD-3B5A5E6A77F8",User1,approved,"2026-04-22T19:59:12.928255"
"CMD-2A380EFCBA67",Admin1,approved,"2026-04-22T19:59:05.327964"
"CMD-38273DA44C21",Admin1,approved,"2026-04-22T14:59:02.028501Z"
"CMD-B845728F536F",User1,approved,"2026-04-22T19:58:55.700856"
"CMD-B8106B79986A",Admin1,approved,"2026-04-22T14:58:52.329895Z"
"CMD-0FC9274D192E",User1,approved,"2026-04-22T19:58:47.074680"
"CMD-018B6C232953",Admin1,approved,"2026-04-22T19:58:40.325904"
"CMD-1A7AC8F16512",Admin1,approved,"2026-04-22T19:58:35.785372"
"CMD-C5E33B509C4F",User1,approved,"2026-04-22T19:58:28.875998"
"CMD-5E2197AF1654",Admin1,approved,"2026-04-22T19:58:22.206984"
"CMD-B048B05E3B65",User1,approved,"2026-04-22T19:58:14.949928"
"CMD-5D878253242F",User1,approved,"2026-04-22T19:58:09.672174"
"CMD-300B24C19904",Admin1,approved,"2026-04-22T19:58:02.724563"
"CMD-FFAE051B7C20",Admin1,approved,"2026-04-22T19:57:57.912004"
"CMD-E7FFF9AB72D4",Admin1,approved,"2026-04-22T19:57:53.198701"
"CMD-143C319A3EB6",User1,approved,"2026-04-22T19:57:44.945540"
"CMD-58B4751A1F0D",Admin1,approved,"2026-04-22T14:57:40.980435Z"
"CMD-695D5ECD5296",User1,approved,"2026-04-22T19:57:35.531688"
"CMD-E185A60ACCE0",Admin1,approved,"2026-04-22T19:57:28.659837"
"CMD-ABC4DBB3CEAF",User1,approved,"2026-04-22T19:57:21.926534"
"CMD-1D82C87CED70",User1,approved,"2026-04-22T19:57:17.080572"
"CMD-1070A63541DE",User1,approved,"2026-04-22T19:57:12.205178"
"CMD-2D197ED4ADB3",User1,approved,"2026-04-22T19:57:07.708754"
"CMD-A687773B7941",User1,approved,"2026-04-22T19:57:02.837777"
"CMD-9F8FF8CC44DE",User1,approved,"2026-04-22T19:56:57.990444"
"CMD-099FC84A31F7",User1,approved,"2026-04-22T19:56:53.028277"
"CMD-B894556AFF4F",User1,approved,"2026-04-22T19:56:46.676718"
"CMD-6F522272CEC9",Admin1,approved,"2026-04-22T14:56:42.914219Z"
"CMD-F914B2D243F4",User1,approved,"2026-04-22T19:56:37.606981"
"CMD-ADD7D3349785",Admin1,approved,"2026-04-22T19:56:30.986943"
"CMD-029269053309",Admin1,approved,"2026-04-22T19:56:26.238246"
"CMD-347E1C3632B4",Admin1,approved,"2026-04-22T19:56:21.377500"
"CMD-48DF3B4001BE",User1,approved,"2026-04-22T19:56:14.680873"
"CMD-28AA18BDBDE9",Admin1,approved,"2026-04-22T19:56:07.881593"
"CMD-710AFCD9F580",User1,approved,"2026-04-22T19:56:01.131201"
"CMD-70DA8076AE95",User1,approved,"2026-04-22T19:55:56.518297"
"CMD-2E0E4459C74D",User1,approved,"2026-04-22T19:55:51.624869"
"CMD-537E54F44380",Admin1,approved,"2026-04-22T19:55:44.447251"
"CMD-A27BFB5E56D2",Admin1,approved,"2026-04-22T19:55:38.358667"
"CMD-D7C09964C630",Admin1,approved,"2026-04-22T14:55:34.876398Z"
"CMD-DBF31B7F9D16",Admin1,approved,"2026-04-22T14:55:32.523463Z"
"CMD-9911C5663BEA",User1,approved,"2026-04-22T19:55:27.157349"
"CMD-23D6147C9A69",User1,approved,"2026-04-22T19:55:22.497833"
"CMD-0B9070645339",Admin1,approved,"2026-04-22T19:55:15.943518"
"CMD-17782D4FAF09",Admin1,approved,"2026-04-22T19:55:10.617181"
"CMD-EEDFA7A0FDC9",Admin1,approved,"2026-04-22T14:55:06.931508Z"
"CMD-79B0F7BCC5E5",Admin1,approved,"2026-04-22T19:55:03.756372"
"CMD-5CE74834BD94",User1,approved,"2026-04-22T19:54:57.178116"
"CMD-5F05FC253A54",Admin1,approved,"2026-04-22T19:54:50.601611"
"CMD-A63454FA779A",Admin1,approved,"2026-04-22T19:54:45.712426"
"CMD-5DAB1A0EEA59",Admin1,approved,"2026-04-22T19:54:40.848237"
"CMD-503CA4E0F67C",User1,approved,"2026-04-22T19:54:34.271953"
"CMD-3E1650E07C40",User1,approved,"2026-04-22T19:54:29.878539"
"CMD-82FA112F0B4E",User1,approved,"2026-04-22T19:54:25.134529"
"CMD-E2978AA07D03",User1,approved,"2026-04-22T19:54:20.347200"
"CMD-2E23FCAD44DA",Admin1,approved,"2026-04-22T14:54:14.770282Z"
"CMD-6673B855BBA9",Admin1,approved,"2026-04-22T19:54:11.423579"
"CMD-09384FD1DBA9",User1,approved,"2026-04-22T19:54:04.760606"
"CMD-136C2C71C52D",User1,approved,"2026-04-22T19:54:00.238543"
"CMD-E4027E9486A8",User1,approved,"2026-04-22T19:53:55.856312"
"CMD-EF19CF1CDA5F",User1,approved,"2026-04-22T19:53:50.318608"
"CMD-9FA69092ADF9",Admin1,approved,"2026-04-22T14:53:46.618667Z"
"CMD-F0035AA247A2",User1,approved,"2026-04-22T19:53:41.226543"
"CMD-44CDA56B3FF7",User1,approved,"2026-04-22T19:53:36.783173"
"CMD-CB369A19BE63",User1,approved,"2026-04-22T19:53:31.292434"
"CMD-477FF665D118",Admin1,approved,"2026-04-22T14:53:27.615147Z"
"CMD-32E57754FF59",User1,approved,"2026-04-22T19:53:21.432746"
"CMD-37D6C32FB8F5",Admin1,approved,"2026-04-22T14:53:17.727271Z"
"CMD-889BBC0CE2DF",User1,approved,"2026-04-22T19:53:12.245669"
"CMD-910B22CD76BF",User1,approved,"2026-04-22T19:53:07.497182"
"CMD-BADB24554613",User1,approved,"2026-04-22T19:53:02.400222"
"CMD-795EF2E6A642",User1,approved,"2026-04-22T19:52:57.735276"
"CMD-6E5F605FFC0C",User1,approved,"2026-04-22T19:52:53.033273"
"CMD-10C23C7D2C83",User1,approved,"2026-04-22T19:52:48.356677"
"CMD-982D3289C28C",Admin1,approved,"2026-04-22T19:52:41.809909"
"CMD-3C9EF0D3CE77",User1,approved,"2026-04-22T19:52:34.931076"
"CMD-583EC6B1D80D",Admin1,approved,"2026-04-22T14:52:29.181488Z"
"CMD-172325AA891F",Admin1,approved,"2026-04-22T19:52:24.714682"
"CMD-22D441BC77CA",User1,approved,"2026-04-22T19:52:18.142772"
"CMD-059A84B2E9FB",User1,approved,"2026-04-22T19:52:13.227169"
"CMD-20EFC0B99F8B",User1,approved,"2026-04-22T19:52:08.374974"
"CMD-6301EC12513A",User1,approved,"2026-04-22T19:52:03.489551"
"CMD-45EBB5EA6091",Admin1,approved,"2026-04-22T19:51:56.785733"
"CMD-B67C5A2F6CEC",User1,approved,"2026-04-22T19:51:49.823427"
"CMD-6FE6DD1F44EC",Admin1,approved,"2026-04-22T19:51:43.085785"
"CMD-4F03508ECC05",Admin1,approved,"2026-04-22T19:51:38.558400"
"CMD-06892F5FEFE1",Admin1,approved,"2026-04-22T19:51:33.711871"
"CMD-89BAFDE1FA84",User1,approved,"2026-04-22T19:51:27.193387"
"CMD-30951316BFF1",User1,approved,"2026-04-22T19:51:22.753100"
"CMD-33D8B00FD7C7",User1,approved,"2026-04-22T19:51:17.989961"
"CMD-3E0251AFEDA6",Admin1,approved,"2026-04-22T19:51:11.434159"
"CMD-C332D7B146F5",User1,approved,"2026-04-22T19:51:04.891035"
"CMD-A50F06CF9B20",Admin1,approved,"2026-04-22T19:50:58.173528"
"CMD-692EA86478B0",User1,approved,"2026-04-22T19:50:51.583045"
"CMD-3BF3864AB68A",User1,approved,"2026-04-22T19:50:46.901849"
"CMD-53BF39835190",Admin1,approved,"2026-04-22T19:50:40.235088"
"CMD-7934AF75E8F6",Admin1,approved,"2026-04-22T19:50:35.753863"
"CMD-7762D8CC475F",User1,approved,"2026-04-22T19:50:28.880077"
"CMD-0896DDFF250B",Admin1,approved,"2026-04-22T19:50:21.070544"
"CMD-B2AAA72805F1",Admin1,approved,"2026-04-22T14:50:17.604834Z"
"CMD-26E9181562F7",User1,approved,"2026-04-22T19:50:12.251796"
"CMD-B7F43B507D30",User1,approved,"2026-04-22T19:50:07.762917"
"CMD-A71CD03E14F2",User1,approved,"2026-04-22T19:50:02.803602"
"CMD-835D9B86C673",Admin1,approved,"2026-04-22T19:49:56.377106"
"CMD-DFCCAB61B5A0",Admin1,approved,"2026-04-22T19:49:51.729430"
"CMD-054E25ED1FFE",User1,approved,"2026-04-22T19:49:45.205132"
"CMD-58ED9FCC4430",Admin1,approved,"2026-04-22T19:49:37.655852"
"CMD-C0B2B191E3D5",Admin1,approved,"2026-04-22T14:49:33.969488Z"
"CMD-9C0ACAF60125",Admin1,approved,"2026-04-22T19:49:29.332162"
"CMD-661490DE40A3",Admin1,approved,"2026-04-22T14:49:25.941717Z"
"CMD-DB55A9D5DDFA",Admin1,approved,"2026-04-22T19:49:22.662911"
"CMD-AE499BA78E4C",Admin1,approved,"2026-04-22T19:49:17.972133"
"CMD-5E0D26770053",User1,approved,"2026-04-22T19:49:11.237830"
"CMD-53378C8ED06D",User1,approved,"2026-04-22T19:49:06.402153"
"CMD-BA7E7B07DCDF",Admin1,approved,"2026-04-22T19:48:59.099954"
"CMD-8CDB0699ABC7",User1,approved,"2026-04-22T19:48:52.332872"
"CMD-6B442A8514A2",Admin1,approved,"2026-04-22T14:48:46.735273Z"
"CMD-045A994D3EAF",Admin1,approved,"2026-04-22T19:48:42.119872"
"CMD-188410964D02",Admin1,approved,"2026-04-22T14:48:38.391755Z"
"CMD-19632E73F5A1",User1,approved,"2026-04-22T19:48:32.758972"
"CMD-0A18C5E6924E",User1,approved,"2026-04-22T19:48:28.055466"
"CMD-6C6156016707",User1,approved,"2026-04-22T19:48:23.345205"
"CMD-3EB12C2F5C87",Admin1,approved,"2026-04-22T19:48:15.313820"
"CMD-B438FA19CA47",Admin1,approved,"2026-04-22T14:48:11.569764Z"
"CMD-40DC14424EF1",User1,approved,"2026-04-22T19:48:05.956076"
"CMD-55830837E4BC",User1,approved,"2026-04-22T19:48:01.313431"
"CMD-95CF26F96B5C",Admin1,approved,"2026-04-22T19:47:54.243289"
"CMD-BB36DEA4390B",User1,approved,"2026-04-22T19:47:47.555450"
"CMD-33F69EFE9303",User1,approved,"2026-04-22T19:47:43.007318"
"CMD-85F91C3571C9",User1,approved,"2026-04-22T19:47:38.334885"
"CMD-E8779D35097B",Admin1,approved,"2026-04-22T14:47:32.700158Z"
"CMD-4D1B38D9DEEA",Admin1,approved,"2026-04-22T19:47:29.493554"
"CMD-18AFC7373BB2",Admin1,approved,"2026-04-22T19:47:24.596375"
"CMD-4A642BD03D50",User1,approved,"2026-04-22T19:47:17.265710"
"CMD-678D2D07A315",User1,approved,"2026-04-22T19:47:12.087573"
"CMD-F5BE27555618",User1,approved,"2026-04-22T19:47:07.389918"
"CMD-41F20C874FC0",User1,approved,"2026-04-22T19:47:02.690503"
"CMD-B175636B7B54",User1,approved,"2026-04-22T19:46:57.799657"
"CMD-5CB9AB664A02",Admin1,approved,"2026-04-22T19:46:50.963307"
"CMD-7480F54EE57B",User1,approved,"2026-04-22T19:46:44.113670"
"CMD-D8A967DC4C5C",User1,approved,"2026-04-22T19:46:39.163768"
"CMD-EDE958EA393F",Admin1,approved,"2026-04-22T14:46:32.820884Z"
"CMD-DC0080B17C74",Admin1,approved,"2026-04-22T19:46:29.357747"
"CMD-999380D4C138",Admin1,approved,"2026-04-22T19:46:24.359091"
"CMD-90B1A46910F5",User1,approved,"2026-04-22T19:46:17.159391"
"CMD-C4D536D17242",Admin1,approved,"2026-04-22T19:46:10.438611"
"CMD-4C0DAA615A39",User1,approved,"2026-04-22T19:46:03.758936"
"CMD-E209C372F055",User1,approved,"2026-04-22T19:45:59.107137"
"CMD-366967BEA8E9",Admin1,approved,"2026-04-22T19:45:52.630381"
"CMD-11CD2B43C7BF",Admin1,approved,"2026-04-22T19:45:47.950922"
"CMD-351E67DF87ED",Admin1,approved,"2026-04-22T19:45:43.557359"
"CMD-2C154091BA6C",User1,approved,"2026-04-22T19:45:36.838574"
"CMD-6CE07DF2BD85",Admin1,approved,"2026-04-22T19:45:29.307535"
"CMD-6C4CEA82435D",Admin1,approved,"2026-04-22T14:45:25.311957Z"
"CMD-DABE33ED6BC1",User1,approved,"2026-04-22T19:45:19.785122"
"CMD-68BEC844ADAB",User1,approved,"2026-04-22T19:45:13.880140"
"CMD-04E0D7F6C639",Admin1,approved,"2026-04-22T14:45:10.179490Z"
"CMD-1432511634AE",User1,approved,"2026-04-22T19:45:04.641320"
"CMD-C8199144FA25",Admin1,approved,"2026-04-22T19:44:57.739073"
"CMD-BD5026987A74",User1,approved,"2026-04-22T19:44:51.020411"
"CMD-9EA94F6D4FEE",Admin1,approved,"2026-04-22T19:44:43.406752"
"CMD-1383BCACDAF5",Admin1,approved,"2026-04-22T19:44:38.748645"
"CMD-2528438B7B57",User1,approved,"2026-04-22T19:44:31.711563"
"CMD-07D7EFB4DDE6",User1,approved,"2026-04-22T19:44:26.755820"
"CMD-BDF829F9AEAD",Admin1,approved,"2026-04-22T19:44:19.423089"
"CMD-3223458C9DC7",Admin1,approved,"2026-04-22T19:44:14.654142"
"CMD-1FF253663607",Admin1,approved,"2026-04-22T19:44:09.813575"
"CMD-E5EDB95EA0F1",Admin1,approved,"2026-04-22T19:44:05.035506"
"CMD-5BD224E12730",User1,approved,"2026-04-22T19:43:58.368690"
"CMD-65B9D2B236EC",User1,approved,"2026-04-22T19:43:53.478747"
"CMD-144C1652F35C",User1,approved,"2026-04-22T19:43:48.639743"
"CMD-BA9194D2C518",User1,approved,"2026-04-22T19:43:43.938615"
"CMD-EC89B18F7C27",User1,approved,"2026-04-22T19:43:39.089708"
"CMD-5C0AC1A7D141",User1,approved,"2026-04-22T19:43:34.351878"
"CMD-5C4777553E22",User1,approved,"2026-04-22T19:43:28.874335"
"CMD-43BBD4020D50",Admin1,approved,"2026-04-22T14:43:24.979673Z"
"CMD-B819D59B8971",User1,approved,"2026-04-22T19:43:19.582139"
"CMD-ECB49FDFDF10",User1,approved,"2026-04-22T19:43:14.852110"
"CMD-A117B2928941",User1,approved,"2026-04-22T19:43:10.106565"
"CMD-648B884534C8",User1,approved,"2026-04-22T19:43:05.101492"
"CMD-CCE96A7DB7FA",Admin1,approved,"2026-04-22T19:42:57.400507"
"CMD-4A7B0004A278",User1,approved,"2026-04-22T19:42:50.501760"
"CMD-33E412BA1EB0",Admin1,approved,"2026-04-22T19:42:43.669533"
"CMD-0C8C0984AF2E",User1,approved,"2026-04-22T19:42:36.124069"
"CMD-F4614AE5D6CD",Admin1,approved,"2026-04-22T19:42:29.156786"
"CMD-8B9DAADA31B8",User1,approved,"2026-04-22T19:42:22.171473"
"CMD-48090F10980F",User1,approved,"2026-04-22T19:42:17.050936"
"CMD-5D19E4658A0E",User1,approved,"2026-04-22T19:42:12.596638"
"CMD-E129BD8A8B76",Admin1,approved,"2026-04-22T19:42:06.200509"
"CMD-D828A5767464",User1,approved,"2026-04-22T19:41:59.824473"
"CMD-D039A8C3579C",User1,approved,"2026-04-22T19:41:55.159670"
"CMD-6A5D715C95CE",User1,approved,"2026-04-22T19:41:50.888259"
"CMD-FD70C02EC388",User1,approved,"2026-04-22T19:41:46.539829"
"CMD-839C05172847",User1,approved,"2026-04-22T19:41:40.969948"
"CMD-B9B964CD15B7",Admin1,approved,"2026-04-22T14:41:37.570108Z"
"CMD-A3183EA2D6EE",User1,approved,"2026-04-22T19:41:32.371096"
"CMD-3C619E08E5C2",Admin1,approved,"2026-04-22T19:41:25.576715"
"CMD-637C9DA29770",User1,approved,"2026-04-22T19:41:19.194400"
"CMD-4D03601DCC8C",Admin1,approved,"2026-04-22T19:41:11.344534"
"CMD-BA41E91763C2",Admin1,approved,"2026-04-22T14:41:07.611515Z"
"CMD-5DF9B96E77FD",User1,approved,"2026-04-22T19:41:02.153837"
"CMD-993C590B6FE9",User1,approved,"2026-04-22T19:40:57.054616"
"CMD-D7A47BA4AF74",User1,approved,"2026-04-22T19:40:52.286077"
"CMD-90B6F3E0C7EE",User1,approved,"2026-04-22T19:40:47.725892"
"CMD-46CF3C087BB8",Admin1,approved,"2026-04-22T19:40:39.392279"
"CMD-23ECACEA9924",Admin1,approved,"2026-04-22T14:40:35.740904Z"
"CMD-5055A8497B7B",Admin1,approved,"2026-04-22T19:40:31.162824"
"CMD-E5903DADDB08",Admin1,approved,"2026-04-22T14:40:27.515240Z"
"CMD-BCE7D98C1114",Admin1,approved,"2026-04-22T14:40:25.107676Z"
"CMD-BAF928C535CD",Admin1,approved,"2026-04-22T14:40:22.837516Z"
"CMD-5B31953D9A68",Admin1,approved,"2026-04-22T14:40:20.502726Z"
"CMD-5BE64D6A7B70",Admin1,approved,"2026-04-22T14:40:17.189284Z"
"CMD-35DAF9921365",Admin1,approved,"2026-04-22T23:10:22.299655"
"CMD-EF8E34059120",Admin1,approved,"2026-04-22T23:10:17.724639"
"CMD-47A71C2BCDBB",User1,approved,"2026-04-22T23:10:10.977017"
"CMD-8391A3C58903",User1,approved,"2026-04-22T23:10:06.043417"
"CMD-F040DDBE4FF8",User1,approved,"2026-04-22T23:10:01.552877"
"CMD-ABED6B35FEC9",User1,approved,"2026-04-22T23:09:56.656979"
"CMD-89FBDF947173",User1,approved,"2026-04-22T23:09:51.914264"
"CMD-C84FC44C2DB1",User1,approved,"2026-04-22T23:09:46.784105"
"CMD-85A3048CD208",User1,approved,"2026-04-22T23:09:42.117591"
"CMD-6609DB8596DF",User1,approved,"2026-04-22T23:09:37.031564"
"CMD-EF01F71DCAFE",Admin1,approved,"2026-04-22T18:09:30.699167Z"
"CMD-581C14205D4E",User1,approved,"2026-04-22T23:09:25.266933"
"CMD-3DFFE32549AD",User1,approved,"2026-04-22T23:09:20.054774"
"CMD-C62125F37178",User1,approved,"2026-04-22T23:09:14.809241"
"CMD-7C4C1CBA4FEA",Admin1,approved,"2026-04-22T18:09:08.101195Z"
"CMD-3BDF2B22DA90",Admin1,approved,"2026-04-22T23:09:04.590876"
"CMD-64192A52D70E",Admin1,approved,"2026-04-22T23:08:59.808663"
"CMD-8174FFE9880F",Admin1,approved,"2026-04-22T23:08:55.110742"
"CMD-A7A09FE4582C",User1,approved,"2026-04-22T23:08:47.960654"
"CMD-04A6A206BEF8",Admin1,approved,"2026-04-22T23:08:40.975231"
"CMD-36CC4162898E",Admin1,approved,"2026-04-22T23:08:35.966819"
"CMD-2A8A35443BCE",User1,approved,"2026-04-22T23:08:28.749167"
"CMD-5E8D97F398EA",User1,approved,"2026-04-22T23:08:23.330453"
"CMD-3A1C464CF0FB",User1,approved,"2026-04-22T23:08:18.609920"
"CMD-CA04BC986CF3",User1,approved,"2026-04-22T23:08:14.000345"
"CMD-CE9C3CA926B8",Admin1,approved,"2026-04-22T18:08:08.278807Z"
"CMD-BE54132A6659",Admin1,approved,"2026-04-22T23:08:05.024211"
"CMD-058E1A420B1B",Admin1,approved,"2026-04-22T23:08:00.297402"
"CMD-F2ADD1C3317A",User1,approved,"2026-04-22T23:07:53.587150"
"CMD-7ED60D32C8B7",Admin1,approved,"2026-04-22T23:07:46.886030"
"CMD-3F7D6ED7BF8D",Admin1,approved,"2026-04-22T23:07:42.282775"
"CMD-C42D2C3FE7A6",User1,approved,"2026-04-22T23:07:35.576503"
"CMD-B249F021F4ED",User1,approved,"2026-04-22T23:07:30.949119"
"CMD-72A2EE16964D",User1,approved,"2026-04-22T23:07:26.345849"
"CMD-70F474E567D7",Admin1,approved,"2026-04-22T23:07:19.609466"
"CMD-4535ABB5ECD1",User1,approved,"2026-04-22T23:07:12.983433"
"CMD-2EC3B8C72381",Admin1,approved,"2026-04-22T23:07:04.455878"
"CMD-B8AD69C5DDF1",Admin1,approved,"2026-04-22T18:07:00.759264Z"
"CMD-3853B971B6D4",Admin1,approved,"2026-04-22T18:06:58.270252Z"
"CMD-3036048C986F",User1,approved,"2026-04-22T23:06:52.797309"
"CMD-FC4DC86B37BA",User1,approved,"2026-04-22T23:06:48.182107"
"CMD-729BB6AB07AD",Admin1,approved,"2026-04-22T23:06:40.915365"
"CMD-0AAB64C8A5E9",Admin1,approved,"2026-04-22T23:06:35.921597"
"CMD-94DBB730314E",User1,approved,"2026-04-22T23:06:29.089659"
"CMD-3CE3EC160DAC",Admin1,approved,"2026-04-22T18:06:22.975116Z"
"CMD-CEF8BF749ACB",User1,approved,"2026-04-22T23:06:17.553103"
"CMD-DB57F176D1E9",User1,approved,"2026-04-22T23:06:12.710530"
"CMD-688169B0D025",User1,approved,"2026-04-22T23:06:07.612625"
"CMD-DEF91402642D",User1,approved,"2026-04-22T23:06:02.891725"
"CMD-BE0E8C06B84E",Admin1,approved,"2026-04-22T18:05:56.739096Z"
"CMD-67AC31130C86",Admin1,approved,"2026-04-22T23:05:53.623454"
"CMD-289C9286D649",Admin1,approved,"2026-04-22T23:05:47.819062"
"CMD-D603FA0AB9DD",Admin1,approved,"2026-04-22T18:05:43.809167Z"
"CMD-1F46B5A8777B",Admin1,approved,"2026-04-22T18:05:41.130328Z"
"CMD-CD470E270F38",User1,approved,"2026-04-22T23:05:35.856488"
"CMD-2609BE3CD83B",User1,approved,"2026-04-22T23:05:30.912343"
"CMD-078205A99B3F",User1,approved,"2026-04-22T23:05:25.042227"
"CMD-446A947FCB63",Admin1,approved,"2026-04-22T18:05:21.013335Z"
"CMD-007F68DCDB59",User1,approved,"2026-04-22T23:05:15.893880"
"CMD-895C6FD17C9A",Admin1,approved,"2026-04-22T23:05:08.984805"
"CMD-64DCE33AC00D",User1,approved,"2026-04-22T23:05:02.378342"
"CMD-BED8E726C78C",User1,approved,"2026-04-22T23:04:57.571322"
"CMD-6F0ECFE8A3D3",Admin1,approved,"2026-04-22T18:04:51.501186Z"
"CMD-4FFF79D9CE26",Admin1,approved,"2026-04-22T18:04:48.951081Z"
"CMD-5C107C7D67C8",Admin1,approved,"2026-04-22T18:04:46.385508Z"
"CMD-9F8CA47269B8",User1,approved,"2026-04-22T23:04:41.207799"
"CMD-EAD7674B0D0A",Admin1,approved,"2026-04-22T18:04:35.444582Z"
"CMD-DFED6619BCA1",Admin1,approved,"2026-04-22T23:04:31.085579"
"CMD-4425972EA89E",Admin1,approved,"2026-04-22T18:04:27.309414Z"
"CMD-81999142CF47",Admin1,approved,"2026-04-22T23:04:23.962502"
"CMD-74FE468C3041",User1,approved,"2026-04-22T23:04:17.114439"
"CMD-8FCEA659DD82",Admin1,approved,"2026-04-22T18:04:11.033099Z"
"CMD-CA194A16636A",User1,approved,"2026-04-22T23:04:05.620862"
"CMD-FF7DE63552EE",Admin1,approved,"2026-04-22T23:03:58.961812"
"CMD-D8B8A079678C",User1,approved,"2026-04-22T23:03:52.092029"
"CMD-BFDA2580C5D8",User1,approved,"2026-04-22T23:03:47.490852"
"CMD-716ECAAD991B",User1,approved,"2026-04-22T23:03:42.670977"
"CMD-87B809630409",User1,approved,"2026-04-22T23:03:37.904262"
"CMD-AC03AB42F8CB",User1,approved,"2026-04-22T23:03:33.249728"
"CMD-B91D3C833F7E",Admin1,approved,"2026-04-22T23:03:26.574151"
"CMD-951EA49DDCE0",Admin1,approved,"2026-04-22T23:03:21.816463"
"CMD-21C2925E7777",User1,approved,"2026-04-22T23:03:14.859435"
"CMD-E4ECAACCBB1B",Admin1,approved,"2026-04-22T18:03:08.730656Z"
"CMD-620545C8B063",User1,approved,"2026-04-22T23:03:03.445013"
"CMD-0974BDC276F9",User1,approved,"2026-04-22T23:02:58.637352"
"CMD-6C21770A12CC",User1,approved,"2026-04-22T23:02:53.784471"
"CMD-2BC89649556A",User1,approved,"2026-04-22T23:02:48.957456"
"CMD-FAD03D6F63EB",User1,approved,"2026-04-22T23:02:44.104350"
"CMD-2C9D45835A3C",Admin1,approved,"2026-04-22T23:02:37.242919"
"CMD-AE119F084DDB",Admin1,approved,"2026-04-22T23:02:32.257655"
"CMD-A2B57F8603ED",Admin1,approved,"2026-04-22T23:02:27.446089"
"CMD-51DCA8C08AA1",Admin1,approved,"2026-04-22T23:02:21.728947"
"CMD-59DD36085266",Admin1,approved,"2026-04-22T23:02:16.911659"
"CMD-2C1700EEDF15",User1,approved,"2026-04-22T23:02:10.111490"
"CMD-9086397AE778",User1,approved,"2026-04-22T23:02:05.294212"
"CMD-34D3CF9BD24D",User1,approved,"2026-04-22T23:02:00.511160"
"CMD-4A56F61876A3",Admin1,approved,"2026-04-22T18:01:54.304921Z"
"CMD-9CB1AD0171E5",User1,approved,"2026-04-22T23:01:48.915796"
"CMD-244CF716F7D3",Admin1,approved,"2026-04-22T23:01:41.981089"
"CMD-CC981AC9F15D",Admin1,approved,"2026-04-22T23:01:36.036540"
"CMD-D64521895C6F",Admin1,approved,"2026-04-22T18:01:31.860372Z"
"CMD-9B292ACF5A52",Admin1,approved,"2026-04-22T18:01:29.201243Z"
"CMD-A692423D8145",User1,approved,"2026-04-22T23:01:23.793133"
"CMD-10A3775BD6C6",Admin1,approved,"2026-04-22T23:01:17.042606"
"CMD-E635FB24CE26",User1,approved,"2026-04-22T23:01:10.214898"
"CMD-D9B1ADBD70AD",User1,approved,"2026-04-22T23:01:05.526292"
"CMD-354F8AD648BA",User1,approved,"2026-04-22T23:01:00.667945"
"CMD-F3E817F969D1",User1,approved,"2026-04-22T23:00:55.789956"
"CMD-13BD895971D2",Admin1,approved,"2026-04-22T23:00:47.668539"
"CMD-0F265DC41A93",Admin1,approved,"2026-04-22T18:00:43.708598Z"
"CMD-B4C00733F493",User1,approved,"2026-04-22T23:00:38.239103"
"CMD-4437C0D05A0D",Admin1,approved,"2026-04-22T18:00:32.291588Z"
"CMD-781D00F7AD7D",Admin1,approved,"2026-04-22T23:00:29.053153"
"CMD-436C50505E8D",Admin1,approved,"2026-04-22T23:00:24.382932"
"CMD-40C607B659E3",Admin1,approved,"2026-04-22T23:00:19.810481"
"CMD-CEA951A5CAAC",User1,approved,"2026-04-22T23:00:12.615690"
"CMD-8D7639748782",User1,approved,"2026-04-22T23:00:07.787486"
"CMD-CED623E71F65",Admin1,approved,"2026-04-22T23:00:01.125174"
"CMD-261841CE43F6",User1,approved,"2026-04-22T22:59:54.568088"
"CMD-7633FA74AA67",User1,approved,"2026-04-22T22:59:50.030514"
"CMD-39DD4C9EC669",User1,approved,"2026-04-22T22:59:44.371412"
"CMD-AFB5A1E5137D",Admin1,approved,"2026-04-22T17:59:40.840830Z"
"CMD-B92B6D0AC6C8",User1,approved,"2026-04-22T22:59:35.552502"
"CMD-F54E40F6AF5B",Admin1,approved,"2026-04-22T22:59:28.776360"
"CMD-9AE2C0DC022F",User1,approved,"2026-04-22T22:59:22.016112"
"CMD-3C992DF26D0A",Admin1,approved,"2026-04-22T17:59:16.092653Z"
"CMD-C7F57D0C059A",User1,approved,"2026-04-22T22:59:10.424852"
"CMD-7419DA0EBF28",User1,approved,"2026-04-22T22:59:05.542093"
"CMD-7123AFA4EB3A",User1,approved,"2026-04-22T22:59:00.843638"
"CMD-38BDDC37355F",User1,approved,"2026-04-22T22:58:56.089071"
"CMD-287A43212CB6",User1,approved,"2026-04-22T22:58:51.297390"
"CMD-98365AB0B4C9",Admin1,approved,"2026-04-22T22:58:44.593357"
"CMD-E384ADC0657B",Admin1,approved,"2026-04-22T22:58:39.415673"
"CMD-DD5E87E3C967",User1,approved,"2026-04-22T22:58:32.445683"
"CMD-78E79E58AA8B",Admin1,approved,"2026-04-22T22:58:25.440638"
"CMD-762BE8F617FD",Admin1,approved,"2026-04-22T22:58:20.674036"
"CMD-577EA37F96E8",Admin1,approved,"2026-04-22T22:58:15.095682"
"CMD-61EFEA5B4CD4",User1,approved,"2026-04-22T22:58:08.443568"
"CMD-D2204A706672",Admin1,approved,"2026-04-22T22:58:01.930686"
"CMD-B76EAEFF7C70",Admin1,approved,"2026-04-22T22:57:57.162758"
"CMD-71D9887C395D",Admin1,approved,"2026-04-22T22:57:52.422216"
"CMD-2DCE2A4F9176",User1,approved,"2026-04-22T22:57:45.906694"
"CMD-9025662CC0AB",Admin1,approved,"2026-04-22T22:57:39.401563"
"CMD-7E9473449EAB",Admin1,approved,"2026-04-22T22:57:34.909463"
"CMD-5AF119CBD8DA",User1,approved,"2026-04-22T22:57:28.380040"
"CMD-D836E535897B",User1,approved,"2026-04-22T22:57:23.732838"
"CMD-313D5B452A4D",User1,approved,"2026-04-22T22:57:19.069673"
"CMD-51F62722B062",User1,approved,"2026-04-22T22:57:14.036110"
"CMD-3B5BB4033CC3",Admin1,approved,"2026-04-22T22:57:06.718293"
"CMD-2F9658C531E9",Admin1,approved,"2026-04-22T22:57:01.592542"
"CMD-13DDC33397B9",Admin1,approved,"2026-04-22T22:56:56.017505"
"CMD-596C8977BCB1",Admin1,approved,"2026-04-22T17:56:51.432200Z"
"CMD-E3672E2CCCA4",User1,approved,"2026-04-22T22:56:46.336430"
"CMD-9035DEF9B09A",Admin1,approved,"2026-04-22T22:56:39.878499"
"CMD-8AC6CBAD5BD2",User1,approved,"2026-04-22T22:56:33.212909"
"CMD-1A107D8C2673",User1,approved,"2026-04-22T22:56:28.197461"
"CMD-52DB41DD05FA",User1,approved,"2026-04-22T22:56:23.173896"
"CMD-738A03DBE34A",Admin1,approved,"2026-04-22T17:56:17.455106Z"
"CMD-564ACE4AC515",Admin1,approved,"2026-04-22T22:56:14.372707"
"CMD-89F9891536DB",User1,approved,"2026-04-22T22:56:07.830674"
"CMD-2C2A406CE9D1",User1,approved,"2026-04-22T22:56:03.276821"
"CMD-825D2C9F043A",User1,approved,"2026-04-22T22:55:58.712665"
"CMD-C64A2AC60E1F",Admin1,approved,"2026-04-22T17:55:52.898558Z"
"CMD-F791B32D759F",Admin1,approved,"2026-04-22T17:55:50.644358Z"
"CMD-4CD2CFD2B6E1",Admin1,approved,"2026-04-22T22:55:46.420362"
"CMD-4188725E412A",Admin1,approved,"2026-04-22T17:55:42.697042Z"
"CMD-2FDCE4A736CF",User1,approved,"2026-04-22T22:55:37.604119"
"CMD-7893AB2BD0F9",Admin1,approved,"2026-04-22T22:55:29.956671"
"CMD-3C6EAF1ABD9C",Admin1,approved,"2026-04-22T17:55:25.919202Z"
"CMD-A5A1803604CB",User1,approved,"2026-04-22T22:55:20.368209"
"CMD-B50220C19AE3",Admin1,approved,"2026-04-22T22:55:13.746215"
"CMD-FFABB589E87B",User1,approved,"2026-04-22T22:55:07.201469"
"CMD-7BDD13061CA7",Admin1,approved,"2026-04-22T22:55:00.394422"
"CMD-9E75AE57EE54",Admin1,approved,"2026-04-22T22:54:55.674843"
"CMD-1CD5670C47DD",Admin1,approved,"2026-04-22T22:54:51.050352"
"CMD-BF3DFB6D3DC5",User1,approved,"2026-04-22T22:54:44.326216"
"CMD-5AEE3EAA84AE",Admin1,approved,"2026-04-22T22:54:37.742055"
"CMD-DD05B0CFF54E",Admin1,approved,"2026-04-22T22:54:32.973628"
"CMD-36693E6A464B",Admin1,approved,"2026-04-22T22:54:28.510535"
"CMD-780484B2FE03",Admin1,approved,"2026-04-22T22:54:24.014794"
"CMD-B494F829AB78",Admin1,approved,"2026-04-22T22:54:17.948120"
"CMD-F9D6AEB943AC",Admin1,approved,"2026-04-22T17:54:14.007770Z"
"CMD-115F7AF772B4",Admin1,approved,"2026-04-22T22:54:10.656614"
"CMD-BD79227EBFA6",User1,approved,"2026-04-22T22:54:03.975850"
"CMD-16A848DAF77D",Admin1,approved,"2026-04-22T17:53:57.764160Z"
"CMD-92B2975BB9F7",Admin1,approved,"2026-04-22T17:53:55.222323Z"
"CMD-B06ABC4D1791",Admin1,approved,"2026-04-22T17:53:52.700063Z"
"CMD-8C7562CC17E7",Admin1,approved,"2026-04-22T17:53:49.987169Z"
"CMD-1BDE1BA3EF26",User1,approved,"2026-04-22T22:53:44.807795"
"CMD-C8A1708EA2A5",User1,approved,"2026-04-22T22:53:40.193939"
"CMD-3EFEAC09CA11",User1,approved,"2026-04-22T22:53:35.345448"
"CMD-C04D4858148C",User1,approved,"2026-04-22T22:53:30.438759"
"CMD-529C4552AF3F",Admin1,approved,"2026-04-22T22:53:22.568795"
"CMD-D13218E8BF56",Admin1,approved,"2026-04-22T17:53:18.447972Z"
"CMD-8415FA52DEC7",Admin1,approved,"2026-04-22T22:53:15.138414"
"CMD-01B5E8508436",User1,approved,"2026-04-22T22:53:08.197677"
"CMD-754130EF7FFA",User1,approved,"2026-04-22T22:53:03.538089"
"CMD-9FDA95BC470B",User1,approved,"2026-04-22T22:52:58.072756"
"CMD-7EF922CD66E3",Admin1,approved,"2026-04-22T17:52:51.414710Z"
"CMD-D99526900C37",User1,approved,"2026-04-22T22:52:46.047241"
"CMD-78AB9CB09484",Admin1,approved,"2026-04-22T22:52:38.994848"
"CMD-9B11F9D6C771",Admin1,approved,"2026-04-22T22:52:34.070858"
"CMD-2A37469E1BF7",User1,approved,"2026-04-22T22:52:26.882223"
"CMD-BBD1AD0DA683",User1,approved,"2026-04-22T22:52:22.177719"
"CMD-64010A61C568",Admin1,approved,"2026-04-22T22:52:15.155941"
"CMD-B7DCE893127E",Admin1,approved,"2026-04-22T22:52:10.453740"
"CMD-B664CD95B45E",Admin1,approved,"2026-04-22T22:52:05.966096"
"CMD-9F675A503648",Admin1,approved,"2026-04-22T22:52:00.007954"
"CMD-CF94E486F5A3",Admin1,approved,"2026-04-22T17:51:56.480891Z"
"CMD-E578A970EEB9",Admin1,approved,"2026-04-22T22:51:53.065755"
"CMD-8EA16698FD66",User1,approved,"2026-04-22T22:51:46.402244"
"CMD-F868778E12F5",User1,approved,"2026-04-22T22:51:41.789417"
"CMD-FE976BB260E1",User1,approved,"2026-04-22T22:51:37.265496"
"CMD-78E5D5EEC402",Admin1,approved,"2026-04-22T22:51:30.524081"
"CMD-737744756727",User1,approved,"2026-04-22T22:51:23.906424"
"CMD-7EFFB7BCDB52",Admin1,approved,"2026-04-22T22:51:17.183636"
"CMD-A462570AABEB",Admin1,approved,"2026-04-22T22:51:11.320765"
"CMD-74F1F133C846",Admin1,approved,"2026-04-22T17:51:07.536043Z"
"CMD-9A58278E8F89",User1,approved,"2026-04-22T22:51:02.121603"
"CMD-9CFFC13A7193",Admin1,approved,"2026-04-22T17:50:55.986481Z"
"CMD-E31784DF6C39",User1,approved,"2026-04-22T22:50:50.412785"
"CMD-BD0C9B0DFF7C",User1,approved,"2026-04-22T22:50:45.401343"
"CMD-5BF48B899C82",User1,approved,"2026-04-22T22:50:40.665060"
"CMD-130235AB54E1",User1,approved,"2026-04-22T22:50:36.069263"
"CMD-D61D3A2DCF37",User1,approved,"2026-04-22T22:50:31.294608"
"CMD-CDE1B2AAC817",User1,approved,"2026-04-22T22:50:26.402764"
"CMD-CFCE2C0D5D2C",User1,approved,"2026-04-22T22:50:21.532483"
"CMD-EEAB05A1EAD5",Admin1,approved,"2026-04-22T22:50:13.743156"
"CMD-AF31099FD05A",Admin1,approved,"2026-04-22T22:50:08.901505"
"CMD-256E5E197B4F",Admin1,approved,"2026-04-22T22:50:04.148228"
"CMD-594A877C14D3",User1,approved,"2026-04-22T22:49:57.405082"
"CMD-E3FE4FBD6BC9",User1,approved,"2026-04-22T22:49:52.784936"
"CMD-0FCA6130783C",Admin1,approved,"2026-04-22T22:49:46.197087"
"CMD-B27DFBE7CA9D",User1,approved,"2026-04-22T22:49:39.324648"
"CMD-D3F713B4665D",Admin1,approved,"2026-04-22T17:49:33.287207Z"
"CMD-463B8FAFC75C",Admin1,approved,"2026-04-22T17:49:30.623051Z"
"CMD-BFE309288FD0",Admin1,approved,"2026-04-22T22:49:27.034525"
"CMD-7E407FB95608",User1,approved,"2026-04-22T22:49:20.281791"
"CMD-9F0618FD0338",Admin1,approved,"2026-04-22T22:49:13.371465"
"CMD-D9A8D7550E6B",User1,approved,"2026-04-22T22:49:06.667749"
"CMD-38E8FB6B9B55",User1,approved,"2026-04-22T22:49:01.871314"
"CMD-FC0CC6D224F8",Admin1,approved,"2026-04-22T22:48:54.074319"
"CMD-01A3E2F10C5E",Admin1,approved,"2026-04-22T17:48:50.402035Z"
"CMD-EDB70FD1F53A",Admin1,approved,"2026-04-22T17:48:47.837009Z"
"CMD-93436480E55B",Admin1,approved,"2026-04-22T22:48:44.364387"
"CMD-6F8FE11348B4",User1,approved,"2026-04-22T22:48:37.627508"
"CMD-52BDD2E1991E",User1,approved,"2026-04-22T22:48:32.774551"
"CMD-1B8696F9669D",Admin1,approved,"2026-04-22T17:48:26.844625Z"
"CMD-4D731D6AF977",Admin1,approved,"2026-04-22T22:48:23.601844"
"CMD-9EFDF9E5D9B4",Admin1,approved,"2026-04-22T22:48:17.878388"
"CMD-7C7F31355E31",Admin1,approved,"2026-04-22T17:48:14.296772Z"
"CMD-DD5312AFADFC",User1,approved,"2026-04-22T22:48:09.051279"
"CMD-987F15AA63C4",User1,approved,"2026-04-22T22:48:04.648229"
"CMD-EF0998B38D7C",User1,approved,"2026-04-22T22:48:00.111472"
"CMD-50E0667A596A",User1,approved,"2026-04-22T22:47:55.662455"
"CMD-971E5B1EF777",Admin1,approved,"2026-04-22T22:47:48.933052"
"CMD-CA279AA33058",Admin1,approved,"2026-04-22T22:47:43.160251"
"CMD-9EA7DBB91BBF",Admin1,approved,"2026-04-22T17:47:39.490645Z"
"CMD-A75ED72EF469",User1,approved,"2026-04-22T22:47:34.276325"
"CMD-88FE82A6DF2A",Admin1,approved,"2026-04-22T22:47:26.496562"
"CMD-CAC973245E43",Admin1,approved,"2026-04-22T17:47:22.818927Z"
"CMD-31C99268BE4B",User1,approved,"2026-04-22T22:47:17.272312"
"CMD-4B7C59C9A19C",Admin1,approved,"2026-04-22T22:47:10.736579"
"CMD-80991DD5213C",User1,approved,"2026-04-22T22:46:49.161594"
"CMD-EA76174B889A",Admin1,approved,"2026-04-22T17:46:43.342237Z"
"CMD-3B5A4BA2BB20",Admin1,approved,"2026-04-22T22:46:39.395514"
"CMD-0519D043A223",Admin1,approved,"2026-04-22T17:46:35.333274Z"
"CMD-4B584C6B2A0B",User1,approved,"2026-04-22T22:46:30.004791"
"CMD-EFC2A2982AEA",Admin1,approved,"2026-04-22T17:46:24.097631Z"
"CMD-9C9984263BF9",Admin1,approved,"2026-04-22T17:46:21.418061Z"
"CMD-D7A0EA76B76E",Admin1,approved,"2026-04-22T22:46:17.200787"
"CMD-D6D845BAD2D4",Admin1,approved,"2026-04-22T17:46:13.016321Z"
"CMD-584833A87A58",Admin1,approved,"2026-04-22T22:46:09.599717"
"CMD-F9D5F774E23D",Admin1,approved,"2026-04-22T22:46:04.403919"
"CMD-D9DE4BE16A73",User1,approved,"2026-04-22T22:45:57.692354"
"CMD-766427E86933",Admin1,approved,"2026-04-22T17:45:51.622590Z"
"CMD-DA4A2E2668A4",Admin1,approved,"2026-04-22T22:45:47.922644"
"CMD-95E2D06A9A84",User1,approved,"2026-04-22T22:45:41.451470"
"CMD-DF65C560B121",Admin1,approved,"2026-04-22T22:45:34.624364"
"CMD-C4BBEB5EE8DC",User1,approved,"2026-04-22T22:45:28.011470"
"CMD-791AA55EA6AE",User1,approved,"2026-04-22T22:45:22.386611"
"CMD-CF5D41FA5237",Admin1,approved,"2026-04-22T17:45:18.643305Z"
"CMD-AC9415994DE3",User1,approved,"2026-04-22T22:45:13.135051"
"CMD-392C66A839A7",User1,approved,"2026-04-22T22:45:08.511028"
"CMD-94B23D516C38",Admin1,approved,"2026-04-22T22:45:01.756407"
"CMD-5C6A93E283D9",User1,approved,"2026-04-22T22:44:54.928566"
"CMD-BC4E7E78053A",Admin1,approved,"2026-04-22T22:44:46.685757"
"CMD-F35D452B93E0",Admin1,approved,"2026-04-22T17:44:43.089858Z"
"CMD-A05463B0EE8C",Admin1,approved,"2026-04-22T22:44:39.590592"
"CMD-5C8F63CD1B3A",User1,approved,"2026-04-22T22:44:32.712645"
"CMD-B42F2A8BE371",User1,approved,"2026-04-22T22:44:27.840021"
"CMD-329CE16EAED3",User1,approved,"2026-04-22T22:44:22.965540"
"CMD-0D7D67435904",User1,approved,"2026-04-22T22:44:18.375046"
"CMD-1846BA43E481",Admin1,approved,"2026-04-22T17:44:12.551014Z"
"CMD-C4646CFB06F5",Admin1,approved,"2026-04-22T17:44:09.990083Z"
"CMD-BDF553D6CADB",Admin1,approved,"2026-04-22T22:44:06.309039"
"CMD-DF85B44121DB",Admin1,approved,"2026-04-22T22:44:01.581246"
"CMD-93F8761D7438",User1,approved,"2026-04-22T22:43:54.812667"
"CMD-831D44F572FD",Admin1,approved,"2026-04-22T22:43:47.512753"
"CMD-3515EAECB340",User1,approved,"2026-04-22T22:43:40.565368"
"CMD-291A43422A03",Admin1,approved,"2026-04-22T22:43:32.634547"
"CMD-1CBF76ABE975",Admin1,approved,"2026-04-22T17:43:28.671471Z"
"CMD-5262195F3C9E",User1,approved,"2026-04-22T22:43:23.240032"
"CMD-34CFE105FAC8",Admin1,approved,"2026-04-22T17:43:17.459035Z"
"CMD-173BDA4D3385",Admin1,approved,"2026-04-22T17:43:14.801259Z"
"CMD-8AF40428C8E2",Admin1,approved,"2026-04-22T22:43:11.563800"
"CMD-697BB0728EF5",User1,approved,"2026-04-22T22:43:04.863200"
"CMD-858C3BDD117C",User1,approved,"2026-04-22T22:42:59.966271"
"CMD-9EA99AC50C94",User1,approved,"2026-04-22T22:42:55.268506"
"CMD-EAAF46B5B605",Admin1,approved,"2026-04-22T22:42:48.380336"
"CMD-CEE6BFBA2B14",Admin1,approved,"2026-04-22T22:42:43.622402"
"CMD-DCD11E27EAFD",Admin1,approved,"2026-04-22T22:42:39.187279"
"CMD-CB26B21A504A",Admin1,approved,"2026-04-22T22:42:34.418180"
"CMD-71F47072974F",Admin1,approved,"2026-04-22T22:42:29.747603"
"CMD-DD6C657A51EB",User1,approved,"2026-04-22T22:42:23.349649"
"CMD-003B6143B1B0",Admin1,approved,"2026-04-22T22:42:15.845467"
"CMD-E4A5AB32EB90",Admin1,approved,"2026-04-22T17:42:12.107208Z"
"CMD-E9DBE9E8CBAB",User1,approved,"2026-04-22T22:42:06.725327"
"CMD-F0E605BED8E8",User1,approved,"2026-04-22T22:42:02.141451"
"CMD-5ED74CC5DD30",Admin1,approved,"2026-04-22T17:41:56.560450Z"
"CMD-3EE277C27F91",Admin1,approved,"2026-04-22T17:41:54.208629Z"
"CMD-FEF0FBA89055",Admin1,approved,"2026-04-22T17:41:51.889529Z"
"CMD-B45FCD88C898",Admin1,approved,"2026-04-22T22:41:48.588247"
"CMD-180CEE53AAB1",User1,approved,"2026-04-22T22:41:41.717705"
"CMD-5BCF33AE0D8F",User1,approved,"2026-04-22T22:41:36.890136"
"CMD-93199D3C87DE",User1,approved,"2026-04-22T22:41:32.129772"
"CMD-C5220C983B4E",User1,approved,"2026-04-22T22:41:27.542262"
"CMD-6A3F1C2C4C28",Admin1,approved,"2026-04-22T17:41:21.435513Z"
"CMD-7B787DBB92BE",Admin1,approved,"2026-04-22T22:41:17.992607"
"CMD-4A108672FF2A",User1,approved,"2026-04-22T22:41:10.392725"
"CMD-0FD3D064AD3C",Admin1,approved,"2026-04-22T17:41:06.440821Z"
"CMD-CA1A1E88BAEB",User1,approved,"2026-04-22T22:41:01.007126"
"CMD-CBFC5C3A77A3",User1,approved,"2026-04-22T22:40:56.169644"
"CMD-A6A521E7A8F9",Admin1,approved,"2026-04-22T22:40:49.334890"
"CMD-45D5400172C2",User1,approved,"2026-04-22T22:40:42.574940"
"CMD-D6C03306DACA",Admin1,approved,"2026-04-22T22:40:35.604857"
"CMD-621A95BD3FF5",Admin1,approved,"2026-04-22T22:40:31.071769"
"CMD-36C7DFB0F7CC",Admin1,approved,"2026-04-22T22:40:25.764279"
"CMD-D314F101642F",User1,approved,"2026-04-22T22:40:19.126276"
"CMD-1D8116D25DC7",Admin1,approved,"2026-04-22T22:40:12.617758"
"CMD-33FE96BC004B",Admin1,approved,"2026-04-22T22:40:06.785342"
"CMD-DAB0768D2B92",Admin1,approved,"2026-04-22T17:40:03.152595Z"
"CMD-A112F84EC3D3",Admin1,approved,"2026-04-22T22:39:59.959391"
"CMD-EAF716758A1E",User1,approved,"2026-04-22T22:39:53.248688"
"CMD-43B7CA3357DF",Admin1,approved,"2026-04-22T22:39:46.685753"
"CMD-3C7DCF04192B",User1,approved,"2026-04-22T22:39:40.049124"
"CMD-0E1740EA19F1",Admin1,approved,"2026-04-22T22:39:32.143876"
"CMD-55BA2C620EAF",Admin1,approved,"2026-04-22T17:39:28.714263Z"
"CMD-FDAACBE9993B",Admin1,approved,"2026-04-22T22:39:25.503118"
"CMD-D52EF0C41C89",User1,approved,"2026-04-22T22:39:19.157067"
"CMD-986377393495",Admin1,approved,"2026-04-22T22:39:11.319356"
"CMD-3DCF14755510",Admin1,approved,"2026-04-22T17:39:07.906327Z"
"CMD-7F15EFC956A4",User1,approved,"2026-04-22T22:39:02.365209"
"CMD-58B769AB7158",Admin1,approved,"2026-04-22T22:38:55.709414"
"CMD-90F17B87BB15",Admin1,approved,"2026-04-22T22:38:51.222679"
"CMD-47A8AED472E5",User1,approved,"2026-04-22T22:38:43.364339"
"CMD-A105A1465F71",User1,approved,"2026-04-22T22:38:38.865173"
"CMD-DE564874D8EE",User1,approved,"2026-04-22T22:38:34.340085"
"CMD-748963D3A2AB",User1,approved,"2026-04-22T22:38:29.916815"
"CMD-63EB70D82E7C",Admin1,approved,"2026-04-22T22:38:23.517375"
"CMD-788116DA6DEA",User1,approved,"2026-04-22T22:38:15.652753"
"CMD-C801C7BB4609",Admin1,approved,"2026-04-22T17:38:12.122494Z"
"CMD-DC278374F4BC",User1,approved,"2026-04-22T22:38:06.743763"
"CMD-3ABE47BEB12A",Admin1,approved,"2026-04-22T22:38:00.185196"
"CMD-7A8667374079",User1,approved,"2026-04-22T22:37:53.741839"
"CMD-8735BDD9A742",Admin1,approved,"2026-04-22T17:37:47.902284Z"
"CMD-808E645C4533",Admin1,approved,"2026-04-22T22:37:44.476026"
"CMD-5ADC67DF410A",User1,approved,"2026-04-22T22:37:37.601705"
"CMD-93B3B111307E",Admin1,approved,"2026-04-22T22:37:29.217445"
"CMD-099CD111AB6B",User1,approved,"2026-04-22T22:37:22.111024"
"CMD-1332BDEAC2FF",Admin1,approved,"2026-04-22T17:37:16.051083Z"
"CMD-9AF545AFD4C0",Admin1,approved,"2026-04-22T22:37:11.831482"
"CMD-C93CE8B7B7B8",Admin1,approved,"2026-04-22T22:37:06.308332"
"CMD-A51D2AAD9B42",User1,approved,"2026-04-22T22:36:59.314412"
"CMD-182668390DFB",User1,approved,"2026-04-22T22:36:54.410258"
"CMD-5AFA1F6BAC87",User1,approved,"2026-04-22T22:36:49.443482"
"CMD-0CEC70B1B8F3",User1,approved,"2026-04-22T22:36:44.556532"
"CMD-91A9AF0DC785",Admin1,approved,"2026-04-22T22:36:36.325488"
"CMD-8FB458EE11C3",Admin1,approved,"2026-04-22T17:36:31.970330Z"
"CMD-5D3887A6858F",User1,approved,"2026-04-22T22:36:25.986252"
"CMD-F9577E75534A",User1,approved,"2026-04-22T22:36:20.552149"
"CMD-FA93C2A4C7A9",Admin1,approved,"2026-04-22T22:36:13.300513"
"CMD-AC3E136415E3",Admin1,approved,"2026-04-22T22:36:08.451223"
"CMD-B53A5627C490",User1,approved,"2026-04-22T22:36:01.151624"
"CMD-8341C486A04C",User1,approved,"2026-04-22T22:35:56.238422"
"CMD-04EB076F899E",Admin1,approved,"2026-04-22T22:35:48.003035"
"CMD-5E787C4A520F",Admin1,approved,"2026-04-22T17:35:44.024376Z"
"CMD-0A93EB8AC158",User1,approved,"2026-04-22T22:35:38.016800"
"CMD-15E9059176F8",Admin1,approved,"2026-04-22T17:35:32.050656Z"
"CMD-2755FD89AA83",User1,approved,"2026-04-22T22:35:26.634793"
"CMD-C2D3865FF23D",User1,approved,"2026-04-22T22:35:21.936479"
"CMD-929F90B0E4AA",Admin1,approved,"2026-04-22T22:35:14.898922"
"CMD-A22C3E0B12E1",Admin1,approved,"2026-04-22T22:35:08.636314"
"CMD-EFACA2284066",Admin1,approved,"2026-04-22T17:35:04.654806Z"
"CMD-B4475F0E70BF",User1,approved,"2026-04-22T22:34:58.854763"
"CMD-88C89EA233E8",Admin1,approved,"2026-04-22T17:34:52.746178Z"
"CMD-FE94AC97BDDA",Admin1,approved,"2026-04-22T17:34:49.727579Z"
"CMD-7679AAD5EFB3",Admin1,approved,"2026-04-22T17:34:47.017060Z"
"CMD-6547840ED185",Admin1,approved,"2026-04-22T22:34:43.445120"
"CMD-E463FE216A84",User1,approved,"2026-04-22T22:34:36.473927"
"CMD-3AF92F3B508F",User1,approved,"2026-04-22T22:34:31.538468"
"CMD-61FCDC9E0381",User1,approved,"2026-04-22T22:34:26.439721"
"CMD-7434F55B92E1",Admin1,approved,"2026-04-22T17:34:20.352291Z"
"CMD-0D1A5F4FE860",User1,approved,"2026-04-22T22:34:14.708377"
"CMD-8A2AE17E57E0",User1,approved,"2026-04-22T22:34:09.831450"
"CMD-2062EE656806",User1,approved,"2026-04-22T22:34:05.086708"
"CMD-BD021DE9D060",Admin1,approved,"2026-04-22T22:33:58.173075"
"CMD-5AED10CF6634",User1,approved,"2026-04-22T22:33:51.093219"
"CMD-A20897282741",Admin1,approved,"2026-04-22T17:33:45.144748Z"
"CMD-AD647992AB59",Admin1,approved,"2026-04-22T22:33:41.741779"
"CMD-28279692A803",Admin1,approved,"2026-04-22T22:33:36.951740"
"CMD-2C33667165BE",User1,approved,"2026-04-22T22:33:30.214664"
"CMD-3049966ECA92",Admin1,approved,"2026-04-22T22:33:23.230147"
"CMD-B74051B38C63",User1,approved,"2026-04-22T22:33:16.430819"
"CMD-EDB0F6235048",Admin1,approved,"2026-04-22T22:33:08.248051"
"CMD-2DDAF99103DE",Admin1,approved,"2026-04-22T17:33:04.540912Z"
"CMD-0DED505A997D",Admin1,approved,"2026-04-22T17:33:01.922732Z"
"CMD-7AAD9048C5EC",User1,approved,"2026-04-22T22:32:56.517359"
"CMD-8989DD631C12",User1,approved,"2026-04-22T22:32:51.605345"
"CMD-206F3422E39C",User1,approved,"2026-04-22T22:32:46.863981"
"CMD-85D6F5BAA3E6",User1,approved,"2026-04-22T22:32:40.742499"
"CMD-61D91E21FE67",Admin1,approved,"2026-04-22T17:32:36.882644Z"
"CMD-C4DF4DAC6D05",User1,approved,"2026-04-22T22:32:31.435738"
"CMD-EF37D961D41A",User1,approved,"2026-04-22T22:32:26.682348"
"CMD-BF4B4D59A6B3",User1,approved,"2026-04-22T22:32:21.867402"
"CMD-9B9FF1D367AC",Admin1,approved,"2026-04-22T22:32:15.236244"
"CMD-73669DD988AB",User1,approved,"2026-04-22T22:32:08.391339"
"CMD-27D7356190FF",Admin1,approved,"2026-04-22T22:31:59.606214"
"CMD-9F3CDBA48DD9",Admin1,approved,"2026-04-22T17:31:55.965821Z"
"CMD-AF7B71133B5B",User1,approved,"2026-04-22T22:31:50.401641"
"CMD-DBFC0A3B935C",User1,approved,"2026-04-22T22:31:45.777456"
"CMD-4802E5F24F55",Admin1,approved,"2026-04-22T22:31:39.083649"
"CMD-F84CA24E0E6E",Admin1,approved,"2026-04-22T22:31:34.621915"
"CMD-CB2E485EC08C",User1,approved,"2026-04-22T22:31:27.871529"
"CMD-404BE20A7853",User1,approved,"2026-04-22T22:31:23.206606"
"CMD-80BDE1C6DAAB",Admin1,approved,"2026-04-22T22:31:16.550176"
"CMD-7A0706440369",User1,approved,"2026-04-22T22:31:09.947428"
"CMD-7363554163AC",Admin1,approved,"2026-04-22T22:31:03.136912"
"CMD-E49F71F57521",Admin1,approved,"2026-04-22T22:30:58.528078"
"CMD-21B3672ABB26",Admin1,approved,"2026-04-22T22:30:53.828823"
"CMD-5F8FD6CFB8AE",Admin1,approved,"2026-04-22T22:30:47.975784"
"CMD-C29F16A31894",Admin1,approved,"2026-04-22T17:30:44.165360Z"
"CMD-35D3E5779CEC",Admin1,approved,"2026-04-22T17:30:41.682588Z"
"CMD-2975FCC2D7E0",Admin1,approved,"2026-04-22T22:30:37.009439"
"CMD-EC246AB64705",Admin1,approved,"2026-04-22T17:30:33.214921Z"
"CMD-5FDBBD5A6626",User1,approved,"2026-04-22T22:30:27.949466"
"CMD-F67EAE52F402",User1,approved,"2026-04-22T22:30:22.073156"
"CMD-E9F08880BB66",Admin1,approved,"2026-04-22T17:30:18.602595Z"
"CMD-DAF79B56D80E",User1,approved,"2026-04-22T22:30:11.930736"
"CMD-79F980518005",Admin1,approved,"2026-04-22T17:30:08.401576Z"
"CMD-E841F01828C5",User1,approved,"2026-04-22T22:30:02.617079"
"CMD-DC45CB847749",Admin1,approved,"2026-04-22T22:29:55.825709"
"CMD-B31A626BC6D1",User1,approved,"2026-04-22T22:29:49.097120"
"CMD-3C66BD5CD7A1",User1,approved,"2026-04-22T22:29:43.137026"
"CMD-B09AD8EA425E",Admin1,approved,"2026-04-22T17:29:39.699169Z"
"CMD-36545ECB5835",User1,approved,"2026-04-22T22:29:32.628832"
"CMD-688076D2DE0C",Admin1,approved,"2026-04-22T17:29:29.163002Z"
"CMD-9DD6FD1792D1",User1,approved,"2026-04-22T22:29:24.018422"
"CMD-D0E1CF27FC33",Admin1,approved,"2026-04-22T22:29:16.066176"
"CMD-B82BECEBBFE7",Admin1,approved,"2026-04-22T17:29:12.439298Z"
"CMD-7B5E8D315C3C",User1,approved,"2026-04-22T22:29:07.273529"
"CMD-A7F6162DA4A8",User1,approved,"2026-04-22T22:29:01.447107"
"CMD-430E2FCF1C98",Admin1,approved,"2026-04-22T17:28:57.880640Z"
"CMD-FAA93890ABF4",User1,approved,"2026-04-22T22:28:52.621210"
"CMD-9F0D18EABBB1",Admin1,approved,"2026-04-22T22:28:43.847460"
"CMD-87D0CD5A2F00",Admin1,approved,"2026-04-22T17:28:40.399100Z"
"CMD-788017970A75",User1,approved,"2026-04-22T22:28:34.971784"
"CMD-192BB1BCCD83",User1,approved,"2026-04-22T22:28:30.213057"
"CMD-663CFCADD320",User1,approved,"2026-04-22T22:28:25.500958"
"CMD-27660ACB0C5B",User1,approved,"2026-04-22T22:28:19.324486"
"CMD-15392BCC89D5",Admin1,approved,"2026-04-22T17:28:15.639182Z"
"CMD-1F1EA0D991B1",User1,approved,"2026-04-22T22:28:10.099586"
"CMD-49EF49DF95C0",User1,approved,"2026-04-22T22:28:05.303691"
"CMD-3E1DC38A804C",Admin1,approved,"2026-04-22T22:27:58.249389"
"CMD-7013D3560EF9",Admin1,approved,"2026-04-22T22:27:53.076289"
"CMD-E9CF514447A0",User1,approved,"2026-04-22T22:27:46.366539"
"CMD-D4DD3B1636B8",User1,approved,"2026-04-22T22:27:41.599734"
"CMD-0A2E7FC9A0A7",Admin1,approved,"2026-04-22T22:27:34.427603"
"CMD-FDEC694B08F4",Admin1,approved,"2026-04-22T22:27:29.710480"
"CMD-C8BEED51128F",User1,approved,"2026-04-22T22:27:23.078836"
"CMD-04E2358CB8C9",User1,approved,"2026-04-22T22:27:17.716780"
"CMD-501B3B4D3855",Admin1,approved,"2026-04-22T17:27:11.310779Z"
"CMD-80F6B7BB46FE",User1,approved,"2026-04-22T22:27:05.499120"
"CMD-82467248A3AE",Admin1,approved,"2026-04-22T22:26:58.342938"
"CMD-75140881BCE6",Admin1,approved,"2026-04-22T22:26:53.536985"
"CMD-7316883000F4",User1,approved,"2026-04-22T22:26:46.721698"
"CMD-F023E5E449F6",Admin1,approved,"2026-04-22T22:26:39.853899"
"CMD-40B6AB0BCC0B",Admin1,approved,"2026-04-22T22:26:34.589523"
"CMD-6015B20E98B5",User1,approved,"2026-04-22T22:26:27.615469"
"CMD-B0B8D0C25833",Admin1,approved,"2026-04-22T22:26:20.823298"
"CMD-160D13918E95",User1,approved,"2026-04-22T22:26:13.984217"
"CMD-F9DDD2E90E79",User1,approved,"2026-04-22T22:26:09.065440"
"CMD-8BC152242C29",Admin1,approved,"2026-04-22T22:26:02.432265"
"CMD-DD947975EFC1",User1,approved,"2026-04-22T22:25:55.538944"
"CMD-27E62982996F",User1,approved,"2026-04-22T22:25:51.090695"
"CMD-4569DBF10BA9",User1,approved,"2026-04-22T22:25:46.194305"
"CMD-ADA5C36D4AEB",Admin1,approved,"2026-04-22T22:25:39.158643"
"CMD-F139CB7EF085",User1,approved,"2026-04-22T22:25:31.987078"
"CMD-1D1668D6121B",User1,approved,"2026-04-22T22:25:27.045383"
"CMD-9580266E7092",User1,approved,"2026-04-22T22:25:20.356708"
"CMD-69335D0CF898",Admin1,approved,"2026-04-22T17:25:16.541218Z"
"CMD-ACE266AFFE34",User1,approved,"2026-04-22T22:25:10.959131"
"CMD-C5BA549C1941",User1,approved,"2026-04-22T22:25:06.405733"
"CMD-8037BBCB6619",User1,approved,"2026-04-22T22:25:01.679547"
"CMD-C5ACCD1F5E22",User1,approved,"2026-04-22T22:24:57.124221"
"CMD-D4C0911AAF17",User1,approved,"2026-04-22T22:24:52.361290"
"CMD-70D85D4A646E",Admin1,approved,"2026-04-22T22:24:45.729167"
"CMD-645A7607C70F",User1,approved,"2026-04-22T22:24:39.107398"
"CMD-5BE7B168D14C",User1,approved,"2026-04-22T22:24:34.708154"
"CMD-13A94097E4E5",Admin1,approved,"2026-04-22T17:24:29.210941Z"
"CMD-37986A0BD156",Admin1,approved,"2026-04-22T17:24:26.816956Z"
"CMD-A110EA5945C6",User1,approved,"2026-04-22T22:24:21.351440"
"CMD-EDED93F806C1",Admin1,approved,"2026-04-22T22:24:14.508068"
"CMD-39746D53C060",User1,approved,"2026-04-22T22:24:07.847036"
"CMD-72321C86A6C4",Admin1,approved,"2026-04-22T22:24:01.113735"
"CMD-2260452293C0",Admin1,approved,"2026-04-22T22:23:56.609555"
"CMD-98212EBEBC48",User1,approved,"2026-04-22T22:23:48.386538"
"CMD-6125DF5DDCDF",Admin1,approved,"2026-04-22T22:23:41.658115"
"CMD-9D5D85BFABBE",Admin1,approved,"2026-04-22T22:23:35.961947"
"CMD-A909A879EF73",Admin1,approved,"2026-04-22T17:23:31.942485Z"
"CMD-2F5315255BF1",User1,approved,"2026-04-22T22:23:26.248394"
"CMD-20283D0AC06C",Admin1,approved,"2026-04-22T22:23:19.386375"
"CMD-BD044B73F836",User1,approved,"2026-04-22T22:23:11.293761"
"CMD-71C56F806F2C",Admin1,approved,"2026-04-22T17:23:07.346649Z"
"CMD-F7FABF13D562",User1,approved,"2026-04-22T22:23:01.829269"
"CMD-1A8BAFA65F08",User1,approved,"2026-04-22T22:22:57.048175"
"CMD-23C20A4EB4C5",Admin1,approved,"2026-04-22T22:22:49.751521"
"CMD-79781FDC11C4",User1,approved,"2026-04-22T22:22:42.745496"
"CMD-8EDAE9FC1B36",User1,approved,"2026-04-22T22:22:37.850619"
"CMD-AB99CAF1ACB2",User1,approved,"2026-04-22T22:22:32.802360"
"CMD-B32478E6CE83",Admin1,approved,"2026-04-22T22:22:25.214250"
"CMD-FB7BE863805B",Admin1,approved,"2026-04-22T22:22:19.662227"
"CMD-E232C2BDE2E6",Admin1,approved,"2026-04-22T17:22:15.643818Z"
"CMD-8F3A8EDC5D1F",User1,approved,"2026-04-22T22:22:10.301017"
"CMD-4067F5FBBD5B",User1,approved,"2026-04-22T22:22:05.545659"
"CMD-7539BD0DE79F",User1,approved,"2026-04-22T22:22:00.873953"
"CMD-CD330BC5E85E",User1,approved,"2026-04-22T22:21:56.196654"
"CMD-A144C40D88B3",User1,approved,"2026-04-22T22:21:51.343110"
"CMD-CE258314F336",Admin1,approved,"2026-04-22T17:21:45.748682Z"
"CMD-47B919FF15F0",Admin1,approved,"2026-04-22T22:21:42.191053"
"CMD-B0383D7AC54D",User1,approved,"2026-04-22T22:21:35.483227"
"CMD-427C920E2FC4",Admin1,approved,"2026-04-22T17:21:29.759285Z"
"CMD-B329CAB0C491",Admin1,approved,"2026-04-22T22:21:25.402933"
"CMD-E7675DCABD21",Admin1,approved,"2026-04-22T17:21:21.532218Z"
"CMD-19E286511DE3",Admin1,approved,"2026-04-22T17:21:19.088221Z"
"CMD-399E2CD3B1E8",Admin1,approved,"2026-04-22T22:21:15.965225"
"CMD-11D2D342D447",User1,approved,"2026-04-22T22:21:08.321578"
"CMD-C491AFB08700",Admin1,approved,"2026-04-22T17:21:04.703041Z"
"CMD-BE9D478934B4",User1,approved,"2026-04-22T22:20:59.644093"
"CMD-33FC40556CD4",Admin1,approved,"2026-04-22T22:20:53.332115"
"CMD-1CD8DE1CE75B",Admin1,approved,"2026-04-22T22:20:48.786104"
"CMD-5B25D0A4FB2A",User1,approved,"2026-04-22T22:20:42.387291"
"CMD-A081B3EF8A72",Admin1,approved,"2026-04-22T17:20:36.951220Z"
"CMD-7387197E2D96",Admin1,approved,"2026-04-22T17:20:34.785606Z"
"CMD-FB80A872EB83",User1,approved,"2026-04-22T22:20:29.673694"
"CMD-726E7835A4DF",Admin1,approved,"2026-04-22T22:20:22.006377"
"CMD-2F0C4B103FFA",Admin1,approved,"2026-04-22T17:20:18.533656Z"
"CMD-E66E2C5B5911",User1,approved,"2026-04-22T22:20:13.387880"
"CMD-4550215FFFFB",Admin1,approved,"2026-04-22T22:20:05.582050"
"CMD-89F43A1C798B",Admin1,approved,"2026-04-22T17:20:02.093578Z"
"CMD-435584263746",Admin1,approved,"2026-04-22T22:19:59.025082"
"CMD-2CDA70A3E78A",Admin1,approved,"2026-04-22T22:19:54.649818"
"CMD-86C097571DF3",Admin1,approved,"2026-04-22T22:19:50.278300"
"CMD-168076F207D7",Admin1,approved,"2026-04-22T22:19:44.182624"
"CMD-75EDD2B7EFA0",Admin1,approved,"2026-04-22T17:19:40.583508Z"
"CMD-B3CBC1EEF8FD",Admin1,approved,"2026-04-22T22:19:37.520020"
"CMD-5396A46B5B6E",Admin1,approved,"2026-04-22T22:19:32.940698"
"CMD-BCABCEF3DE2D",Admin1,approved,"2026-04-22T22:19:28.307873"
"CMD-C3A829205A3E",User1,approved,"2026-04-22T22:19:21.611289"
"CMD-0DA752D491B5",Admin1,approved,"2026-04-22T22:19:14.859077"
"CMD-205E2981BA0B",User1,approved,"2026-04-22T22:19:08.024230"
"CMD-ABE2F4D9B732",User1,approved,"2026-04-22T22:19:03.446071"
"CMD-7953A859F8F1",User1,approved,"2026-04-22T22:18:58.758036"
"CMD-CB713A37571F",Admin1,approved,"2026-04-22T22:18:51.215551"
"CMD-9EF734B49FFB",Admin1,approved,"2026-04-22T17:18:46.981661Z"
"CMD-827E65A66D38",Admin1,approved,"2026-04-22T22:18:42.364396"
"CMD-F1E9FEFC6CA2",Admin1,approved,"2026-04-22T17:18:38.805594Z"
"CMD-0961C9BDA6AC",User1,approved,"2026-04-22T22:18:33.542941"
"CMD-CF6444A2F253",Admin1,approved,"2026-04-22T22:18:26.715318"
"CMD-ABC5E09B5505",User1,approved,"2026-04-22T22:18:20.012296"
"CMD-99A4E6438474",Admin1,approved,"2026-04-22T22:18:13.309449"
"CMD-B0582ED74E96",Admin1,approved,"2026-04-22T22:18:08.647905"
"CMD-41CD3656651D",User1,approved,"2026-04-22T22:18:01.976061"
"CMD-E80582D25A99",Admin1,approved,"2026-04-22T22:17:55.275531"
"CMD-755908062E0A",Admin1,approved,"2026-04-22T22:17:50.701730"
"CMD-8961243E1210",Admin1,approved,"2026-04-22T22:17:45.040026"
"CMD-60F5628982D7",Admin1,approved,"2026-04-22T17:17:41.226256Z"
"CMD-F93F7221D414",User1,approved,"2026-04-22T22:17:35.721240"
"CMD-41283670EF65",User1,approved,"2026-04-22T22:17:31.148356"
"CMD-69E8536A91BB",Admin1,approved,"2026-04-22T22:17:23.624516"
"CMD-25F90640E278",Admin1,approved,"2026-04-22T17:17:20.065451Z"
"CMD-5F8A2B0D570C",User1,approved,"2026-04-22T22:17:14.754280"
"CMD-7CE2D978C910",Admin1,approved,"2026-04-22T22:17:08.186302"
"CMD-F5F2FF896235",User1,approved,"2026-04-22T22:17:01.656616"
"CMD-F2D34BC79AD7",User1,approved,"2026-04-22T22:16:57.181508"
"CMD-9776E9B6BF64",Admin1,approved,"2026-04-22T22:16:50.112503"
"CMD-A6BD25F8AF28",User1,approved,"2026-04-22T22:16:43.180147"
"CMD-D65003054B9D",User1,approved,"2026-04-22T22:16:38.233794"
"CMD-760BF37570D9",User1,approved,"2026-04-22T22:16:33.439795"
"CMD-CBAFB448E183",Admin1,approved,"2026-04-22T22:16:25.607154"
"CMD-90FD095DA4AF",Admin1,approved,"2026-04-22T17:16:21.664921Z"
"CMD-71E4F84952FE",Admin1,approved,"2026-04-22T17:16:19.198077Z"
"CMD-4918D1EB1F35",User1,approved,"2026-04-22T22:16:13.654260"
"CMD-F03AEDF65AAA",User1,approved,"2026-04-22T22:16:08.932143"
"CMD-1D4FC83614A4",User1,approved,"2026-04-22T22:16:03.925638"
"CMD-ACA2BDD50632",Admin1,approved,"2026-04-22T17:15:57.500530Z"
"CMD-3C84C63985F6",User1,approved,"2026-04-22T22:15:51.867879"
"CMD-CA168A792371",Admin1,approved,"2026-04-22T22:15:43.655904"
"CMD-A055F4149BE1",Admin1,approved,"2026-04-22T17:15:39.273544Z"
"CMD-FD145167FF66",Admin1,approved,"2026-04-22T22:15:34.689110"
"CMD-09CB99587370",Admin1,approved,"2026-04-22T17:15:30.953561Z"
"CMD-B5C69B30EA49",User1,approved,"2026-04-22T22:15:25.423237"
"CMD-DC5D8387A5BC",Admin1,approved,"2026-04-22T22:15:17.463121"
"CMD-EC46D14BDCBE",Admin1,approved,"2026-04-22T17:15:13.943855Z"
"CMD-87658E5B0CF8",User1,approved,"2026-04-22T22:15:08.066499"
"CMD-80B2DB292E9E",Admin1,approved,"2026-04-22T22:15:00.525764"
"CMD-4DE914E10250",User1,approved,"2026-04-22T22:14:53.087240"
"CMD-80DB3906AE93",User1,approved,"2026-04-22T22:14:47.352167"
"CMD-F756E3CAB09A",Admin1,approved,"2026-04-22T22:14:40.277596"
"CMD-C3F1D495ABC1",User1,approved,"2026-04-22T22:14:33.286661"
"CMD-B8A4F649A1E2",Admin1,approved,"2026-04-22T17:14:27.202898Z"
"CMD-65292E220865",User1,approved,"2026-04-22T22:14:21.355831"
"CMD-4E5B5FF87577",User1,approved,"2026-04-22T22:14:16.154338"
"CMD-3581597406C7",User1,approved,"2026-04-22T22:14:10.644592"
"CMD-4613724FA7DA",User1,approved,"2026-04-22T22:14:05.536753"
"CMD-E4416BDEA639",Admin1,approved,"2026-04-22T17:13:59.736504Z"
"CMD-72EF9585CEBE",Admin1,approved,"2026-04-22T22:13:56.138874"
"CMD-DD910699FDD4",User1,approved,"2026-04-22T22:13:49.294073"
"CMD-AE46EDC46FFD",User1,approved,"2026-04-22T22:13:44.003609"
"CMD-8A4385E48BE6",User1,approved,"2026-04-22T22:13:38.658457"
"CMD-0A9E4B114F2F",User1,approved,"2026-04-22T22:13:33.762962"
"CMD-F542B09B4C1E",Admin1,approved,"2026-04-22T22:13:26.881773"
"CMD-3385C385EC9B",User1,approved,"2026-04-22T22:13:19.685014"
"CMD-A709C0DE2D24",User1,approved,"2026-04-22T22:13:14.974753"
"CMD-8813F1510B0D",Admin1,approved,"2026-04-22T17:13:09.353433Z"
"CMD-C792493CEFC3",Admin1,approved,"2026-04-22T17:13:06.956439Z"
"CMD-960B2F2ECB70",Admin1,approved,"2026-04-22T22:13:00.939739"
"CMD-CD81EF46752C",Admin1,approved,"2026-04-22T17:12:57.309748Z"
"CMD-4094FEAF7469",Admin1,approved,"2026-04-22T22:12:53.802576"
"CMD-3FD53A39B56A",User1,approved,"2026-04-22T22:12:46.827770"
"CMD-3601807E4E2B",User1,approved,"2026-04-22T22:12:42.152570"
"CMD-70D6ED2D50B8",User1,approved,"2026-04-22T22:12:37.664202"
"CMD-8238EEDEFA64",User1,approved,"2026-04-22T22:12:32.607599"
"CMD-E2C6737ED7E6",Admin1,approved,"2026-04-22T17:12:26.389439Z"
"CMD-F17D6DEEE662",Admin1,approved,"2026-04-22T22:12:22.767968"
"CMD-34AB99DA3F40",User1,approved,"2026-04-22T22:12:15.469398"
"CMD-A33328D780D5",User1,approved,"2026-04-22T22:12:09.125263"
"CMD-571E1CAF6282",Admin1,approved,"2026-04-22T17:12:05.219884Z"
"CMD-8C144B4DEA1F",User1,approved,"2026-04-22T22:11:59.970902"
"CMD-04FA106DCCE8",Admin1,approved,"2026-04-22T22:11:50.025595"
"CMD-9E02CB39AE91",Admin1,approved,"2026-04-22T17:11:45.997188Z"
"CMD-C90CE509F11E",Admin1,approved,"2026-04-22T17:11:43.463504Z"
"CMD-3BAE59103A8B",Admin1,approved,"2026-04-22T17:11:40.804405Z"
"CMD-58D5B22BA8EC",User1,approved,"2026-04-22T22:11:35.595294"
"CMD-3D8903A5E2C3",User1,approved,"2026-04-22T22:11:30.543609"
"CMD-744B3CF501C9",User1,approved,"2026-04-22T22:11:26.148978"
"CMD-74BD09A9B77F",User1,approved,"2026-04-22T22:11:21.783224"
"CMD-2AF10C9645E4",Admin1,approved,"2026-04-22T17:11:16.292930Z"
"CMD-5DF509B76FFD",Admin1,approved,"2026-04-22T22:11:12.798319"
"CMD-53F65DA4B806",Admin1,approved,"2026-04-22T22:11:07.620812"
"CMD-508CF4A230D6",User1,approved,"2026-04-22T22:11:00.633688"
"CMD-0A6A6F1A296F",Admin1,approved,"2026-04-22T22:10:52.868798"
"CMD-BCE9023AE0AC",Admin1,approved,"2026-04-22T17:10:49.519422Z"
"CMD-C1AF4A774ED0",User1,approved,"2026-04-22T22:10:44.258932"
"CMD-23EC8F33ADB1",Admin1,approved,"2026-04-22T22:10:37.703196"
"CMD-6A03A3EC0041",Admin1,approved,"2026-04-22T22:10:32.448130"
"CMD-3FBD6DFD5E8E",User1,approved,"2026-04-22T22:10:25.057012"
"CMD-7647A1B7BF6D",Admin1,approved,"2026-04-22T22:10:17.952959"
"CMD-CF5004EC07D2",Admin1,approved,"2026-04-22T22:10:13.068003"
"CMD-5AEF27DC92B3",User1,approved,"2026-04-22T22:10:06.141420"
"CMD-1DB8DAD0FC97",User1,approved,"2026-04-22T22:10:00.972917"
"CMD-AC04B6972B50",User1,approved,"2026-04-22T22:09:46.257739"
"CMD-2D45BDA55DCB",Admin1,approved,"2026-04-22T22:09:37.646986"
"CMD-0ACA930440FB",Admin1,approved,"2026-04-22T17:09:34.029216Z"
"CMD-87C3D29FDEB5",Admin1,approved,"2026-04-22T22:09:28.143130"
"CMD-EC864D561317",Admin1,approved,"2026-04-22T17:09:24.233750Z"
"CMD-E8C6A8B3E54C",Admin1,approved,"2026-04-22T22:09:20.064747"
"CMD-D58AF5EA6C3A",User1,approved,"2026-04-22T22:09:13.099072"
"CMD-F53B12111528",User1,approved,"2026-04-22T22:09:07.658772"
"CMD-08C035DBD6A1",Admin1,approved,"2026-04-22T22:09:00.765566"
"CMD-25DA33920652",User1,approved,"2026-04-22T22:08:53.916917"
"CMD-AC286DBC4828",Admin1,approved,"2026-04-22T17:08:46.764397Z"
"CMD-AF5E495BDA67",Admin1,approved,"2026-04-22T22:08:42.515639"
"CMD-519B29645F1F",User1,approved,"2026-04-22T22:08:35.230851"
"CMD-C91DE3BFD418",User1,approved,"2026-04-22T22:08:30.142232"
"CMD-E5A8F979EE42",User1,approved,"2026-04-22T22:08:25.444728"
"CMD-858838690B52",User1,approved,"2026-04-22T22:08:20.455912"
"CMD-FF251864CE85",User1,approved,"2026-04-22T22:08:15.144312"
"CMD-28A784181A30",Admin1,approved,"2026-04-22T17:08:09.483994Z"
"CMD-1CD0F720D366",Admin1,approved,"2026-04-22T17:08:07.160586Z"
"CMD-9E09E340B428",Admin1,approved,"2026-04-22T22:08:03.734394"
"CMD-8B5EF899F458",User1,approved,"2026-04-22T22:07:57.238713"
"CMD-40A5BC232923",User1,approved,"2026-04-22T22:07:51.603427"
"CMD-9525653E02EE",Admin1,approved,"2026-04-22T17:07:47.977839Z"
"CMD-28D657217666",User1,approved,"2026-04-22T22:07:42.535709"
"CMD-1262A0833653",User1,approved,"2026-04-22T22:07:37.851782"
"CMD-D73584DA4E72",Admin1,approved,"2026-04-22T22:07:31.057498"
"CMD-B845D02B3BC5",User1,approved,"2026-04-22T22:07:24.415616"
"CMD-A9BA0AC7E1B3",User1,approved,"2026-04-22T22:07:19.874190"
"CMD-6D310BA60457",Admin1,approved,"2026-04-22T22:07:11.871197"
"CMD-8153CF8C4EAD",Admin1,approved,"2026-04-22T17:07:07.974979Z"
"CMD-9D77E5A7E929",User1,approved,"2026-04-22T22:07:02.009738"
"CMD-69D050BB5750",User1,approved,"2026-04-22T22:06:57.172067"
"CMD-09507AADE439",User1,approved,"2026-04-22T22:06:52.390304"
"CMD-81324D049674",Admin1,approved,"2026-04-22T22:06:45.874340"
"CMD-9C94718313CE",Admin1,approved,"2026-04-22T22:06:40.225253"
"CMD-6AC9E4DB8408",Admin1,approved,"2026-04-22T17:06:36.430766Z"
"CMD-1D66DBC54038",User1,approved,"2026-04-22T22:06:30.798355"
"CMD-66F558AF34C3",User1,approved,"2026-04-22T22:06:25.138985"
"CMD-2D001F2CF1AD",Admin1,approved,"2026-04-22T17:06:21.386561Z"
"CMD-5546C0AD6A81",User1,approved,"2026-04-22T22:06:16.097472"
"CMD-0D9D60700993",Admin1,approved,"2026-04-22T22:06:09.514305"
"CMD-D27F8648F2E0",User1,approved,"2026-04-22T22:06:02.860311"
"CMD-07E0EE917E88",User1,approved,"2026-04-22T22:05:58.449556"
"CMD-A189D6BE933A",Admin1,approved,"2026-04-22T22:05:51.687546"
"CMD-B7FDA52B6163",User1,approved,"2026-04-22T22:05:45.149251"
"CMD-C1385D7061C3",Admin1,approved,"2026-04-22T22:05:38.629852"
"CMD-CABE11019532",User1,approved,"2026-04-22T22:05:31.901608"
"CMD-604604901B42",Admin1,approved,"2026-04-22T17:05:26.174183Z"
"CMD-6A0A56BEE8BD",Admin1,approved,"2026-04-22T22:05:22.950370"
"CMD-BA1CF1EED9E7",Admin1,approved,"2026-04-22T22:05:17.457029"
"CMD-80C6CF7F8AB0",Admin1,approved,"2026-04-22T17:05:12.348299Z"
"CMD-95FF8A9B8428",User1,approved,"2026-04-22T22:05:07.159942"
"CMD-4D96383F5CBD",Admin1,approved,"2026-04-22T22:05:00.446594"
"CMD-DE1232F386E5",User1,approved,"2026-04-22T22:04:53.675259"
"CMD-E5BF15BF6D9A",User1,approved,"2026-04-22T22:04:49.034948"
"CMD-53F15370DF56",User1,approved,"2026-04-22T22:04:44.333895"
"CMD-2D291FF704AA",Admin1,approved,"2026-04-22T22:04:37.285100"
"CMD-76B476E68FF7",User1,approved,"2026-04-22T22:04:30.556731"
"CMD-2C7E8A84118A",User1,approved,"2026-04-22T22:04:24.958127"
"CMD-BBA2D9F864C5",Admin1,approved,"2026-04-22T17:04:21.150835Z"
"CMD-9E708AEFB4E4",User1,approved,"2026-04-22T22:04:15.766889"
"CMD-F157F02A046E",User1,approved,"2026-04-22T22:04:10.602971"
"CMD-8B5EC25E6B74",Admin1,approved,"2026-04-22T22:03:58.707473"
"CMD-2E42C615CFD7",User1,approved,"2026-04-22T22:03:51.902071"
"CMD-B77789768FD8",User1,approved,"2026-04-22T22:03:47.185293"
"CMD-73364F1F7323",Admin1,approved,"2026-04-22T17:03:41.176524Z"
"CMD-A57C2160AA38",User1,approved,"2026-04-22T22:03:35.706395"
"CMD-5ACCE37D5239",Admin1,approved,"2026-04-22T17:03:29.630429Z"
"CMD-B13FBF86B338",Admin1,approved,"2026-04-22T22:03:25.480909"
"CMD-9D54923C16ED",Admin1,approved,"2026-04-22T17:03:21.540300Z"
"CMD-B4FFD7243A2D",Admin1,approved,"2026-04-22T17:03:19.024171Z"
"CMD-FAA86FE1234A",User1,approved,"2026-04-22T22:03:13.412853"
"CMD-D07DC2AC3375",User1,approved,"2026-04-22T22:03:08.515587"
"CMD-8B39191544A1",Admin1,approved,"2026-04-22T22:03:00.704983"
"CMD-AA6A30B29278",Admin1,approved,"2026-04-22T17:02:57.093488Z"
"CMD-CDC07E6ECAD7",User1,approved,"2026-04-22T22:02:51.916383"
"CMD-9FF67FF22711",Admin1,approved,"2026-04-22T22:02:45.143640"
"CMD-D68FDBFAE3A8",User1,approved,"2026-04-22T22:02:38.517279"
"CMD-656069857B86",User1,approved,"2026-04-22T22:02:33.789597"
"CMD-870A45686F33",User1,approved,"2026-04-22T22:02:29.311739"
"CMD-05767267016C",Admin1,approved,"2026-04-22T22:02:22.781106"
"CMD-0EF0BADEA57E",Admin1,approved,"2026-04-22T22:02:18.467200"
"CMD-F5346450699C",Admin1,approved,"2026-04-22T22:02:13.881210"
"CMD-8FDA0F1BE54E",User1,approved,"2026-04-22T22:02:07.182277"
"CMD-AB9FE3FCB792",User1,approved,"2026-04-22T22:02:02.602477"
"CMD-598EE5517EC2",User1,approved,"2026-04-22T22:01:58.217245"
"CMD-6017E51CDB8A",Admin1,approved,"2026-04-22T22:01:51.892985"
"CMD-8852E6A2649A",User1,approved,"2026-04-22T22:01:45.334888"
"CMD-CB4EFDAFF3E3",User1,approved,"2026-04-22T22:01:41.033470"
"CMD-AD2F3BC65E19",Admin1,approved,"2026-04-22T22:01:34.679740"
"CMD-4DA7879756AC",Admin1,approved,"2026-04-22T22:01:28.970894"
"CMD-D8A34A9CFEE9",Admin1,approved,"2026-04-22T17:01:25.276362Z"
"CMD-59BB106749F5",Admin1,approved,"2026-04-22T22:01:21.646120"
"CMD-518A689AA250",User1,approved,"2026-04-22T22:01:14.806081"
"CMD-69E8854D08FA",Admin1,approved,"2026-04-22T22:01:07.808500"
"CMD-E452D6DD227E",Admin1,approved,"2026-04-22T22:01:02.831071"
"CMD-815F045D71ED",User1,approved,"2026-04-22T22:00:55.962085"
"CMD-C8A45A1E05E1",Admin1,approved,"2026-04-22T22:00:49.252889"
"CMD-A782D202B59F",Admin1,approved,"2026-04-22T22:00:44.690851"
"CMD-40FE4DADA60E",User1,approved,"2026-04-22T22:00:37.913708"
"CMD-AF8FC3885AC6",User1,approved,"2026-04-22T22:00:32.259483"
"CMD-950466410DA1",Admin1,approved,"2026-04-22T22:00:24.019780"
"CMD-0771384444C0",Admin1,approved,"2026-04-22T17:00:20.267789Z"
"CMD-66DC7E090818",User1,approved,"2026-04-22T22:00:14.889270"
"CMD-E0F807E77B89",User1,approved,"2026-04-22T22:00:10.058864"
"CMD-B9DEBE0743C4",Admin1,approved,"2026-04-22T22:00:02.930427"
"CMD-87033FDF4A81",Admin1,approved,"2026-04-22T21:59:57.024715"
"CMD-67B834CD0828",Admin1,approved,"2026-04-22T16:59:53.417970Z"
"CMD-DDC444EA3E3A",User1,approved,"2026-04-22T21:59:47.927669"
"CMD-7E02F589AF2F",User1,approved,"2026-04-22T21:59:43.126774"
"CMD-7D5B99F4AFAA",User1,approved,"2026-04-22T21:59:38.557484"
"CMD-197A612ED785",User1,approved,"2026-04-22T21:59:33.771610"
"CMD-6361ABA2E5BB",User1,approved,"2026-04-22T21:59:29.337558"
"CMD-1CE004582AC8",Admin1,approved,"2026-04-22T16:59:22.968148Z"
"CMD-9AA56AB378F8",User1,approved,"2026-04-22T21:59:17.654889"
"CMD-4BCF314BBE85",Admin1,approved,"2026-04-22T21:59:10.754545"
"CMD-BE4024CE830F",User1,approved,"2026-04-22T21:59:04.122014"
"CMD-53D2FF82EA73",User1,approved,"2026-04-22T21:58:58.883205"
"CMD-850AEE7D7EC4",User1,approved,"2026-04-22T21:58:53.975893"
"CMD-490EB5999533",User1,approved,"2026-04-22T21:58:49.423853"
"CMD-D0C5EBD2240D",Admin1,approved,"2026-04-22T21:58:42.708248"
"CMD-94F52F7902AC",User1,approved,"2026-04-22T21:58:35.610889"
"CMD-64AADA2B9B23",User1,approved,"2026-04-22T21:58:30.886895"
"CMD-8489963CD5CB",User1,approved,"2026-04-22T21:58:24.575699"
"CMD-A9B80262FBA2",Admin1,approved,"2026-04-22T21:58:13.156196"
"CMD-669E9D4D69E5",Admin1,approved,"2026-04-22T16:58:09.141309Z"
"CMD-A606E550D505",Admin1,approved,"2026-04-22T16:58:06.739138Z"
"CMD-751962611424",User1,approved,"2026-04-22T21:58:01.402040"
"CMD-B0EEB3FC8C27",User1,approved,"2026-04-22T21:57:56.820386"
"CMD-CF222E74E2E2",Admin1,approved,"2026-04-22T21:57:49.603839"
"CMD-DFE8EA6959AA",Admin1,approved,"2026-04-22T21:57:44.172465"
"CMD-1217EA6DE836",User1,approved,"2026-04-22T21:57:37.317558"
"CMD-280C758621BE",Admin1,approved,"2026-04-22T21:57:30.487838"
"CMD-9C37B6AA1158",User1,approved,"2026-04-22T21:57:23.577887"
"CMD-60A7D77ACE38",Admin1,approved,"2026-04-22T21:57:16.822621"
"CMD-1492519304D0",User1,approved,"2026-04-22T21:57:09.657560"
"CMD-39ADD09FF628",Admin1,approved,"2026-04-22T21:57:02.843728"
"CMD-7E82C6180CD8",User1,approved,"2026-04-22T21:56:54.887744"
"CMD-04F6A144D685",Admin1,approved,"2026-04-22T16:56:51.038967Z"
"CMD-3B5816A8AC46",User1,approved,"2026-04-22T21:56:45.650329"
"CMD-A4A47FC8F15F",Admin1,approved,"2026-04-22T21:56:37.920778"
"CMD-4A99690AF25F",Admin1,approved,"2026-04-22T16:56:34.364845Z"
"CMD-393F2D172DD4",Admin1,approved,"2026-04-22T16:56:32.054071Z"
"CMD-42E6E992AF0C",Admin1,approved,"2026-04-22T21:56:28.820467"
"CMD-775E350DFB61",User1,approved,"2026-04-22T21:56:22.229144"
"CMD-068B7521A993",Admin1,approved,"2026-04-22T21:56:15.541859"
"CMD-E7D67A7E0002",User1,approved,"2026-04-22T21:56:08.779670"
"CMD-B421C85556DE",User1,approved,"2026-04-22T21:56:03.792487"
"CMD-B6D723356752",Admin1,approved,"2026-04-22T16:55:58.258115Z"
"CMD-0F3ACD81905E",Admin1,approved,"2026-04-22T21:55:55.021478"
"CMD-5625D5119608",Admin1,approved,"2026-04-22T21:55:48.618967"
"CMD-5ADE53783A58",Admin1,approved,"2026-04-22T16:55:44.752215Z"
"CMD-9DB6132EEE54",User1,approved,"2026-04-22T21:55:39.303088"
"CMD-C899204DC39C",User1,approved,"2026-04-22T21:55:34.093615"
"CMD-5C0B27A2FC9A",User1,approved,"2026-04-22T21:55:29.474642"
"CMD-1AA6C855D44E",User1,approved,"2026-04-22T21:55:24.918441"
"CMD-1DAD4729F6DD",Admin1,approved,"2026-04-22T21:55:17.295471"
"CMD-A9AA2BB46CD5",Admin1,approved,"2026-04-22T16:55:13.553068Z"
"CMD-6315B833DAE7",User1,approved,"2026-04-22T21:55:08.131680"
"CMD-66AA1FC99DEE",User1,approved,"2026-04-22T21:55:02.111300"
"CMD-921D6820F8ED",Admin1,approved,"2026-04-22T16:54:58.485556Z"
"CMD-C407ACA02F4D",User1,approved,"2026-04-22T21:54:52.946997"
"CMD-C6A90A8EABB5",Admin1,approved,"2026-04-22T21:54:46.210537"
"CMD-366365CCFB9D",Admin1,approved,"2026-04-22T21:54:41.563693"
"CMD-2A1181ADE37E",User1,approved,"2026-04-22T21:54:34.785694"
"CMD-3795687E9AF0",User1,approved,"2026-04-22T21:54:29.743350"
"CMD-D7EEDF7F131E",Admin1,approved,"2026-04-22T21:54:23.051535"
"CMD-474BDB42122A",User1,approved,"2026-04-22T21:54:16.211048"
"CMD-A7F8C24D3CC5",User1,approved,"2026-04-22T21:54:11.199315"
"CMD-081F41B59C38",Admin1,approved,"2026-04-22T16:54:05.279730Z"
"CMD-C244E3CB23D9",Admin1,approved,"2026-04-22T21:54:01.570389"
"CMD-003E97221798",User1,approved,"2026-04-22T21:53:54.949128"
"CMD-9E1239E52C60",Admin1,approved,"2026-04-22T21:53:48.244169"
"CMD-230D52471BE3",Admin1,approved,"2026-04-22T21:53:43.656644"
"CMD-00E69ECBE5DF",Admin1,approved,"2026-04-22T21:53:39.186415"
"CMD-604A0E309DB7",Admin1,approved,"2026-04-22T21:53:34.576020"
"CMD-356D636D6F25",User1,approved,"2026-04-22T21:53:26.778553"
"CMD-2395C4F50381",Admin1,approved,"2026-04-22T16:53:23.193692Z"
"CMD-3E191D2BD2FF",User1,approved,"2026-04-22T21:53:18.003886"
"CMD-13FCC6ED6A78",Admin1,approved,"2026-04-22T21:53:11.480023"
"CMD-6CB64EB044E2",Admin1,approved,"2026-04-22T21:53:05.507517"
"CMD-7FD1E8D9241D",Admin1,approved,"2026-04-22T16:53:01.873072Z"
"CMD-EEF87D0F8CC1",User1,approved,"2026-04-22T21:52:56.658805"
"CMD-1A723234E842",Admin1,approved,"2026-04-22T21:52:49.977502"
"CMD-218510B4CC71",User1,approved,"2026-04-22T21:52:42.506223"
"CMD-E2E0149A7501",Admin1,approved,"2026-04-22T21:52:35.845320"
"CMD-7427B3FE30BA",Admin1,approved,"2026-04-22T16:52:22.786610Z"
"CMD-ED851BFE8889",Admin1,approved,"2026-04-22T16:52:20.567754Z"
"CMD-9C341C7C796F",Admin1,approved,"2026-04-22T16:52:18.396481Z"
"CMD-D87D127F6F9A",User1,approved,"2026-04-22T21:52:13.375424"
"CMD-913510E6D99E",User1,approved,"2026-04-22T21:52:08.885283"
"CMD-88713BFE62C9",Admin1,approved,"2026-04-22T21:52:01.457941"
"CMD-7E2824BD449B",Admin1,approved,"2026-04-22T16:51:57.775821Z"
"CMD-6B0E6FA8E1FF",User1,approved,"2026-04-22T21:51:52.548070"
"CMD-7C6E03DA79F1",User1,approved,"2026-04-22T21:51:47.594051"
"CMD-3B84A51EA4FA",User1,approved,"2026-04-22T21:51:42.822765"
"CMD-A3CCEF89FD8B",User1,approved,"2026-04-22T21:51:38.189338"
"CMD-BAE39D1EC61A",Admin1,approved,"2026-04-22T21:51:31.826746"
"CMD-08577EE7A4D5",User1,approved,"2026-04-22T21:51:25.262962"
"CMD-ACD383384E22",Admin1,approved,"2026-04-22T21:51:18.535775"
"CMD-C4E350FDCCED",Admin1,approved,"2026-04-22T21:51:12.888207"
"CMD-9DA1C82D8908",Admin1,approved,"2026-04-22T21:51:07.105856"
"CMD-D8B56EDAD754",Admin1,approved,"2026-04-22T16:51:03.318947Z"
"CMD-E0829086B279",Admin1,approved,"2026-04-22T16:51:00.920208Z"
"CMD-DCC729A23237",Admin1,approved,"2026-04-22T21:50:57.544820"
"CMD-1902935C668D",User1,approved,"2026-04-22T23:10:29.079447"
