"command_id",user,"device_id","command_type",register,value,priority,timestamp
"CMD-02236878A165",User1,"PLC-001",read,"HR_40002",,normal,"2026-04-22T16:36:52.399531+00:00"
"CMD-EC70F4C03422",User1,"PLC-001",read,"HR_40004",,critical,"2026-04-22T16:36:47.478365+00:00"
"CMD-583859F09E51",User1,"PLC-001",read,"HR_40002",,critical,"2026-04-22T16:36:42.805965+00:00"
"CMD-6BEB34C787B7",Admin1,"PLC-001",read,"HR_40003",,critical,"2026-04-22T16:36:36.188492+00:00"
"CMD-98295AA303F1",Admin1,"PLC-001",read,"HR_40005",,critical,"2026-04-22T16:36:29.706022+00:00"
"CMD-D0DCF5B96170",Admin1,"PLC-001",write,"HR_40001",23582,normal,"2026-04-22T16:36:27.361464+00:00"
"CMD-BFF00565D842",User1,"PLC-001",read,"HR_40003",,critical,"2026-04-22T16:36:19.408767+00:00"
"CMD-C45324F58080",Admin1,"PLC-001",write,"HR_40002",42689,normal,"2026-04-22T16:36:17.098202+00:00"
"CMD-A99D0BB560FF",User1,"PLC-001",read,"HR_40003",,normal,"2026-04-22T16:36:10.258653+00:00"
"CMD-5F9A7BB30B95",Admin1,"PLC-001",write,"HR_40003",8536,critical,"2026-04-22T16:36:05.606257+00:00"
"CMD-033C531BD1CB",Admin1,"PLC-001",write,"HR_40005",4371,critical,"2026-04-22T16:36:03.195867+00:00"
"CMD-294B4385D7D0",User1,"PLC-001",read,"HR_40005",,normal,"2026-04-22T16:35:56.459232+00:00"
"CMD-9CA75894EA6A",User1,"PLC-001",read,"HR_40005",,normal,"2026-04-22T16:35:51.876007+00:00"
"CMD-92329F6A3224",User1,"PLC-001",read,"HR_40004",,normal,"2026-04-22T16:35:46.772795+00:00"
"CMD-21486499E3A2",Admin1,"PLC-001",read,"HR_40003",,critical,"2026-04-22T16:35:38.939396+00:00"
"CMD-5AC94BA8DCF6",Admin1,"PLC-001",write,"HR_40001",5507,critical,"2026-04-22T16:35:36.806757+00:00"
"CMD-303E422448E4",Admin1,"PLC-001",read,"HR_40001",,critical,"2026-04-22T16:35:30.728126+00:00"
"CMD-57FDEE9D1116",Admin1,"PLC-001",write,"HR_40005",1141,critical,"2026-04-22T16:35:28.080199+00:00"
"CMD-86302C7F2E20",Admin1,"PLC-001",read,"HR_40001",,critical,"2026-04-22T16:35:23.738483+00:00"
"CMD-779A4AB30749",User1,"PLC-001",read,"HR_40002",,critical,"2026-04-22T16:35:16.823085+00:00"
"CMD-AC7FAC978D49",User1,"PLC-001",read,"HR_40004",,critical,"2026-04-22T16:35:12.228156+00:00"
"CMD-8B0688011B60",User1,"PLC-001",read,"HR_40003",,critical,"2026-04-22T16:35:06.182618+00:00"
"CMD-48B5C56FB5CD",Admin1,"PLC-001",write,"HR_40002",26973,normal,"2026-04-22T16:35:04.057571+00:00"
"CMD-D6A6AFBD2DEC",User1,"PLC-001",read,"HR_40002",,normal,"2026-04-22T16:34:57.388843+00:00"
"CMD-F929A7248687",User1,"PLC-001",read,"HR_40001",,critical,"2026-04-22T16:34:53.129209+00:00"
"CMD-8271F0C57B0B",User1,"PLC-001",read,"HR_40002",,critical,"2026-04-22T16:34:48.809288+00:00"
"CMD-E4AE1C2EF8A6",User1,"PLC-001",read,"HR_40005",,normal,"2026-04-22T16:34:44.285151+00:00"
"CMD-C0AF82CC3D5C",User1,"PLC-001",read,"HR_40005",,critical,"2026-04-22T16:34:39.954367+00:00"
"CMD-CA230602977D",Admin1,"PLC-001",read,"HR_40004",,critical,"2026-04-22T16:34:33.024106+00:00"
"CMD-665558BA665C",Admin1,"PLC-001",read,"HR_40005",,normal,"2026-04-22T16:34:28.350696+00:00"
"CMD-911A35E7C7CA",User1,"PLC-001",read,"HR_40004",,normal,"2026-04-22T16:34:21.058994+00:00"
"CMD-87BFA14B1DAB",Admin1,"PLC-001",read,"HR_40003",,normal,"2026-04-22T16:34:14.483326+00:00"
"CMD-F4240BC8D521",Admin1,"PLC-001",read,"HR_40004",,critical,"2026-04-22T16:34:08.585970+00:00"
"CMD-4C5F10391D4A",Admin1,"PLC-001",write,"HR_40002",2044,critical,"2026-04-22T16:34:06.205699+00:00"
"CMD-B7C9767210A6",User1,"PLC-001",read,"HR_40005",,critical,"2026-04-22T16:33:56.948266+00:00"
"CMD-1772F36582D1",Admin1,"PLC-001",read,"HR_40001",,critical,"2026-04-22T16:33:45.790929+00:00"
"CMD-792014BB5742",Admin1,"PLC-001",write,"HR_40002",4438,critical,"2026-04-22T16:33:42.766326+00:00"
"CMD-FCE387F44F76",User1,"PLC-001",read,"HR_40005",,critical,"2026-04-22T16:33:32.426732+00:00"
"CMD-5DDEC26889A1",Admin1,"PLC-001",write,"HR_40002",18642,normal,"2026-04-22T16:33:27.916003+00:00"
"CMD-FE110A65E3B0",Admin1,"PLC-001",read,"HR_40004",,critical,"2026-04-22T16:33:22.117134+00:00"
"CMD-4F7FD356CB5A",Admin1,"PLC-001",write,"HR_40002",1146,critical,"2026-04-22T16:33:19.798176+00:00"
"CMD-722C138DE432",User1,"PLC-001",read,"HR_40002",,normal,"2026-04-22T16:33:13.209022+00:00"
"CMD-1577EE3B8574",User1,"PLC-001",read,"HR_40001",,normal,"2026-04-22T16:33:08.569984+00:00"
"CMD-BE419B628CF9",Admin1,"PLC-001",write,"HR_40005",31957,normal,"2026-04-22T16:33:03.801488+00:00"
"CMD-31E0F2355E3B",Admin1,"PLC-001",read,"HR_40001",,critical,"2026-04-22T16:32:58.890162+00:00"
"CMD-CC98C941F2F6",Admin1,"PLC-001",read,"HR_40004",,normal,"2026-04-22T16:32:54.251506+00:00"
"CMD-B3C31DC3F5E5",User1,"PLC-001",read,"HR_40005",,critical,"2026-04-22T16:32:45.874532+00:00"
"CMD-AC9F1CF3BD5F",Admin1,"PLC-001",write,"HR_40004",15878,normal,"2026-04-22T16:32:43.359053+00:00"
"CMD-BBEE5FCC56D9",User1,"PLC-001",read,"HR_40005",,normal,"2026-04-22T16:32:36.469887+00:00"
"CMD-AD66A2F3AC35",Admin1,"PLC-001",write,"HR_40002",7986,critical,"2026-04-22T16:32:31.672466+00:00"
"CMD-248018D925FF",User1,"PLC-001",read,"HR_40003",,normal,"2026-04-22T16:32:24.884085+00:00"
"CMD-26852C34679C",Admin1,"PLC-001",write,"HR_40004",22769,critical,"2026-04-22T16:32:20.392831+00:00"
"CMD-5AF527CF7AE9",User1,"PLC-001",read,"HR_40003",,critical,"2026-04-22T16:32:12.341774+00:00"
"CMD-7F7170FD4D47",Admin1,"PLC-001",write,"HR_40003",16345,normal,"2026-04-22T16:32:09.983336+00:00"
"CMD-7F4B630B51CE",User1,"PLC-001",read,"HR_40001",,critical,"2026-04-22T16:32:03.258588+00:00"
"CMD-502991539F5C",Admin1,"PLC-001",read,"HR_40005",,critical,"2026-04-22T16:31:56.521524+00:00"
"CMD-2080B7C2ACCA",User1,"PLC-001",read,"HR_40004",,normal,"2026-04-22T16:31:49.940918+00:00"
"CMD-F86AD128AC69",Admin1,"PLC-001",read,"HR_40001",,normal,"2026-04-22T16:31:43.033162+00:00"
"CMD-2159506F09F3",User1,"PLC-001",read,"HR_40001",,normal,"2026-04-22T16:31:35.726741+00:00"
"CMD-EEDEFFC047EE",Admin1,"PLC-001",read,"HR_40002",,critical,"2026-04-22T16:31:28.725267+00:00"
"CMD-DF86BDEF5787",User1,"PLC-001",read,"HR_40001",,normal,"2026-04-22T16:31:22.070666+00:00"
"CMD-B655AFE7A204",Admin1,"PLC-001",read,"HR_40005",,normal,"2026-04-22T16:31:15.497945+00:00"
"CMD-8B511BBB1EC8",User1,"PLC-001",read,"HR_40002",,normal,"2026-04-22T16:31:08.814263+00:00"
"CMD-CDF8831221E2",User1,"PLC-001",read,"HR_40004",,critical,"2026-04-22T16:31:04.098231+00:00"
"CMD-97B8014068BB",User1,"PLC-001",read,"HR_40004",,normal,"2026-04-22T16:30:59.102496+00:00"
"CMD-3762E481F64A",User1,"PLC-001",read,"HR_40002",,critical,"2026-04-22T16:30:54.664225+00:00"
"CMD-5A4490DABCB7",Admin1,"PLC-001",read,"HR_40005",,normal,"2026-04-22T16:30:48.112146+00:00"
"CMD-B5B19852AE30",User1,"PLC-001",read,"HR_40003",,normal,"2026-04-22T16:30:41.406433+00:00"
"CMD-5FA1FC92E196",User1,"PLC-001",read,"HR_40005",,normal,"2026-04-22T16:30:36.934426+00:00"
"CMD-E2543D4BAE4B",Admin1,"PLC-001",read,"HR_40001",,normal,"2026-04-22T16:30:30.070306+00:00"
"CMD-ECD89A36AE32",User1,"PLC-001",read,"HR_40002",,normal,"2026-04-22T16:30:23.458040+00:00"
"CMD-A9889D761A39",Admin1,"PLC-001",write,"HR_40004",2538,normal,"2026-04-22T16:30:18.928801+00:00"
"CMD-46BF09425B75",Admin1,"PLC-001",write,"HR_40001",1796,critical,"2026-04-22T16:30:16.498269+00:00"
"CMD-ACE77A6339B3",User1,"PLC-001",read,"HR_40001",,critical,"2026-04-22T16:30:09.770333+00:00"
"CMD-50906552198D",Admin1,"PLC-001",read,"HR_40005",,normal,"2026-04-22T16:30:02.128362+00:00"
"CMD-9D31797E4ED6",Admin1,"PLC-001",write,"HR_40002",7497,normal,"2026-04-22T16:29:59.134997+00:00"
"CMD-5C0C490ACC83",User1,"PLC-001",read,"HR_40003",,normal,"2026-04-22T16:29:52.437402+00:00"
"CMD-82A0C0E18865",Admin1,"PLC-001",read,"HR_40005",,normal,"2026-04-22T16:29:45.885599+00:00"
"CMD-6C188F2D9FF2",User1,"PLC-001",read,"HR_40003",,critical,"2026-04-22T16:29:39.052043+00:00"
"CMD-87BEFF004EBB",User1,"PLC-001",read,"HR_40004",,normal,"2026-04-22T16:29:34.665182+00:00"
"CMD-03476E962D8C",User1,"PLC-001",read,"HR_40005",,normal,"2026-04-22T16:29:29.998155+00:00"
"CMD-0D567533791A",Admin1,"PLC-001",write,"HR_40005",5572,normal,"2026-04-22T16:29:25.580706+00:00"
"CMD-166D20BC8030",Admin1,"PLC-001",write,"HR_40001",29675,normal,"2026-04-22T16:29:23.367368+00:00"
"CMD-F8713D9FFE1E",Admin1,"PLC-001",write,"HR_40003",9778,normal,"2026-04-22T16:29:21.193667+00:00"
"CMD-1FC9D14B6B63",User1,"PLC-001",read,"HR_40001",,normal,"2026-04-22T16:29:14.501653+00:00"
"CMD-56027342EA11",User1,"PLC-001",read,"HR_40001",,critical,"2026-04-22T16:29:09.909188+00:00"
"CMD-34EA37F57B7D",User1,"PLC-001",read,"HR_40002",,critical,"2026-04-22T16:29:05.128158+00:00"
"CMD-D3B29E527562",Admin1,"PLC-001",write,"HR_40002",2595,normal,"2026-04-22T16:29:00.627492+00:00"
"CMD-49ED4B490274",Admin1,"PLC-001",read,"HR_40002",,critical,"2026-04-22T16:28:55.017954+00:00"
"CMD-BD39E8B9FB3A",Admin1,"PLC-001",write,"HR_40002",7972,normal,"2026-04-22T16:28:52.480711+00:00"
"CMD-C77A3C2A4841",Admin1,"PLC-001",read,"HR_40001",,critical,"2026-04-22T16:28:47.875871+00:00"
"CMD-4F533AE4F4DC",Admin1,"PLC-001",read,"HR_40003",,critical,"2026-04-22T16:28:43.173189+00:00"
"CMD-355CD678606D",Admin1,"PLC-001",read,"HR_40001",,normal,"2026-04-22T16:28:38.530361+00:00"
"CMD-4DEFB8492105",User1,"PLC-001",read,"HR_40004",,normal,"2026-04-22T16:28:31.698360+00:00"
"CMD-13783F12AEE3",User1,"PLC-001",read,"HR_40005",,critical,"2026-04-22T16:28:26.885172+00:00"
"CMD-9EF9BE703959",User1,"PLC-001",read,"HR_40001",,critical,"2026-04-22T16:28:22.107687+00:00"
"CMD-293D666F68C5",Admin1,"PLC-001",read,"HR_40003",,normal,"2026-04-22T16:28:15.225652+00:00"
"CMD-C48D26EA9E13",User1,"PLC-001",read,"HR_40002",,normal,"2026-04-22T16:28:08.377178+00:00"
"CMD-989F794732D4",User1,"PLC-001",read,"HR_40003",,critical,"2026-04-22T16:28:03.747301+00:00"
"CMD-1FBF72DA1EEA",User1,"PLC-001",read,"HR_40001",,critical,"2026-04-22T16:27:58.891005+00:00"
"CMD-22E4F8A723F1",Admin1,"PLC-001",read,"HR_40002",,critical,"2026-04-22T16:27:52.220756+00:00"
"CMD-998ACE6C2DCA",Admin1,"PLC-001",read,"HR_40002",,normal,"2026-04-22T16:27:47.381846+00:00"
"CMD-6D104A6E7573",User1,"PLC-001",read,"HR_40001",,critical,"2026-04-22T16:27:40.525900+00:00"
"CMD-72914E5526EA",Admin1,"PLC-001",read,"HR_40003",,critical,"2026-04-22T16:27:32.841070+00:00"
"CMD-EDEC53F2B6FB",User1,"PLC-001",read,"HR_40001",,critical,"2026-04-22T16:27:25.449007+00:00"
"CMD-30473E343335",Admin1,"PLC-001",write,"HR_40001",3838,critical,"2026-04-22T16:27:21.009038+00:00"
"CMD-3C79FD111F43",Admin1,"PLC-001",write,"HR_40003",23087,critical,"2026-04-22T16:27:18.685716+00:00"
"CMD-02EF3C4665F0",Admin1,"PLC-001",write,"HR_40001",7491,normal,"2026-04-22T16:27:16.200323+00:00"
"CMD-7A246A3CC96D",User1,"PLC-001",read,"HR_40004",,critical,"2026-04-22T16:27:09.424380+00:00"
"CMD-E310251D7267",Admin1,"PLC-001",read,"HR_40004",,critical,"2026-04-22T16:27:03.011381+00:00"
"CMD-84545AAF29F2",Admin1,"PLC-001",read,"HR_40001",,normal,"2026-04-22T16:26:58.441412+00:00"
"CMD-089C4B9B5C12",User1,"PLC-001",read,"HR_40005",,critical,"2026-04-22T16:26:51.785173+00:00"
"CMD-1491E280ED52",User1,"PLC-001",read,"HR_40005",,normal,"2026-04-22T16:26:47.309131+00:00"
"CMD-2512236D8B83",User1,"PLC-001",read,"HR_40004",,critical,"2026-04-22T16:26:42.577104+00:00"
"CMD-8020309CDB67",User1,"PLC-001",read,"HR_40004",,critical,"2026-04-22T16:26:37.884646+00:00"
"CMD-64CBD4339CA0",User1,"PLC-001",read,"HR_40004",,normal,"2026-04-22T16:26:33.489001+00:00"
"CMD-35BEDFB39C18",User1,"PLC-001",read,"HR_40005",,normal,"2026-04-22T16:26:29.158823+00:00"
"CMD-5D4EF3CD937B",User1,"PLC-001",read,"HR_40002",,normal,"2026-04-22T16:26:24.756847+00:00"
"CMD-59B56C7CD02F",Admin1,"PLC-001",write,"HR_40002",3269,normal,"2026-04-22T16:26:20.354703+00:00"
"CMD-992D02EDE693",Admin1,"PLC-001",read,"HR_40001",,normal,"2026-04-22T16:26:15.587637+00:00"
"CMD-F9AED65BC7AA",User1,"PLC-001",read,"HR_40001",,normal,"2026-04-22T16:26:09.092295+00:00"
"CMD-02828D3347A2",Admin1,"PLC-001",write,"HR_40003",1489,normal,"2026-04-22T16:26:04.584439+00:00"
"CMD-56550956888D",Admin1,"PLC-001",write,"HR_40002",5319,critical,"2026-04-22T16:26:02.214419+00:00"
"CMD-D993D268BCB8",User1,"PLC-001",read,"HR_40005",,critical,"2026-04-22T16:25:55.409694+00:00"
"CMD-EB0E5CFB2C94",User1,"PLC-001",read,"HR_40005",,critical,"2026-04-22T16:25:50.964811+00:00"
"CMD-83038E3E1C76",Admin1,"PLC-001",read,"HR_40001",,normal,"2026-04-22T16:25:44.337174+00:00"
"CMD-F5516F780E41",Admin1,"PLC-001",read,"HR_40003",,normal,"2026-04-22T16:25:39.715736+00:00"
"CMD-29EC5A7565E7",Admin1,"PLC-001",read,"HR_40002",,critical,"2026-04-22T16:25:33.773339+00:00"
"CMD-0110B9FDB527",Admin1,"PLC-001",write,"HR_40003",6491,normal,"2026-04-22T16:25:31.476680+00:00"
"CMD-14CEDABCB4F9",Admin1,"PLC-001",read,"HR_40003",,normal,"2026-04-22T16:25:26.911023+00:00"
"CMD-04EF1835AD22",Admin1,"PLC-001",read,"HR_40003",,critical,"2026-04-22T16:25:21.083342+00:00"
"CMD-A2CED7633985",Admin1,"PLC-001",write,"HR_40004",43649,normal,"2026-04-22T16:25:17.777486+00:00"
"CMD-84F647A202DB",Admin1,"PLC-001",write,"HR_40002",7280,normal,"2026-04-22T16:25:15.555602+00:00"
"CMD-AA99CB9DDD8B",User1,"PLC-001",read,"HR_40001",,normal,"2026-04-22T16:25:08.685189+00:00"
"CMD-FBEF13A2A6E4",User1,"PLC-001",read,"HR_40003",,normal,"2026-04-22T16:25:03.686899+00:00"
"CMD-B680663F3362",Admin1,"PLC-001",read,"HR_40002",,critical,"2026-04-22T16:24:56.646289+00:00"
"CMD-BB2A06252E88",User1,"PLC-001",read,"HR_40002",,critical,"2026-04-22T16:24:49.997812+00:00"
"CMD-AC5D39C82BE7",Admin1,"PLC-001",write,"HR_40004",4810,critical,"2026-04-22T16:24:45.437699+00:00"
"CMD-7CA8FE98BF24",User1,"PLC-001",read,"HR_40004",,normal,"2026-04-22T16:24:38.570734+00:00"
"CMD-FFFEB282DA8E",Admin1,"PLC-001",write,"HR_40001",6085,normal,"2026-04-22T16:24:33.761189+00:00"
"CMD-0F5329D3EE46",User1,"PLC-001",read,"HR_40001",,critical,"2026-04-22T16:24:26.900316+00:00"
"CMD-D1099EAA01AE",User1,"PLC-001",read,"HR_40001",,normal,"2026-04-22T16:24:21.861529+00:00"
"CMD-8DC188E488BB",Admin1,"PLC-001",read,"HR_40001",,normal,"2026-04-22T16:24:14.218112+00:00"
"CMD-B2AE4CBB6E18",Admin1,"PLC-001",write,"HR_40005",2046,critical,"2026-04-22T16:24:11.632532+00:00"
"CMD-8A6A8CABC309",User1,"PLC-001",read,"HR_40002",,critical,"2026-04-22T16:24:04.748715+00:00"
"CMD-E98EDC1A6BCE",User1,"PLC-001",read,"HR_40003",,normal,"2026-04-22T16:23:59.031146+00:00"
"CMD-CC816F27B3D4",User1,"PLC-001",read,"HR_40004",,critical,"2026-04-22T16:23:54.431971+00:00"
"CMD-2843D718D718",User1,"PLC-001",read,"HR_40001",,normal,"2026-04-22T16:23:49.758586+00:00"
"CMD-A6464CE42151",User1,"PLC-001",read,"HR_40001",,normal,"2026-04-22T16:23:44.839752+00:00"
"CMD-AADCFDC04C10",User1,"PLC-001",read,"HR_40001",,critical,"2026-04-22T16:23:40.042096+00:00"
"CMD-1C2C54C07435",User1,"PLC-001",read,"HR_40003",,critical,"2026-04-22T16:23:35.232035+00:00"
"CMD-D1E509F1D237",User1,"PLC-001",read,"HR_40002",,normal,"2026-04-22T16:23:30.403753+00:00"
"CMD-DB81565CDE34",Admin1,"PLC-001",read,"HR_40004",,critical,"2026-04-22T16:23:22.361057+00:00"
"CMD-2642D6FA6AA9",Admin1,"PLC-001",write,"HR_40002",2559,critical,"2026-04-22T16:23:19.867884+00:00"
"CMD-D1BF7AB006A1",User1,"PLC-001",read,"HR_40001",,critical,"2026-04-22T16:23:13.036488+00:00"
"CMD-EAFAA259FBCF",Admin1,"PLC-001",read,"HR_40002",,normal,"2026-04-22T16:23:06.290867+00:00"
"CMD-F0903FF165C5",User1,"PLC-001",read,"HR_40004",,critical,"2026-04-22T16:22:59.228487+00:00"
"CMD-66899ABD29E0",User1,"PLC-001",read,"HR_40002",,critical,"2026-04-22T16:22:53.241951+00:00"
"CMD-B7DA8438C97C",Admin1,"PLC-001",write,"HR_40002",3756,normal,"2026-04-22T16:22:51.026933+00:00"
"CMD-E0C406659758",User1,"PLC-001",read,"HR_40004",,critical,"2026-04-22T16:22:44.178941+00:00"
"CMD-B1CCFD2CB9B4",User1,"PLC-001",read,"HR_40005",,normal,"2026-04-22T16:22:38.546120+00:00"
"CMD-4217F9193E81",Admin1,"PLC-001",write,"HR_40005",7978,critical,"2026-04-22T16:22:36.133605+00:00"
"CMD-43A38505BA94",User1,"PLC-001",read,"HR_40001",,normal,"2026-04-22T16:22:29.490878+00:00"
"CMD-E3428EA1A574",User1,"PLC-001",read,"HR_40004",,critical,"2026-04-22T16:22:24.550396+00:00"
"CMD-BD8BF3AC68C2",User1,"PLC-001",read,"HR_40004",,critical,"2026-04-22T16:22:19.958214+00:00"
"CMD-CD788119A6D4",Admin1,"PLC-001",read,"HR_40002",,normal,"2026-04-22T16:22:11.863296+00:00"
"CMD-46998C3858B7",Admin1,"PLC-001",write,"HR_40002",7026,critical,"2026-04-22T16:22:09.398952+00:00"
"CMD-EB4740B52055",User1,"PLC-001",read,"HR_40003",,normal,"2026-04-22T16:22:02.617460+00:00"
"CMD-46C9E379D946",Admin1,"PLC-001",read,"HR_40005",,critical,"2026-04-22T16:21:55.685156+00:00"
"CMD-9178EA6B65C0",User1,"PLC-001",read,"HR_40003",,critical,"2026-04-22T16:21:49.145930+00:00"
"CMD-64F5D9A5080D",Admin1,"PLC-001",read,"HR_40004",,normal,"2026-04-22T16:21:42.356860+00:00"
"CMD-E65BEA26F00F",Admin1,"PLC-001",read,"HR_40001",,critical,"2026-04-22T16:21:36.516024+00:00"
"CMD-5F8C1AF90D60",Admin1,"PLC-001",write,"HR_40004",17049,normal,"2026-04-22T16:21:33.984861+00:00"
"CMD-B7C919F47BD3",Admin1,"PLC-001",write,"HR_40004",3708,normal,"2026-04-22T16:21:31.668646+00:00"
"CMD-8C5BB53FE392",User1,"PLC-001",read,"HR_40003",,critical,"2026-04-22T16:21:24.844579+00:00"
"CMD-4F23FD3E7592",Admin1,"PLC-001",read,"HR_40004",,normal,"2026-04-22T16:21:18.154346+00:00"
"CMD-F149C5DFD889",User1,"PLC-001",read,"HR_40005",,critical,"2026-04-22T16:21:11.699642+00:00"
"CMD-C145FB6E7596",Admin1,"PLC-001",read,"HR_40002",,normal,"2026-04-22T16:21:05.211365+00:00"
"CMD-B1560E095C42",User1,"PLC-001",read,"HR_40003",,critical,"2026-04-22T16:20:58.379749+00:00"
"CMD-A0D9EF4C5A3B",User1,"PLC-001",read,"HR_40002",,normal,"2026-04-22T16:20:53.857763+00:00"
"CMD-D056CD3FD060",Admin1,"PLC-001",write,"HR_40003",6421,critical,"2026-04-22T16:20:49.368300+00:00"
"CMD-9742FA1BF628",Admin1,"PLC-001",read,"HR_40003",,critical,"2026-04-22T16:20:44.822724+00:00"
"CMD-7CDA614E182C",Admin1,"PLC-001",read,"HR_40003",,critical,"2026-04-22T16:20:39.182000+00:00"
"CMD-387C667BADD7",Admin1,"PLC-001",write,"HR_40002",20582,critical,"2026-04-22T16:20:36.906003+00:00"
"CMD-A785C78733F9",User1,"PLC-001",read,"HR_40003",,normal,"2026-04-22T16:20:30.462447+00:00"
"CMD-22DCF38B4F49",Admin1,"PLC-001",read,"HR_40002",,critical,"2026-04-22T16:20:23.894176+00:00"
"CMD-1312A4B42F0D",Admin1,"PLC-001",read,"HR_40002",,critical,"2026-04-22T16:20:19.272838+00:00"
"CMD-F7841B24D236",Admin1,"PLC-001",read,"HR_40003",,normal,"2026-04-22T16:20:14.634138+00:00"
"CMD-928C8E092771",User1,"PLC-001",read,"HR_40001",,critical,"2026-04-22T16:20:07.971955+00:00"
"CMD-78A61C5D950F",Admin1,"PLC-001",read,"HR_40002",,critical,"2026-04-22T16:20:01.198753+00:00"
"CMD-454A31417643",Admin1,"PLC-001",read,"HR_40005",,critical,"2026-04-22T16:19:56.383965+00:00"
"CMD-C3AAEBB95ACA",Admin1,"PLC-001",read,"HR_40003",,normal,"2026-04-22T16:19:51.729646+00:00"
"CMD-AE5D7A06853A",User1,"PLC-001",read,"HR_40005",,normal,"2026-04-22T16:19:44.941907+00:00"
"CMD-763E63605683",Admin1,"PLC-001",read,"HR_40004",,normal,"2026-04-22T16:19:38.209526+00:00"
"CMD-89208A9E6997",Admin1,"PLC-001",read,"HR_40003",,critical,"2026-04-22T16:19:33.156533+00:00"
"CMD-02190CB06D30",Admin1,"PLC-001",read,"HR_40001",,critical,"2026-04-22T16:19:28.523494+00:00"
"CMD-9387DD3FA42D",User1,"PLC-001",read,"HR_40002",,critical,"2026-04-22T16:19:20.924921+00:00"
"CMD-F037C079CEC9",Admin1,"PLC-001",write,"HR_40005",5208,critical,"2026-04-22T16:19:18.511280+00:00"
"CMD-38EC3DF24AFF",User1,"PLC-001",read,"HR_40003",,critical,"2026-04-22T16:19:11.657441+00:00"
"CMD-28F72C57581F",User1,"PLC-001",read,"HR_40004",,normal,"2026-04-22T16:19:07.248195+00:00"
"CMD-F6BCFD999B91",User1,"PLC-001",read,"HR_40001",,critical,"2026-04-22T16:19:01.415284+00:00"
"CMD-CD2EBF4D3B21",Admin1,"PLC-001",write,"HR_40002",1058,normal,"2026-04-22T16:18:58.894757+00:00"
"CMD-AAB4F033678E",User1,"PLC-001",read,"HR_40001",,critical,"2026-04-22T16:18:52.166121+00:00"
"CMD-35FC66883DFC",User1,"PLC-001",read,"HR_40001",,critical,"2026-04-22T16:18:47.526222+00:00"
"CMD-B971F7EB50A4",User1,"PLC-001",read,"HR_40004",,normal,"2026-04-22T16:18:42.970843+00:00"
"CMD-7FD5F224FC6D",User1,"PLC-001",read,"HR_40002",,normal,"2026-04-22T16:18:38.504999+00:00"
"CMD-A72C2A7BC1CD",User1,"PLC-001",read,"HR_40005",,normal,"2026-04-22T16:18:33.846913+00:00"
"CMD-AEE6A7318E9B",Admin1,"PLC-001",read,"HR_40001",,normal,"2026-04-22T16:18:26.278915+00:00"
"CMD-E5E3FC354209",Admin1,"PLC-001",write,"HR_40001",29664,critical,"2026-04-22T16:18:23.876180+00:00"
"CMD-231C38F81797",User1,"PLC-001",read,"HR_40004",,critical,"2026-04-22T16:18:17.233593+00:00"
"CMD-874575931B95",User1,"PLC-001",read,"HR_40005",,normal,"2026-04-22T16:18:12.450013+00:00"
"CMD-30C57CD543BE",User1,"PLC-001",read,"HR_40001",,normal,"2026-04-22T16:18:06.733794+00:00"
"CMD-3F0FFD564909",Admin1,"PLC-001",write,"HR_40004",18165,normal,"2026-04-22T16:18:04.183708+00:00"
"CMD-E3AA310A780A",User1,"PLC-001",read,"HR_40004",,normal,"2026-04-22T16:17:57.798065+00:00"
"CMD-72830E205AD3",User1,"PLC-001",read,"HR_40001",,critical,"2026-04-22T16:17:53.516364+00:00"
"CMD-FE3676CA45D3",Admin1,"PLC-001",read,"HR_40003",,normal,"2026-04-22T16:17:47.050665+00:00"
"CMD-DAFF22F93451",User1,"PLC-001",read,"HR_40001",,critical,"2026-04-22T16:17:40.683731+00:00"
"CMD-2ED5E97290D8",User1,"PLC-001",read,"HR_40004",,normal,"2026-04-22T16:17:36.408386+00:00"
"CMD-EFE0659BCC1D",User1,"PLC-001",read,"HR_40003",,normal,"2026-04-22T16:17:31.806523+00:00"
"CMD-5A839FD65C38",Admin1,"PLC-001",write,"HR_40002",2617,critical,"2026-04-22T16:17:27.615000+00:00"
"CMD-02690C5A3FCD",Admin1,"PLC-001",read,"HR_40003",,normal,"2026-04-22T16:17:23.198427+00:00"
"CMD-A24F859B29B3",Admin1,"PLC-001",read,"HR_40001",,normal,"2026-04-22T16:17:18.764423+00:00"
"CMD-5ABF9A44B267",User1,"PLC-001",read,"HR_40001",,critical,"2026-04-22T16:17:11.942168+00:00"
"CMD-CDAE3008F281",User1,"PLC-001",read,"HR_40003",,normal,"2026-04-22T16:17:07.284760+00:00"
"CMD-D8B67BD95F86",User1,"PLC-001",read,"HR_40003",,normal,"2026-04-22T16:17:02.470350+00:00"
"CMD-5B2DB9551ECC",Admin1,"PLC-001",read,"HR_40004",,normal,"2026-04-22T16:16:56.051239+00:00"
"CMD-B86D5974B60A",Admin1,"PLC-001",read,"HR_40002",,critical,"2026-04-22T16:16:51.540132+00:00"
"CMD-A4B3800AAE0F",User1,"PLC-001",read,"HR_40002",,normal,"2026-04-22T16:16:45.115510+00:00"
"CMD-36D55D036EB9",User1,"PLC-001",read,"HR_40005",,critical,"2026-04-22T16:16:40.769153+00:00"
"CMD-9E3127CE280E",User1,"PLC-001",read,"HR_40001",,normal,"2026-04-22T16:16:36.414548+00:00"
"CMD-3829DAC025B8",Admin1,"PLC-001",write,"HR_40001",6474,critical,"2026-04-22T16:16:32.214935+00:00"
"CMD-123E8BC8E515",Admin1,"PLC-001",read,"HR_40004",,normal,"2026-04-22T16:16:27.931922+00:00"
"CMD-C806A39EC420",Admin1,"PLC-001",read,"HR_40001",,normal,"2026-04-22T16:16:23.612231+00:00"
"CMD-965C4104459C",User1,"PLC-001",read,"HR_40004",,normal,"2026-04-22T16:16:16.911616+00:00"
"CMD-0DB4A5461BAF",Admin1,"PLC-001",read,"HR_40001",,normal,"2026-04-22T16:16:10.441707+00:00"
"CMD-5AF1E33A78BB",User1,"PLC-001",read,"HR_40003",,normal,"2026-04-22T16:16:03.590641+00:00"
"CMD-C118CADA5059",User1,"PLC-001",read,"HR_40004",,normal,"2026-04-22T16:15:58.933974+00:00"
"CMD-5A5D60C62564",Admin1,"PLC-001",read,"HR_40003",,normal,"2026-04-22T16:15:52.217517+00:00"
"CMD-5C8F637B717F",User1,"PLC-001",read,"HR_40002",,critical,"2026-04-22T16:15:45.666723+00:00"
"CMD-095FF56C209A",Admin1,"PLC-001",read,"HR_40001",,critical,"2026-04-22T16:15:39.081380+00:00"
"CMD-34806065F76F",User1,"PLC-001",read,"HR_40005",,critical,"2026-04-22T16:15:32.326936+00:00"
"CMD-5E02CBE6DB7B",User1,"PLC-001",read,"HR_40004",,critical,"2026-04-22T16:15:27.742476+00:00"
"CMD-6864B20B72F3",Admin1,"PLC-001",read,"HR_40005",,critical,"2026-04-22T16:15:21.082925+00:00"
"CMD-FBD79607E46C",Admin1,"PLC-001",read,"HR_40002",,normal,"2026-04-22T16:15:16.263439+00:00"
"CMD-1B2D117D8E15",Admin1,"PLC-001",read,"HR_40005",,normal,"2026-04-22T16:15:11.418189+00:00"
"CMD-BBE00FCD4405",User1,"PLC-001",read,"HR_40001",,normal,"2026-04-22T16:15:04.853759+00:00"
"CMD-1C9340ABB335",User1,"PLC-001",read,"HR_40001",,normal,"2026-04-22T16:15:00.000033+00:00"
"CMD-FE35A093DE5E",Admin1,"PLC-001",read,"HR_40002",,critical,"2026-04-22T16:14:53.446276+00:00"
"CMD-9ACA4643B1FF",User1,"PLC-001",read,"HR_40001",,normal,"2026-04-22T16:14:46.439024+00:00"
"CMD-EAEDD7A3EF40",Admin1,"PLC-001",write,"HR_40003",1324,normal,"2026-04-22T16:14:42.130263+00:00"
"CMD-4DAC1948981D",Admin1,"PLC-001",read,"HR_40002",,critical,"2026-04-22T16:14:37.553127+00:00"
"CMD-E99535A502AC",Admin1,"PLC-001",read,"HR_40004",,critical,"2026-04-22T16:14:32.831450+00:00"
"CMD-900DFF8738FF",User1,"PLC-001",read,"HR_40004",,critical,"2026-04-22T16:14:26.373389+00:00"
"CMD-E8892961EE25",Admin1,"PLC-001",write,"HR_40005",6776,normal,"2026-04-22T16:14:21.888131+00:00"
"CMD-9325FC35D179",Admin1,"PLC-001",read,"HR_40004",,normal,"2026-04-22T16:14:17.371067+00:00"
"CMD-6DAD120198E4",User1,"PLC-001",read,"HR_40001",,critical,"2026-04-22T16:14:10.792159+00:00"
"CMD-3E744039B5F9",Admin1,"PLC-001",read,"HR_40001",,normal,"2026-04-22T16:14:04.305905+00:00"
"CMD-0C91577E4D56",Admin1,"PLC-001",read,"HR_40001",,critical,"2026-04-22T16:13:59.685935+00:00"
"CMD-EB8D60AC9EF2",Admin1,"PLC-001",read,"HR_40004",,critical,"2026-04-22T16:13:55.119075+00:00"
"CMD-AEDB54D98ED7",User1,"PLC-001",read,"HR_40004",,critical,"2026-04-22T16:13:48.505844+00:00"
"CMD-B7CAF2406A0B",User1,"PLC-001",read,"HR_40005",,critical,"2026-04-22T16:13:43.983684+00:00"
"CMD-EC001D74FC7D",User1,"PLC-001",read,"HR_40003",,critical,"2026-04-22T16:13:39.506906+00:00"
"CMD-35E7BF966E96",Admin1,"PLC-001",write,"HR_40002",6228,critical,"2026-04-22T16:13:35.139963+00:00"
"CMD-BD4C6BE20C75",Admin1,"PLC-001",read,"HR_40001",,normal,"2026-04-22T16:13:30.546255+00:00"
"CMD-557CEC5356F3",Admin1,"PLC-001",read,"HR_40004",,normal,"2026-04-22T16:13:24.935897+00:00"
"CMD-453B93B31E4A",Admin1,"PLC-001",write,"HR_40004",5696,critical,"2026-04-22T16:13:22.639782+00:00"
"CMD-42009DA83321",User1,"PLC-001",read,"HR_40002",,critical,"2026-04-22T16:13:16.147948+00:00"
"CMD-68E9F7C79F0E",Admin1,"PLC-001",read,"HR_40002",,critical,"2026-04-22T16:13:09.374812+00:00"
"CMD-187BAE97836C",User1,"PLC-001",read,"HR_40002",,normal,"2026-04-22T16:13:02.704930+00:00"
"CMD-ED2C75427D4A",User1,"PLC-001",read,"HR_40005",,normal,"2026-04-22T16:12:57.910296+00:00"
"CMD-86B03DDF7F31",Admin1,"PLC-001",read,"HR_40004",,normal,"2026-04-22T16:12:51.167879+00:00"
"CMD-4F8654E1DD1F",Admin1,"PLC-001",read,"HR_40004",,critical,"2026-04-22T16:12:46.653730+00:00"
"CMD-3387ED0EAAE9",User1,"PLC-001",read,"HR_40001",,normal,"2026-04-22T16:12:39.001524+00:00"
"CMD-7D3295FFAF86",Admin1,"PLC-001",write,"HR_40005",1848,critical,"2026-04-22T16:12:36.685067+00:00"
"CMD-DE93888201E3",User1,"PLC-001",read,"HR_40001",,critical,"2026-04-22T16:12:28.862519+00:00"
"CMD-3A3EBC038C25",Admin1,"PLC-001",write,"HR_40003",20497,normal,"2026-04-22T16:12:26.598439+00:00"
"CMD-C311A982A402",User1,"PLC-001",read,"HR_40005",,critical,"2026-04-22T16:12:19.422228+00:00"
"CMD-F29EFB9C2BAB",Admin1,"PLC-001",read,"HR_40004",,normal,"2026-04-22T16:12:12.731701+00:00"
"CMD-0715B8A92323",Admin1,"PLC-001",read,"HR_40001",,critical,"2026-04-22T16:12:08.169190+00:00"
"CMD-29A7FDB965A3",User1,"PLC-001",read,"HR_40004",,critical,"2026-04-22T16:12:01.537505+00:00"
"CMD-B2CAA71051BE",User1,"PLC-001",read,"HR_40004",,critical,"2026-04-22T16:11:56.783049+00:00"
"CMD-FB24F5189F9F",Admin1,"PLC-001",write,"HR_40003",21040,normal,"2026-04-22T16:11:52.262108+00:00"
"CMD-985F1724DCDD",Admin1,"PLC-001",write,"HR_40003",671,critical,"2026-04-22T16:11:49.816794+00:00"
"CMD-54487F2C2D1D",Admin1,"PLC-001",read,"HR_40003",,normal,"2026-04-22T16:11:45.210027+00:00"
"CMD-F9B5B8A85654",User1,"PLC-001",read,"HR_40003",,normal,"2026-04-22T16:11:38.175578+00:00"
"CMD-7387F4CEA8E2",Admin1,"PLC-001",read,"HR_40002",,critical,"2026-04-22T16:11:31.436293+00:00"
"CMD-7FBFA6BF5105",User1,"PLC-001",read,"HR_40001",,critical,"2026-04-22T16:11:24.671964+00:00"
"CMD-14E8CC1700E5",User1,"PLC-001",read,"HR_40003",,critical,"2026-04-22T16:11:18.386932+00:00"
"CMD-7FB088077392",Admin1,"PLC-001",write,"HR_40002",15726,normal,"2026-04-22T16:11:16.032656+00:00"
"CMD-0B05E12DC5DE",User1,"PLC-001",read,"HR_40001",,normal,"2026-04-22T16:11:08.074478+00:00"
"CMD-CF3CFB83E4E6",Admin1,"PLC-001",write,"HR_40001",522,normal,"2026-04-22T16:11:05.443869+00:00"
"CMD-F7A1A72B8D6D",User1,"PLC-001",read,"HR_40002",,critical,"2026-04-22T16:10:58.646022+00:00"
"CMD-635D51CC4C37",User1,"PLC-001",read,"HR_40001",,critical,"2026-04-22T16:10:53.819474+00:00"
"CMD-1986F1C37F0C",Admin1,"PLC-001",read,"HR_40001",,normal,"2026-04-22T16:10:47.293540+00:00"
"CMD-96C9B0F1C88F",Admin1,"PLC-001",read,"HR_40002",,critical,"2026-04-22T16:10:42.864308+00:00"
"CMD-561BDAC52CCB",Admin1,"PLC-001",read,"HR_40004",,normal,"2026-04-22T16:10:37.330443+00:00"
"CMD-B1631AFB79CC",Admin1,"PLC-001",write,"HR_40003",5202,normal,"2026-04-22T16:10:34.671222+00:00"
"CMD-A89C6112C35F",Admin1,"PLC-001",write,"HR_40005",1954,critical,"2026-04-22T16:10:32.436865+00:00"
"CMD-0835ADACF833",User1,"PLC-001",read,"HR_40003",,critical,"2026-04-22T16:10:25.890667+00:00"
"CMD-E02722DC59DB",User1,"PLC-001",read,"HR_40003",,critical,"2026-04-22T16:10:21.267888+00:00"
"CMD-70DEDACBE91B",Admin1,"PLC-001",read,"HR_40005",,critical,"2026-04-22T16:10:14.685595+00:00"
"CMD-C851826F99AE",Admin1,"PLC-001",read,"HR_40001",,normal,"2026-04-22T16:10:10.244986+00:00"
"CMD-E35D54EEB98C",Admin1,"PLC-001",read,"HR_40004",,normal,"2026-04-22T16:10:05.818830+00:00"
"CMD-F7217C35E254",Admin1,"PLC-001",read,"HR_40004",,critical,"2026-04-22T16:10:01.333105+00:00"
"CMD-CEA2F0352733",User1,"PLC-001",read,"HR_40004",,normal,"2026-04-22T16:09:54.838930+00:00"
"CMD-9BFEFD9E8660",Admin1,"PLC-001",write,"HR_40003",18406,normal,"2026-04-22T16:09:50.517726+00:00"
"CMD-32CBDFE4D0ED",Admin1,"PLC-001",read,"HR_40005",,critical,"2026-04-22T16:09:46.089603+00:00"
"CMD-A641DC274A51",Admin1,"PLC-001",read,"HR_40004",,critical,"2026-04-22T16:09:41.663218+00:00"
"CMD-99C02A67E8AA",Admin1,"PLC-001",read,"HR_40005",,critical,"2026-04-22T16:09:37.182928+00:00"
"CMD-42D47468A07A",Admin1,"PLC-001",read,"HR_40005",,normal,"2026-04-22T16:09:31.526730+00:00"
"CMD-6C434DF78CAE",Admin1,"PLC-001",write,"HR_40002",22389,normal,"2026-04-22T16:09:29.134997+00:00"
"CMD-80D0C26C036C",Admin1,"PLC-001",write,"HR_40004",3828,critical,"2026-04-22T16:09:26.879280+00:00"
"CMD-E58C9F77A83B",User1,"PLC-001",read,"HR_40005",,normal,"2026-04-22T16:09:20.341490+00:00"
"CMD-32D1D879AA9E",User1,"PLC-001",read,"HR_40003",,critical,"2026-04-22T16:09:16.054754+00:00"
"CMD-3F7539281854",Admin1,"PLC-001",read,"HR_40003",,normal,"2026-04-22T16:09:08.326115+00:00"
"CMD-2A12B0F9D56F",Admin1,"PLC-001",write,"HR_40002",1604,normal,"2026-04-22T16:09:06.236964+00:00"
"CMD-90539ED8E985",Admin1,"PLC-001",read,"HR_40003",,critical,"2026-04-22T16:09:00.622168+00:00"
"CMD-A88C96B86902",Admin1,"PLC-001",write,"HR_40003",2062,normal,"2026-04-22T16:08:58.556413+00:00"
"CMD-0730445ABDB5",User1,"PLC-001",read,"HR_40004",,normal,"2026-04-22T16:08:50.727302+00:00"
"CMD-F78F9BA248FD",Admin1,"PLC-001",write,"HR_40005",27301,critical,"2026-04-22T16:08:48.598019+00:00"
"CMD-F9D00332C8C2",User1,"PLC-001",read,"HR_40005",,critical,"2026-04-22T16:08:42.204388+00:00"
"CMD-F1252CFC3804",Admin1,"PLC-001",read,"HR_40005",,critical,"2026-04-22T16:08:35.911348+00:00"
"CMD-51E2BD12EAAD",User1,"PLC-001",read,"HR_40003",,normal,"2026-04-22T16:08:28.044358+00:00"
"CMD-FD10CBC4239B",Admin1,"PLC-001",write,"HR_40004",5235,normal,"2026-04-22T16:08:25.819472+00:00"
"CMD-328F84DE9D7D",User1,"PLC-001",read,"HR_40005",,normal,"2026-04-22T16:08:19.576042+00:00"
"CMD-BB7565FC13E5",Admin1,"PLC-001",write,"HR_40005",1767,normal,"2026-04-22T16:08:15.152767+00:00"
"CMD-BD8244ED6121",Admin1,"PLC-001",write,"HR_40005",2413,normal,"2026-04-22T16:08:13.080829+00:00"
"CMD-52D6FD184CF5",User1,"PLC-001",read,"HR_40005",,normal,"2026-04-22T16:08:06.646317+00:00"
"CMD-DB25DF1018D9",User1,"PLC-001",read,"HR_40002",,critical,"2026-04-22T16:08:02.243631+00:00"
"CMD-CE39A96786AF",Admin1,"PLC-001",write,"HR_40002",3967,normal,"2026-04-22T16:07:58.019994+00:00"
"CMD-0ABC52200F71",Admin1,"PLC-001",read,"HR_40004",,critical,"2026-04-22T16:07:53.772539+00:00"
"CMD-F3E70611F7EE",Admin1,"PLC-001",read,"HR_40004",,normal,"2026-04-22T16:07:49.452541+00:00"
"CMD-145F91E3E674",Admin1,"PLC-001",read,"HR_40004",,critical,"2026-04-22T16:07:45.105891+00:00"
"CMD-8DA2494A1E83",User1,"PLC-001",read,"HR_40004",,normal,"2026-04-22T16:07:38.471829+00:00"
"CMD-2B481CE8BA0D",User1,"PLC-001",read,"HR_40005",,critical,"2026-04-22T16:07:33.818104+00:00"
"CMD-25F47FBE5E35",User1,"PLC-001",read,"HR_40003",,normal,"2026-04-22T16:07:29.279635+00:00"
"CMD-17024456C3BF",Admin1,"PLC-001",read,"HR_40004",,normal,"2026-04-22T16:07:22.604073+00:00"
"CMD-04B0AD8CF9C4",User1,"PLC-001",read,"HR_40001",,normal,"2026-04-22T16:07:15.571239+00:00"
"CMD-045D57EAB218",User1,"PLC-001",read,"HR_40001",,normal,"2026-04-22T16:07:11.092502+00:00"
"CMD-FA3321CA0CBF",Admin1,"PLC-001",read,"HR_40005",,critical,"2026-04-22T16:07:03.189112+00:00"
"CMD-D30308775E0A",Admin1,"PLC-001",write,"HR_40005",1892,critical,"2026-04-22T16:07:00.831121+00:00"
"CMD-A837DEF8C02B",User1,"PLC-001",read,"HR_40002",,normal,"2026-04-22T16:06:54.136701+00:00"
"CMD-942AC7A648F2",User1,"PLC-001",read,"HR_40003",,critical,"2026-04-22T16:06:49.534800+00:00"
"CMD-AE8B9D1182D1",User1,"PLC-001",read,"HR_40005",,critical,"2026-04-22T16:06:45.052778+00:00"
"CMD-46727690C682",Admin1,"PLC-001",read,"HR_40004",,normal,"2026-04-22T16:06:38.507698+00:00"
"CMD-C0C3F4D5D53E",Admin1,"PLC-001",read,"HR_40001",,critical,"2026-04-22T16:06:34.014334+00:00"
"CMD-E0940D2B890F",Admin1,"PLC-001",read,"HR_40003",,critical,"2026-04-22T16:06:29.314253+00:00"
"CMD-0DC7BDF55836",User1,"PLC-001",read,"HR_40001",,critical,"2026-04-22T16:06:22.623585+00:00"
"CMD-DE62FE6E2EE0",User1,"PLC-001",read,"HR_40005",,critical,"2026-04-22T16:06:17.795420+00:00"
"CMD-1A3E0671B64E",User1,"PLC-001",read,"HR_40005",,normal,"2026-04-22T16:06:13.275872+00:00"
"CMD-04829715E6AA",User1,"PLC-001",read,"HR_40001",,normal,"2026-04-22T16:06:08.693444+00:00"
"CMD-DD593BA874A2",User1,"PLC-001",read,"HR_40005",,normal,"2026-04-22T16:06:03.689472+00:00"
"CMD-34A9D11AA49A",User1,"PLC-001",read,"HR_40001",,critical,"2026-04-22T16:05:58.878443+00:00"
"CMD-B2E1B5062E94",Admin1,"PLC-001",write,"HR_40001",22452,normal,"2026-04-22T16:05:54.422971+00:00"
"CMD-1A6CD64E1287",Admin1,"PLC-001",read,"HR_40005",,critical,"2026-04-22T16:05:49.957493+00:00"
"CMD-9A34C6AF6BC4",Admin1,"PLC-001",read,"HR_40004",,critical,"2026-04-22T16:05:45.391813+00:00"
"CMD-232430ACA5F7",Admin1,"PLC-001",read,"HR_40002",,critical,"2026-04-22T16:05:40.572481+00:00"
"CMD-6637D87095AF",User1,"PLC-001",read,"HR_40002",,critical,"2026-04-22T16:05:32.705785+00:00"
"CMD-DE32C9E38D30",Admin1,"PLC-001",write,"HR_40004",17682,critical,"2026-04-22T16:05:30.477258+00:00"
"CMD-F4B556AC1073",User1,"PLC-001",read,"HR_40002",,normal,"2026-04-22T16:05:23.845149+00:00"
"CMD-43B5BB29AA11",Admin1,"PLC-001",read,"HR_40001",,critical,"2026-04-22T16:05:17.376594+00:00"
"CMD-7DCF00273450",User1,"PLC-001",read,"HR_40003",,critical,"2026-04-22T16:05:10.784672+00:00"
"CMD-C2AB5F35ED48",User1,"PLC-001",read,"HR_40002",,normal,"2026-04-22T16:05:05.237157+00:00"
"CMD-76D2B6B6C5B9",Admin1,"PLC-001",write,"HR_40003",14074,critical,"2026-04-22T16:05:03.058018+00:00"
"CMD-328A295A43CB",User1,"PLC-001",read,"HR_40001",,normal,"2026-04-22T16:04:56.195406+00:00"
"CMD-8DAE0E14FB2B",Admin1,"PLC-001",read,"HR_40002",,critical,"2026-04-22T16:04:49.349465+00:00"
"CMD-5550540A4785",User1,"PLC-001",read,"HR_40002",,critical,"2026-04-22T16:04:42.762289+00:00"
"CMD-CB87977F546D",User1,"PLC-001",read,"HR_40003",,normal,"2026-04-22T16:04:38.047411+00:00"
"CMD-D255C0B8E383",User1,"PLC-001",read,"HR_40002",,critical,"2026-04-22T16:04:33.388727+00:00"
"CMD-2CF6B1493300",Admin1,"PLC-001",read,"HR_40003",,normal,"2026-04-22T16:04:26.930592+00:00"
"CMD-94E7DC8FA29C",Admin1,"PLC-001",read,"HR_40001",,normal,"2026-04-22T16:04:22.405304+00:00"
"CMD-ACA84C3DD00A",Admin1,"PLC-001",read,"HR_40001",,critical,"2026-04-22T16:04:16.979515+00:00"
"CMD-35A40AD69F3A",Admin1,"PLC-001",write,"HR_40001",1201,normal,"2026-04-22T16:04:14.518178+00:00"
"CMD-2C86348CDA1C",User1,"PLC-001",read,"HR_40005",,normal,"2026-04-22T16:04:07.873070+00:00"
"CMD-D102C15E0DC1",User1,"PLC-001",read,"HR_40005",,normal,"2026-04-22T16:04:03.424543+00:00"
"CMD-1C7B41788E32",User1,"PLC-001",read,"HR_40003",,normal,"2026-04-22T16:03:58.843774+00:00"
"CMD-C16F05BF6F46",User1,"PLC-001",read,"HR_40003",,critical,"2026-04-22T16:03:54.495528+00:00"
"CMD-004BEE8D6E8A",Admin1,"PLC-001",write,"HR_40004",6651,normal,"2026-04-22T16:03:50.173574+00:00"
"CMD-C62F45634F05",Admin1,"PLC-001",write,"HR_40001",41099,normal,"2026-04-22T16:03:47.852697+00:00"
"CMD-E8703C4CF8AE",User1,"PLC-001",read,"HR_40003",,normal,"2026-04-22T16:03:40.909606+00:00"
"CMD-67F1BF71E5A2",User1,"PLC-001",read,"HR_40001",,normal,"2026-04-22T16:03:36.167248+00:00"
"CMD-4554385A7549",Admin1,"PLC-001",read,"HR_40004",,normal,"2026-04-22T16:03:28.549420+00:00"
"CMD-093A5CA556AE",Admin1,"PLC-001",write,"HR_40002",16091,critical,"2026-04-22T16:03:26.195167+00:00"
"CMD-043F9FF888AE",Admin1,"PLC-001",read,"HR_40002",,normal,"2026-04-22T16:03:21.650511+00:00"
"CMD-4376107FDD9E",Admin1,"PLC-001",read,"HR_40004",,normal,"2026-04-22T16:03:16.861451+00:00"
"CMD-C88E13E2E785",User1,"PLC-001",read,"HR_40002",,critical,"2026-04-22T16:03:10.340090+00:00"
"CMD-53F1A4678384",User1,"PLC-001",read,"HR_40003",,critical,"2026-04-22T16:03:05.576991+00:00"
"CMD-2872DFD7CB68",User1,"PLC-001",read,"HR_40005",,critical,"2026-04-22T16:03:01.088561+00:00"
"CMD-8FF45E463BBD",Admin1,"PLC-001",read,"HR_40001",,normal,"2026-04-22T16:02:54.473142+00:00"
"CMD-C35062003D14",Admin1,"PLC-001",read,"HR_40001",,critical,"2026-04-22T16:02:49.748741+00:00"
"CMD-E04A5DB2887B",User1,"PLC-001",read,"HR_40004",,normal,"2026-04-22T16:02:43.310153+00:00"
"CMD-85A98DE20512",Admin1,"PLC-001",read,"HR_40003",,critical,"2026-04-22T16:02:36.786770+00:00"
"CMD-1E0DEFD00BED",User1,"PLC-001",read,"HR_40004",,normal,"2026-04-22T16:02:29.996819+00:00"
"CMD-21F9CBE7CB42",User1,"PLC-001",read,"HR_40002",,critical,"2026-04-22T16:02:25.324355+00:00"
"CMD-AFDBD0D619C1",User1,"PLC-001",read,"HR_40004",,normal,"2026-04-22T16:02:20.200670+00:00"
"CMD-CAD8D8DBCE1F",User1,"PLC-001",read,"HR_40005",,critical,"2026-04-22T16:02:15.652342+00:00"
"CMD-9664435DCC75",Admin1,"PLC-001",read,"HR_40004",,normal,"2026-04-22T16:02:08.406794+00:00"
"CMD-116848FD76E4",User1,"PLC-001",read,"HR_40002",,critical,"2026-04-22T16:02:01.588143+00:00"
"CMD-7D3A0FAA2455",User1,"PLC-001",read,"HR_40004",,critical,"2026-04-22T16:01:57.186984+00:00"
"CMD-ED3935807AB1",Admin1,"PLC-001",write,"HR_40003",19458,critical,"2026-04-22T16:01:52.689442+00:00"
"CMD-18E4CADEFC0F",Admin1,"PLC-001",read,"HR_40003",,normal,"2026-04-22T16:01:47.193598+00:00"
"CMD-EF4B53DDCC60",Admin1,"PLC-001",write,"HR_40004",25358,normal,"2026-04-22T16:01:44.782381+00:00"
"CMD-C47DEA43B520",Admin1,"PLC-001",read,"HR_40002",,critical,"2026-04-22T16:01:40.371646+00:00"
"CMD-5957047BE7C9",User1,"PLC-001",read,"HR_40003",,normal,"2026-04-22T16:01:33.826907+00:00"
"CMD-58CCC07613B0",Admin1,"PLC-001",read,"HR_40004",,critical,"2026-04-22T16:01:26.820260+00:00"
"CMD-069979EE909C",Admin1,"PLC-001",read,"HR_40004",,critical,"2026-04-22T16:01:22.108730+00:00"
"CMD-C4F425B9FE33",User1,"PLC-001",read,"HR_40004",,critical,"2026-04-22T16:01:15.131442+00:00"
"CMD-A1F0EB77671F",Admin1,"PLC-001",read,"HR_40005",,critical,"2026-04-22T16:01:08.275971+00:00"
"CMD-26AE1400D45B",Admin1,"PLC-001",read,"HR_40005",,normal,"2026-04-22T16:01:03.580692+00:00"
"CMD-B4AF5EAEB803",User1,"PLC-001",read,"HR_40002",,normal,"2026-04-22T16:00:56.701106+00:00"
"CMD-E8599E0B480D",Admin1,"PLC-001",read,"HR_40003",,normal,"2026-04-22T16:00:49.034338+00:00"
"CMD-83F977E199C0",Admin1,"PLC-001",write,"HR_40005",5933,normal,"2026-04-22T16:00:46.451768+00:00"
"CMD-2EB5BB3B42D8",Admin1,"PLC-001",read,"HR_40005",,critical,"2026-04-22T16:00:40.238052+00:00"
"CMD-6B930EC285B7",Admin1,"PLC-001",write,"HR_40005",5357,normal,"2026-04-22T16:00:37.934271+00:00"
"CMD-02D8A2DD75CF",Admin1,"PLC-001",read,"HR_40002",,normal,"2026-04-22T16:00:33.342587+00:00"
"CMD-7BE2D455B4E3",Admin1,"PLC-001",read,"HR_40004",,normal,"2026-04-22T16:00:27.523065+00:00"
"CMD-5BDA6EB504A4",Admin1,"PLC-001",write,"HR_40001",1417,normal,"2026-04-22T16:00:25.254520+00:00"
"CMD-068B79E26525",Admin1,"PLC-001",write,"HR_40004",2132,critical,"2026-04-22T16:00:22.883386+00:00"
"CMD-87FE03D6276A",Admin1,"PLC-001",read,"HR_40005",,critical,"2026-04-22T16:00:18.346763+00:00"
"CMD-560B782C5B74",User1,"PLC-001",read,"HR_40005",,critical,"2026-04-22T16:00:11.816197+00:00"
"CMD-DAFAF9266545",User1,"PLC-001",read,"HR_40001",,critical,"2026-04-22T16:00:07.275283+00:00"
"CMD-77290A53FAE4",User1,"PLC-001",read,"HR_40003",,critical,"2026-04-22T16:00:02.878880+00:00"
"CMD-9EE21550C93E",User1,"PLC-001",read,"HR_40004",,critical,"2026-04-22T15:59:58.373471+00:00"
"CMD-BA758D4C5572",User1,"PLC-001",read,"HR_40001",,normal,"2026-04-22T15:59:53.971545+00:00"
"CMD-BAE7EECFE642",Admin1,"PLC-001",read,"HR_40005",,critical,"2026-04-22T15:59:47.436823+00:00"
"CMD-C4182B8BEC53",Admin1,"PLC-001",read,"HR_40002",,critical,"2026-04-22T15:59:43.030676+00:00"
"CMD-CEF0AA31372F",Admin1,"PLC-001",read,"HR_40005",,normal,"2026-04-22T15:59:38.603146+00:00"
"CMD-CE1A9AA1E3ED",User1,"PLC-001",read,"HR_40001",,normal,"2026-04-22T15:59:32.072105+00:00"
"CMD-D5EC30B7224C",User1,"PLC-001",read,"HR_40003",,normal,"2026-04-22T15:59:27.575314+00:00"
"CMD-4C71F5ABE944",User1,"PLC-001",read,"HR_40001",,normal,"2026-04-22T15:59:22.915016+00:00"
"CMD-1B91B44898DF",User1,"PLC-001",read,"HR_40003",,critical,"2026-04-22T15:59:18.482663+00:00"
"CMD-316B6786F0E3",User1,"PLC-001",read,"HR_40005",,critical,"2026-04-22T15:59:13.934120+00:00"
"CMD-09878A2E4986",Admin1,"PLC-001",read,"HR_40003",,normal,"2026-04-22T15:59:06.492592+00:00"
"CMD-754F1ADC7ABA",Admin1,"PLC-001",write,"HR_40004",38366,normal,"2026-04-22T15:59:03.916924+00:00"
"CMD-04CE7C49AC98",Admin1,"PLC-001",write,"HR_40001",40372,normal,"2026-04-22T15:59:01.454702+00:00"
"CMD-2D1906DBF6C2",User1,"PLC-001",read,"HR_40005",,normal,"2026-04-22T15:58:54.848015+00:00"
"CMD-29B3840A6902",User1,"PLC-001",read,"HR_40004",,normal,"2026-04-22T15:58:50.124821+00:00"
"CMD-ECE0631E9CEA",Admin1,"PLC-001",write,"HR_40005",1226,normal,"2026-04-22T15:58:45.363144+00:00"
"CMD-0A563A346588",User1,"PLC-001",read,"HR_40001",,critical,"2026-04-22T15:58:38.561892+00:00"
"CMD-CEB982C77463",User1,"PLC-001",read,"HR_40004",,critical,"2026-04-22T15:58:33.860052+00:00"
"CMD-6A21F0135ED9",Admin1,"PLC-001",read,"HR_40005",,critical,"2026-04-22T15:58:26.261342+00:00"
"CMD-390DBA95FEBD",Admin1,"PLC-001",write,"HR_40005",2320,normal,"2026-04-22T15:58:23.666893+00:00"
"CMD-8B55F1330B7B",Admin1,"PLC-001",read,"HR_40004",,critical,"2026-04-22T15:58:18.689749+00:00"
"CMD-31D41DDB9731",User1,"PLC-001",read,"HR_40001",,critical,"2026-04-22T15:58:12.024072+00:00"
"CMD-7C5AC7EE1796",Admin1,"PLC-001",read,"HR_40004",,normal,"2026-04-22T15:58:05.238542+00:00"
"CMD-20B2C78EE8A9",User1,"PLC-001",read,"HR_40001",,critical,"2026-04-22T15:57:58.676234+00:00"
"CMD-688492889122",User1,"PLC-001",read,"HR_40004",,normal,"2026-04-22T15:57:54.306505+00:00"
"CMD-7CAE40F773FD",Admin1,"PLC-001",read,"HR_40001",,normal,"2026-04-22T15:57:47.645701+00:00"
"CMD-88487878AA8C",User1,"PLC-001",read,"HR_40003",,normal,"2026-04-22T15:57:41.105370+00:00"
"CMD-E840D0BD1326",User1,"PLC-001",read,"HR_40003",,normal,"2026-04-22T15:57:36.517889+00:00"
"CMD-4637C7F78E23",User1,"PLC-001",read,"HR_40003",,normal,"2026-04-22T15:57:31.887684+00:00"
"CMD-77B8A5D11568",User1,"PLC-001",read,"HR_40002",,normal,"2026-04-22T15:57:27.026983+00:00"
"CMD-66F85980BBAB",Admin1,"PLC-001",read,"HR_40004",,normal,"2026-04-22T15:57:20.371274+00:00"
"CMD-49529646F961",User1,"PLC-001",read,"HR_40004",,normal,"2026-04-22T15:57:13.584813+00:00"
"CMD-397901D0D9AE",User1,"PLC-001",read,"HR_40003",,critical,"2026-04-22T15:57:08.811547+00:00"
"CMD-D2AC29DF172F",Admin1,"PLC-001",read,"HR_40001",,normal,"2026-04-22T15:57:02.128133+00:00"
"CMD-39C72E5F64EA",User1,"PLC-001",read,"HR_40001",,critical,"2026-04-22T15:56:55.247465+00:00"
"CMD-63C9FDE8FF87",Admin1,"PLC-001",write,"HR_40004",27379,critical,"2026-04-22T15:56:50.573184+00:00"
"CMD-6AFFD8C601E2",User1,"PLC-001",read,"HR_40004",,normal,"2026-04-22T15:56:43.806826+00:00"
"CMD-BDD96C818828",User1,"PLC-001",read,"HR_40005",,normal,"2026-04-22T15:56:38.963157+00:00"
"CMD-67BD59945F86",Admin1,"PLC-001",read,"HR_40004",,critical,"2026-04-22T15:56:32.200367+00:00"
"CMD-5FD2755A71FE",User1,"PLC-001",read,"HR_40001",,critical,"2026-04-22T15:56:25.244686+00:00"
"CMD-4A684C1AAFA9",Admin1,"PLC-001",write,"HR_40001",26796,normal,"2026-04-22T15:56:20.742948+00:00"
"CMD-6CA13F9F5D3C",Admin1,"PLC-001",write,"HR_40004",7715,normal,"2026-04-22T15:56:18.138219+00:00"
"CMD-176240C11094",Admin1,"PLC-001",read,"HR_40003",,normal,"2026-04-22T15:56:13.394926+00:00"
"CMD-D814609AB480",Admin1,"PLC-001",read,"HR_40005",,normal,"2026-04-22T15:56:09.012443+00:00"
"CMD-2BA481705B35",Admin1,"PLC-001",read,"HR_40002",,critical,"2026-04-22T15:56:04.542463+00:00"
"CMD-1013094E3E13",User1,"PLC-001",read,"HR_40003",,normal,"2026-04-22T15:55:57.923082+00:00"
"CMD-DF2B1328524A",User1,"PLC-001",read,"HR_40001",,critical,"2026-04-22T15:55:53.493747+00:00"
"CMD-9BA4E42BDD2A",Admin1,"PLC-001",read,"HR_40001",,normal,"2026-04-22T15:55:46.919330+00:00"
"CMD-5EE7C2E70F99",Admin1,"PLC-001",read,"HR_40004",,critical,"2026-04-22T15:55:42.301176+00:00"
"CMD-B50373ADF90D",User1,"PLC-001",read,"HR_40002",,critical,"2026-04-22T15:55:35.871820+00:00"
"CMD-2664D57B96CD",User1,"PLC-001",read,"HR_40005",,critical,"2026-04-22T15:55:30.215940+00:00"
"CMD-3B653B64A16C",Admin1,"PLC-001",write,"HR_40001",6277,normal,"2026-04-22T15:55:27.942093+00:00"
"CMD-C89D854B0399",User1,"PLC-001",read,"HR_40004",,critical,"2026-04-22T15:55:21.532970+00:00"
"CMD-6C4661AFDDB4",User1,"PLC-001",read,"HR_40003",,normal,"2026-04-22T15:55:16.980431+00:00"
"CMD-1434A6F91E84",User1,"PLC-001",read,"HR_40002",,normal,"2026-04-22T15:55:12.315790+00:00"
"CMD-DF9880F1BB5B",User1,"PLC-001",read,"HR_40004",,critical,"2026-04-22T15:55:08.028885+00:00"
"CMD-46948AAFF9D5",User1,"PLC-001",read,"HR_40001",,normal,"2026-04-22T15:55:02.201837+00:00"
"CMD-2A2C66A1739D",Admin1,"PLC-001",write,"HR_40003",41423,critical,"2026-04-22T15:54:59.878309+00:00"
"CMD-B3F10212A58F",User1,"PLC-001",read,"HR_40001",,critical,"2026-04-22T15:54:53.117913+00:00"
"CMD-B57F7EE2DDED",User1,"PLC-001",read,"HR_40004",,critical,"2026-04-22T15:54:48.454612+00:00"
"CMD-B36FF1453B7F",Admin1,"PLC-001",read,"HR_40001",,normal,"2026-04-22T15:54:41.662671+00:00"
"CMD-EBBCEF2D7B2A",Admin1,"PLC-001",read,"HR_40005",,critical,"2026-04-22T15:54:37.160453+00:00"
"CMD-CBBF014024B2",User1,"PLC-001",read,"HR_40005",,critical,"2026-04-22T15:54:30.037755+00:00"
"CMD-244E460953E7",Admin1,"PLC-001",read,"HR_40001",,normal,"2026-04-22T15:54:23.447210+00:00"
"CMD-C16E696E351E",Admin1,"PLC-001",read,"HR_40002",,critical,"2026-04-22T15:54:18.594037+00:00"
"CMD-FFF4D3A177E9",Admin1,"PLC-001",write,"HR_40002",7334,critical,"2026-04-22T15:54:15.614157+00:00"
"CMD-5ABCD1B5730D",Admin1,"PLC-001",read,"HR_40004",,normal,"2026-04-22T15:54:09.829852+00:00"
"CMD-06AF737D0B96",Admin1,"PLC-001",write,"HR_40001",15116,normal,"2026-04-22T15:54:07.610911+00:00"
"CMD-E6798EDD254A",Admin1,"PLC-001",write,"HR_40003",6181,critical,"2026-04-22T15:54:05.351523+00:00"
"CMD-C1933D489E72",User1,"PLC-001",read,"HR_40005",,critical,"2026-04-22T15:53:58.667625+00:00"
"CMD-756DA81BED49",User1,"PLC-001",read,"HR_40003",,critical,"2026-04-22T15:53:54.188156+00:00"
"CMD-00200F4A2D18",Admin1,"PLC-001",read,"HR_40003",,critical,"2026-04-22T15:53:47.781155+00:00"
"CMD-287128649681",Admin1,"PLC-001",read,"HR_40004",,normal,"2026-04-22T15:53:43.108539+00:00"
"CMD-7EF7C7ED9ADD",Admin1,"PLC-001",read,"HR_40004",,normal,"2026-04-22T15:53:38.583703+00:00"
"CMD-176C29463823",User1,"PLC-001",read,"HR_40004",,normal,"2026-04-22T15:53:32.075551+00:00"
"CMD-8EE5CC6C1F48",User1,"PLC-001",read,"HR_40005",,normal,"2026-04-22T15:53:27.685140+00:00"
"CMD-DDC7A0BEFCDA",Admin1,"PLC-001",read,"HR_40004",,normal,"2026-04-22T15:53:21.074504+00:00"
"CMD-82904A99E3E2",User1,"PLC-001",read,"HR_40002",,critical,"2026-04-22T15:53:14.396686+00:00"
"CMD-D10F57B58757",Admin1,"PLC-001",write,"HR_40005",1584,critical,"2026-04-22T15:53:09.621362+00:00"
"CMD-F97927CC6E04",Admin1,"PLC-001",read,"HR_40004",,normal,"2026-04-22T15:53:03.697728+00:00"
"CMD-B7AF10EEF0D7",Admin1,"PLC-001",write,"HR_40005",36597,critical,"2026-04-22T15:53:01.263087+00:00"
"CMD-A2D0183EDD9A",Admin1,"PLC-001",read,"HR_40005",,critical,"2026-04-22T15:52:56.767117+00:00"
"CMD-8D3B38AA120A",User1,"PLC-001",read,"HR_40001",,normal,"2026-04-22T15:52:50.002788+00:00"
"CMD-541D2E9CDE8E",User1,"PLC-001",read,"HR_40004",,critical,"2026-04-22T15:52:44.063068+00:00"
"CMD-3EA25D29E9F2",Admin1,"PLC-001",write,"HR_40002",2311,normal,"2026-04-22T15:52:41.637173+00:00"
"CMD-D864C40CCC83",User1,"PLC-001",read,"HR_40002",,critical,"2026-04-22T15:52:35.167606+00:00"
"CMD-9AC7C5E622C7",User1,"PLC-001",read,"HR_40005",,normal,"2026-04-22T15:52:29.484215+00:00"
"CMD-4C8490E87126",Admin1,"PLC-001",write,"HR_40001",28350,normal,"2026-04-22T15:52:27.154868+00:00"
"CMD-CCC0EA9D6612",User1,"PLC-001",read,"HR_40005",,critical,"2026-04-22T15:52:19.160404+00:00"
"CMD-E1D3E9E69CB3",Admin1,"PLC-001",write,"HR_40002",7957,critical,"2026-04-22T15:52:16.901756+00:00"
"CMD-EE66B2F6F6BB",User1,"PLC-001",read,"HR_40003",,normal,"2026-04-22T15:52:10.255346+00:00"
"CMD-7C86CE9B95C6",User1,"PLC-001",read,"HR_40002",,critical,"2026-04-22T15:52:05.712996+00:00"
"CMD-B20210A98AD2",User1,"PLC-001",read,"HR_40003",,critical,"2026-04-22T15:52:01.397411+00:00"
"CMD-9F6944DBFE67",Admin1,"PLC-001",write,"HR_40002",578,critical,"2026-04-22T15:51:57.215590+00:00"
"CMD-5C6A9ED55B56",Admin1,"PLC-001",read,"HR_40002",,critical,"2026-04-22T15:51:51.529103+00:00"
"CMD-D056977D0CA4",Admin1,"PLC-001",write,"HR_40001",3658,critical,"2026-04-22T15:51:49.511718+00:00"
"CMD-CF29B08B001C",User1,"PLC-001",read,"HR_40005",,normal,"2026-04-22T15:51:43.150336+00:00"
"CMD-AB191F3C0690",Admin1,"PLC-001",read,"HR_40004",,critical,"2026-04-22T15:51:36.811443+00:00"
"CMD-F262324032DB",User1,"PLC-001",read,"HR_40004",,critical,"2026-04-22T15:51:30.495605+00:00"
"CMD-5FF4281BC5A5",Admin1,"PLC-001",read,"HR_40004",,critical,"2026-04-22T15:51:23.598126+00:00"
"CMD-2E4CE785DEE6",Admin1,"PLC-001",read,"HR_40005",,critical,"2026-04-22T15:51:18.688306+00:00"
"CMD-52BB61487A6F",Admin1,"PLC-001",read,"HR_40004",,critical,"2026-04-22T15:51:14.461614+00:00"
"CMD-F9CC3C93FCBF",Admin1,"PLC-001",read,"HR_40002",,normal,"2026-04-22T15:51:10.109392+00:00"
"CMD-E235503B9C0D",User1,"PLC-001",read,"HR_40005",,normal,"2026-04-22T15:51:03.635450+00:00"
"CMD-8EFFEE1A9177",Admin1,"PLC-001",read,"HR_40005",,critical,"2026-04-22T15:50:57.166530+00:00"
"CMD-E8DA411FC926",User1,"PLC-001",read,"HR_40003",,normal,"2026-04-22T15:50:50.756094+00:00"
"CMD-E5496754EDA3",User1,"PLC-001",read,"HR_40004",,normal,"2026-04-22T15:50:46.519181+00:00"
"CMD-6DE6F5C47F69",User1,"PLC-001",read,"HR_40001",,critical,"2026-04-22T15:50:40.832402+00:00"
"CMD-FEFD77E91FC2",Admin1,"PLC-001",write,"HR_40005",22500,critical,"2026-04-22T15:50:38.679928+00:00"
"CMD-64C3571E40D3",User1,"PLC-001",read,"HR_40004",,critical,"2026-04-22T15:50:32.384396+00:00"
"CMD-B78090A6364C",Admin1,"PLC-001",read,"HR_40005",,critical,"2026-04-22T15:50:25.971975+00:00"
"CMD-EBFE29626475",Admin1,"PLC-001",read,"HR_40001",,normal,"2026-04-22T15:50:20.389038+00:00"
"CMD-611FBD66CFD7",Admin1,"PLC-001",write,"HR_40003",1559,critical,"2026-04-22T15:50:17.995769+00:00"
"CMD-A6FD4B4A3AED",Admin1,"PLC-001",read,"HR_40002",,normal,"2026-04-22T15:50:13.497090+00:00"
"CMD-F742D6211DA2",User1,"PLC-001",read,"HR_40001",,critical,"2026-04-22T15:50:06.995885+00:00"
"CMD-230417E45293",Admin1,"PLC-001",read,"HR_40003",,critical,"2026-04-22T15:50:00.233721+00:00"
"CMD-B16FD59A90D1",User1,"PLC-001",read,"HR_40004",,normal,"2026-04-22T15:49:53.761899+00:00"
"CMD-7979B152A32D",Admin1,"PLC-001",write,"HR_40001",25171,normal,"2026-04-22T15:49:49.303850+00:00"
"CMD-01168E62E7E6",Admin1,"PLC-001",write,"HR_40004",3751,normal,"2026-04-22T15:49:46.984453+00:00"
"CMD-BDFA209C98C9",User1,"PLC-001",read,"HR_40004",,critical,"2026-04-22T15:49:40.399403+00:00"
"CMD-C9E78774BB49",Admin1,"PLC-001",write,"HR_40005",6467,normal,"2026-04-22T15:49:35.816422+00:00"
"CMD-93B700854994",Admin1,"PLC-001",write,"HR_40003",28847,critical,"2026-04-22T15:49:33.365023+00:00"
"CMD-464510D3D9F8",Admin1,"PLC-001",write,"HR_40005",16467,critical,"2026-04-22T15:49:31.056915+00:00"
"CMD-421D1797E077",Admin1,"PLC-001",read,"HR_40003",,normal,"2026-04-22T15:49:26.651926+00:00"
"CMD-EC62BA471A56",User1,"PLC-001",read,"HR_40004",,normal,"2026-04-22T15:49:19.990709+00:00"
"CMD-E51A5F8FA7BE",User1,"PLC-001",read,"HR_40003",,normal,"2026-04-22T15:49:15.611730+00:00"
"CMD-86652C9B0AA6",User1,"PLC-001",read,"HR_40004",,normal,"2026-04-22T15:49:11.087686+00:00"
"CMD-28D17FAFA05E",User1,"PLC-001",read,"HR_40004",,normal,"2026-04-22T15:49:06.566971+00:00"
"CMD-A3F24E019657",Admin1,"PLC-001",read,"HR_40002",,critical,"2026-04-22T15:49:00.039358+00:00"
"CMD-86E42F08BFFD",Admin1,"PLC-001",read,"HR_40005",,normal,"2026-04-22T15:48:55.373906+00:00"
"CMD-6052FBFC8F86",User1,"PLC-001",read,"HR_40002",,critical,"2026-04-22T15:48:48.448418+00:00"
"CMD-CF392A9D6D6B",Admin1,"PLC-001",read,"HR_40003",,critical,"2026-04-22T15:48:42.011053+00:00"
"CMD-6C0D554F0D93",User1,"PLC-001",read,"HR_40005",,critical,"2026-04-22T15:48:35.362791+00:00"
"CMD-C5E7FA73255D",User1,"PLC-001",read,"HR_40001",,normal,"2026-04-22T15:48:30.816156+00:00"
"CMD-5B7B891737F4",User1,"PLC-001",read,"HR_40002",,normal,"2026-04-22T15:48:26.276755+00:00"
"CMD-523154FEAF65",Admin1,"PLC-001",write,"HR_40005",38844,critical,"2026-04-22T15:48:21.939076+00:00"
"CMD-164D04C1AFC9",Admin1,"PLC-001",write,"HR_40001",7240,normal,"2026-04-22T15:48:19.622346+00:00"
"CMD-0EF08576C4B4",User1,"PLC-001",read,"HR_40005",,critical,"2026-04-22T15:48:12.976476+00:00"
"CMD-B1FE559C7144",Admin1,"PLC-001",read,"HR_40002",,critical,"2026-04-22T15:48:06.293945+00:00"
"CMD-13F440EA9334",Admin1,"PLC-001",read,"HR_40002",,critical,"2026-04-22T15:48:01.625043+00:00"
"CMD-DD3303785385",User1,"PLC-001",read,"HR_40002",,critical,"2026-04-22T15:47:54.674665+00:00"
"CMD-2C2A8BB0DCDE",User1,"PLC-001",read,"HR_40003",,critical,"2026-04-22T15:47:50.003995+00:00"
"CMD-2E9505999049",User1,"PLC-001",read,"HR_40001",,critical,"2026-04-22T15:47:44.141489+00:00"
"CMD-81C1AE770661",Admin1,"PLC-001",write,"HR_40005",37715,critical,"2026-04-22T15:47:41.807362+00:00"
"CMD-B390CE71EB50",User1,"PLC-001",read,"HR_40002",,critical,"2026-04-22T15:47:34.860921+00:00"
"CMD-126C43DFD253",Admin1,"PLC-001",read,"HR_40003",,critical,"2026-04-22T15:47:27.165266+00:00"
"CMD-A1E5A8477A3C",Admin1,"PLC-001",write,"HR_40001",35667,normal,"2026-04-22T15:47:24.568336+00:00"
"CMD-9C09BE30675A",User1,"PLC-001",read,"HR_40002",,critical,"2026-04-22T15:47:17.764572+00:00"
"CMD-EF984259B6AB",User1,"PLC-001",read,"HR_40001",,normal,"2026-04-22T15:47:13.149019+00:00"
"CMD-F12387CB2FE4",User1,"PLC-001",read,"HR_40005",,normal,"2026-04-22T15:47:07.513716+00:00"
"CMD-8A820F23E2BC",Admin1,"PLC-001",write,"HR_40005",29143,normal,"2026-04-22T15:47:04.996151+00:00"
"CMD-240C4900F6F7",User1,"PLC-001",read,"HR_40001",,critical,"2026-04-22T15:46:58.118553+00:00"
"CMD-C9E3F8A8FF81",User1,"PLC-001",read,"HR_40005",,critical,"2026-04-22T15:46:53.418082+00:00"
"CMD-F37B67412B7A",Admin1,"PLC-001",read,"HR_40001",,normal,"2026-04-22T15:46:45.871405+00:00"
"CMD-FA1561501C4F",Admin1,"PLC-001",write,"HR_40005",27363,normal,"2026-04-22T15:46:43.459365+00:00"
"CMD-630665E63E1A",Admin1,"PLC-001",read,"HR_40005",,critical,"2026-04-22T15:46:37.792473+00:00"
"CMD-ED3B56A75D5E",Admin1,"PLC-001",write,"HR_40003",4193,normal,"2026-04-22T15:46:35.486443+00:00"
"CMD-2BB0C6517887",User1,"PLC-001",read,"HR_40004",,critical,"2026-04-22T15:46:29.007915+00:00"
"CMD-823EB93381BC",Admin1,"PLC-001",write,"HR_40005",1130,normal,"2026-04-22T15:46:24.620664+00:00"
"CMD-9EEB1B65140C",Admin1,"PLC-001",write,"HR_40002",26559,normal,"2026-04-22T15:46:22.392598+00:00"
"CMD-A274688EF81B",Admin1,"PLC-001",read,"HR_40005",,normal,"2026-04-22T15:46:15.860004+00:00"
"CMD-BF10DF6ACA3C",Admin1,"PLC-001",write,"HR_40005",6563,critical,"2026-04-22T15:46:13.554671+00:00"
"CMD-6B9BB73A97C9",User1,"PLC-001",read,"HR_40001",,normal,"2026-04-22T15:46:06.995266+00:00"
"CMD-6D76F6D723D7",User1,"PLC-001",read,"HR_40004",,normal,"2026-04-22T15:46:02.435139+00:00"
"CMD-0C12A8C8FC07",User1,"PLC-001",read,"HR_40003",,normal,"2026-04-22T15:45:57.366192+00:00"
"CMD-A42DDF50A240",Admin1,"PLC-001",write,"HR_40005",3660,normal,"2026-04-22T15:45:53.017376+00:00"
"CMD-FEA3E7E3523A",Admin1,"PLC-001",write,"HR_40002",1566,normal,"2026-04-22T15:45:50.586854+00:00"
"CMD-5675B90BA376",User1,"PLC-001",read,"HR_40003",,normal,"2026-04-22T15:45:44.019356+00:00"
"CMD-63BAC74A70C8",User1,"PLC-001",read,"HR_40004",,normal,"2026-04-22T15:45:38.855255+00:00"
"CMD-B1B2035EF7E3",Admin1,"PLC-001",read,"HR_40004",,normal,"2026-04-22T15:45:31.333200+00:00"
"CMD-6E99DDC32640",User1,"PLC-001",read,"HR_40004",,normal,"2026-04-22T15:45:24.644673+00:00"
"CMD-7CE6B2E0BADA",User1,"PLC-001",read,"HR_40005",,normal,"2026-04-22T15:45:20.252980+00:00"
"CMD-ADE0BBB90EFB",Admin1,"PLC-001",write,"HR_40002",5103,critical,"2026-04-22T15:45:15.957153+00:00"
"CMD-407776051461",Admin1,"PLC-001",read,"HR_40001",,critical,"2026-04-22T15:45:11.420726+00:00"
"CMD-D2D30794BC7D",User1,"PLC-001",read,"HR_40004",,normal,"2026-04-22T15:45:04.938340+00:00"
"CMD-0270FEC40BCD",User1,"PLC-001",read,"HR_40002",,critical,"2026-04-22T15:45:00.198973+00:00"
"CMD-12824E5198FE",User1,"PLC-001",read,"HR_40002",,critical,"2026-04-22T15:44:55.801180+00:00"
"CMD-CC4AE68E52CD",User1,"PLC-001",read,"HR_40005",,normal,"2026-04-22T15:44:50.458414+00:00"
"CMD-59E0528B7F80",Admin1,"PLC-001",write,"HR_40001",5258,critical,"2026-04-22T15:44:46.009527+00:00"
"CMD-E9E630F73ADE",Admin1,"PLC-001",write,"HR_40005",1263,normal,"2026-04-22T15:44:43.753855+00:00"
"CMD-BEE662BD2DD5",Admin1,"PLC-001",read,"HR_40001",,normal,"2026-04-22T15:44:38.026656+00:00"
"CMD-1B2BC4D9694B",Admin1,"PLC-001",write,"HR_40001",30297,critical,"2026-04-22T15:44:35.717176+00:00"
"CMD-638CAD5D7E6A",Admin1,"PLC-001",read,"HR_40002",,critical,"2026-04-22T15:44:30.086821+00:00"
"CMD-68B61ED6DDDE",Admin1,"PLC-001",write,"HR_40003",6615,normal,"2026-04-22T15:44:27.904195+00:00"
"CMD-60277B9F1496",User1,"PLC-001",read,"HR_40005",,normal,"2026-04-22T15:44:21.247986+00:00"
"CMD-674ADC1A6D20",User1,"PLC-001",read,"HR_40004",,critical,"2026-04-22T15:44:15.088519+00:00"
"CMD-50038CC916C2",Admin1,"PLC-001",write,"HR_40004",1959,normal,"2026-04-22T15:44:12.727797+00:00"
"CMD-0438A1D776BC",User1,"PLC-001",read,"HR_40005",,critical,"2026-04-22T15:44:06.241445+00:00"
"CMD-D3D2ED8229CA",User1,"PLC-001",read,"HR_40002",,normal,"2026-04-22T15:44:01.647892+00:00"
"CMD-65A29C7C475B",User1,"PLC-001",read,"HR_40004",,critical,"2026-04-22T15:43:57.038749+00:00"
"CMD-A7FD27E9539B",User1,"PLC-001",read,"HR_40004",,normal,"2026-04-22T15:43:52.512354+00:00"
"CMD-CAF8D91532C3",User1,"PLC-001",read,"HR_40005",,normal,"2026-04-22T15:43:47.965458+00:00"
"CMD-4E8AF99DD041",User1,"PLC-001",read,"HR_40004",,critical,"2026-04-22T15:43:43.391398+00:00"
"CMD-02A2E499D06C",Admin1,"PLC-001",read,"HR_40001",,critical,"2026-04-22T15:43:36.963935+00:00"
"CMD-22DD7A72BDB2",Admin1,"PLC-001",read,"HR_40002",,critical,"2026-04-22T15:43:30.934117+00:00"
"CMD-F1929BEC1697",Admin1,"PLC-001",write,"HR_40005",10676,critical,"2026-04-22T15:43:28.691635+00:00"
"CMD-2217CF80E163",User1,"PLC-001",read,"HR_40001",,critical,"2026-04-22T15:43:22.039791+00:00"
"CMD-B991B8F26669",Admin1,"PLC-001",write,"HR_40003",723,critical,"2026-04-22T15:43:17.806312+00:00"
"CMD-47F3C1A09FA1",Admin1,"PLC-001",read,"HR_40002",,critical,"2026-04-22T15:43:12.254227+00:00"
"CMD-4E34DE8BABDD",Admin1,"PLC-001",write,"HR_40003",6630,normal,"2026-04-22T15:43:09.976955+00:00"
"CMD-AC6E94A7ECA6",Admin1,"PLC-001",read,"HR_40003",,critical,"2026-04-22T15:43:05.486601+00:00"
"CMD-FE36D079DC39",User1,"PLC-001",read,"HR_40004",,normal,"2026-04-22T15:42:58.821498+00:00"
"CMD-89F071E699B9",Admin1,"PLC-001",write,"HR_40004",35692,critical,"2026-04-22T15:42:54.561625+00:00"
"CMD-973B59BAEE2A",Admin1,"PLC-001",write,"HR_40002",22348,normal,"2026-04-22T15:42:52.216576+00:00"
"CMD-0C9F549EE6C2",Admin1,"PLC-001",read,"HR_40001",,normal,"2026-04-22T15:42:47.734905+00:00"
"CMD-BFBC8CE6A738",User1,"PLC-001",read,"HR_40001",,critical,"2026-04-22T15:42:41.173650+00:00"
"CMD-359C9EBB7268",User1,"PLC-001",read,"HR_40005",,critical,"2026-04-22T15:42:36.654340+00:00"
"CMD-ABFDC4530394",Admin1,"PLC-001",read,"HR_40002",,normal,"2026-04-22T15:42:30.129213+00:00"
"CMD-D04E7685C23F",Admin1,"PLC-001",read,"HR_40001",,normal,"2026-04-22T15:42:25.699252+00:00"
"CMD-0451035422C6",Admin1,"PLC-001",read,"HR_40002",,normal,"2026-04-22T15:42:19.801277+00:00"
"CMD-B13921D1DD6D",Admin1,"PLC-001",write,"HR_40001",11205,normal,"2026-04-22T15:42:17.527635+00:00"
"CMD-BF5BD4537C56",Admin1,"PLC-001",read,"HR_40005",,critical,"2026-04-22T15:42:12.899486+00:00"
"CMD-54F8A2456944",User1,"PLC-001",read,"HR_40003",,normal,"2026-04-22T15:42:03.698241+00:00"
"CMD-94EDF11A885A",Admin1,"PLC-001",write,"HR_40001",24385,critical,"2026-04-22T15:42:01.242338+00:00"
"CMD-5DDCE6B8CA51",User1,"PLC-001",read,"HR_40002",,critical,"2026-04-22T15:41:51.933969+00:00"
"CMD-F382F2F47E86",Admin1,"PLC-001",write,"HR_40005",7487,normal,"2026-04-22T15:41:49.615763+00:00"
"CMD-2BD7E30EA031",User1,"PLC-001",read,"HR_40003",,normal,"2026-04-22T15:41:42.538597+00:00"
"CMD-B8D4AEDA4760",User1,"PLC-001",read,"HR_40004",,critical,"2026-04-22T15:41:37.658004+00:00"
"CMD-B701E0E73E74",Admin1,"PLC-001",write,"HR_40005",6448,critical,"2026-04-22T15:41:32.992939+00:00"
"CMD-BE1E1D0F7314",Admin1,"PLC-001",write,"HR_40001",17367,critical,"2026-04-22T15:41:30.599105+00:00"
"CMD-B8897FD6DDA9",User1,"PLC-001",read,"HR_40005",,normal,"2026-04-22T15:41:22.404672+00:00"
"CMD-A058EFDFC0F3",Admin1,"PLC-001",write,"HR_40002",5210,critical,"2026-04-22T15:41:20.136922+00:00"
"CMD-4D5CEDAAF9E1",User1,"PLC-001",read,"HR_40004",,normal,"2026-04-22T15:41:13.082630+00:00"
"CMD-F57A09D3101A",User1,"PLC-001",read,"HR_40002",,normal,"2026-04-22T15:41:08.563402+00:00"
"CMD-E549064427AE",User1,"PLC-001",read,"HR_40004",,critical,"2026-04-22T15:41:04.022653+00:00"
"CMD-BE78E07B707E",User1,"PLC-001",read,"HR_40002",,normal,"2026-04-22T15:40:59.417583+00:00"
"CMD-FA33DFF158BE",User1,"PLC-001",read,"HR_40001",,normal,"2026-04-22T15:40:54.800535+00:00"
"CMD-CB7BBEE5E287",User1,"PLC-001",read,"HR_40005",,critical,"2026-04-22T15:40:50.143122+00:00"
"CMD-68E910F7B48B",Admin1,"PLC-001",read,"HR_40003",,critical,"2026-04-22T15:40:43.156604+00:00"
"CMD-0F684CE5A75C",Admin1,"PLC-001",read,"HR_40002",,critical,"2026-04-22T15:40:38.378009+00:00"
"CMD-3CF0466C45F6",Admin1,"PLC-001",read,"HR_40004",,normal,"2026-04-22T15:40:33.711438+00:00"
"CMD-ED414A4A1214",User1,"PLC-001",read,"HR_40005",,normal,"2026-04-22T15:40:26.024577+00:00"
"CMD-DDC1F84AB54F",Admin1,"PLC-001",write,"HR_40002",13047,critical,"2026-04-22T15:40:23.554611+00:00"
"CMD-D214418F8428",User1,"PLC-001",read,"HR_40002",,normal,"2026-04-22T15:40:17.103688+00:00"
"CMD-B1C9D1D19293",User1,"PLC-001",read,"HR_40001",,critical,"2026-04-22T15:40:12.728453+00:00"
"CMD-18A0F038911F",User1,"PLC-001",read,"HR_40001",,critical,"2026-04-22T15:40:06.888505+00:00"
"CMD-F879A000F5AD",Admin1,"PLC-001",write,"HR_40002",2066,normal,"2026-04-22T15:40:04.582644+00:00"
"CMD-674E7FDEF3E6",User1,"PLC-001",read,"HR_40003",,normal,"2026-04-22T15:39:57.528069+00:00"
"CMD-B383A33B3DAC",User1,"PLC-001",read,"HR_40002",,normal,"2026-04-22T15:39:52.932656+00:00"
"CMD-C9083D35E017",Admin1,"PLC-001",read,"HR_40003",,normal,"2026-04-22T15:39:46.147730+00:00"
"CMD-AAC6C9CCFEF2",Admin1,"PLC-001",read,"HR_40003",,normal,"2026-04-22T15:39:41.704626+00:00"
"CMD-0A48E2C62B69",User1,"PLC-001",read,"HR_40004",,normal,"2026-04-22T15:39:35.009610+00:00"
"CMD-732410D08B5F",User1,"PLC-001",read,"HR_40003",,critical,"2026-04-22T15:39:30.515570+00:00"
"CMD-904E78F1B550",User1,"PLC-001",read,"HR_40001",,critical,"2026-04-22T15:39:25.872598+00:00"
"CMD-B734213475C4",User1,"PLC-001",read,"HR_40002",,critical,"2026-04-22T15:39:21.214922+00:00"
"CMD-A7A67A8B4283",User1,"PLC-001",read,"HR_40004",,normal,"2026-04-22T15:39:16.671256+00:00"
"CMD-E90468BF3BCE",User1,"PLC-001",read,"HR_40001",,normal,"2026-04-22T15:39:11.965057+00:00"
"CMD-91FFF9CA96BF",User1,"PLC-001",read,"HR_40003",,normal,"2026-04-22T15:39:07.343342+00:00"
"CMD-E334B54D70B4",User1,"PLC-001",read,"HR_40005",,normal,"2026-04-22T15:39:02.877908+00:00"
"CMD-D298BC82EBB3",Admin1,"PLC-001",read,"HR_40004",,critical,"2026-04-22T15:38:55.143125+00:00"
"CMD-A1D3EEF611F6",Admin1,"PLC-001",write,"HR_40001",9525,critical,"2026-04-22T15:38:52.748680+00:00"
"CMD-4AF381287D13",User1,"PLC-001",read,"HR_40004",,normal,"2026-04-22T15:38:46.091619+00:00"
"CMD-4B751B4FEB90",User1,"PLC-001",read,"HR_40005",,critical,"2026-04-22T15:38:41.398607+00:00"
"CMD-8A2B2D6AE8EF",User1,"PLC-001",read,"HR_40003",,critical,"2026-04-22T15:38:36.834205+00:00"
"CMD-C3DFB7AD553D",User1,"PLC-001",read,"HR_40001",,critical,"2026-04-22T15:38:32.302610+00:00"
"CMD-C14710A817F8",User1,"PLC-001",read,"HR_40003",,normal,"2026-04-22T15:38:27.647993+00:00"
"CMD-2343D2785A44",Admin1,"PLC-001",read,"HR_40005",,normal,"2026-04-22T15:38:20.070432+00:00"
"CMD-A5826EF8376D",Admin1,"PLC-001",write,"HR_40001",16983,critical,"2026-04-22T15:38:17.592130+00:00"
"CMD-5898BD76811D",Admin1,"PLC-001",read,"HR_40005",,critical,"2026-04-22T15:38:13.085706+00:00"
"CMD-4E6C01DBCB35",Admin1,"PLC-001",read,"HR_40004",,critical,"2026-04-22T15:38:08.406443+00:00"
"CMD-8E34A6FD3D51",Admin1,"PLC-001",read,"HR_40001",,critical,"2026-04-22T15:38:03.324637+00:00"
"CMD-23C33D315829",User1,"PLC-001",read,"HR_40001",,critical,"2026-04-22T15:37:56.313740+00:00"
"CMD-3A334867EB4F",User1,"PLC-001",read,"HR_40001",,critical,"2026-04-22T15:37:50.689610+00:00"
"CMD-653AB0670B3E",User1,"PLC-001",read,"HR_40003",,normal,"2026-04-22T15:37:46.237053+00:00"
"CMD-6C9E2079A970",User1,"PLC-001",read,"HR_40003",,critical,"2026-04-22T15:37:40.616968+00:00"
"CMD-849BBED3786B",Admin1,"PLC-001",write,"HR_40005",948,normal,"2026-04-22T15:37:38.274516+00:00"
"CMD-C2E555BA675E",User1,"PLC-001",read,"HR_40002",,normal,"2026-04-22T15:37:31.744051+00:00"
"CMD-1F7DB3A86C3A",Admin1,"PLC-001",read,"HR_40002",,normal,"2026-04-22T15:37:25.109917+00:00"
"CMD-566851ACEA33",User1,"PLC-001",read,"HR_40003",,critical,"2026-04-22T15:37:18.197033+00:00"
"CMD-793E764283E7",User1,"PLC-001",read,"HR_40002",,normal,"2026-04-22T15:37:13.511042+00:00"
"CMD-6E750C22A726",Admin1,"PLC-001",read,"HR_40003",,normal,"2026-04-22T15:37:05.661956+00:00"
"CMD-98A6285D3A39",Admin1,"PLC-001",write,"HR_40004",3244,critical,"2026-04-22T15:37:03.177430+00:00"
"CMD-8DB852F77F6A",User1,"PLC-001",read,"HR_40004",,normal,"2026-04-22T15:36:56.370351+00:00"
"CMD-5AC1328FAB31",Admin1,"PLC-001",read,"HR_40002",,normal,"2026-04-22T15:36:49.401086+00:00"
"CMD-FFB2E3668034",User1,"PLC-001",read,"HR_40004",,critical,"2026-04-22T15:36:42.751996+00:00"
"CMD-C3B314449FD1",User1,"PLC-001",read,"HR_40003",,critical,"2026-04-22T15:36:37.667484+00:00"
"CMD-F7662518ECA6",User1,"PLC-001",read,"HR_40005",,normal,"2026-04-22T15:36:33.086334+00:00"
"CMD-648C7218BCBA",Admin1,"PLC-001",write,"HR_40001",5587,normal,"2026-04-22T15:36:28.630528+00:00"
"CMD-5769731879D2",Admin1,"PLC-001",read,"HR_40004",,critical,"2026-04-22T15:36:24.127212+00:00"
"CMD-60415CC50263",User1,"PLC-001",read,"HR_40002",,critical,"2026-04-22T15:36:17.382351+00:00"
"CMD-1FFCEA4B216D",User1,"PLC-001",read,"HR_40003",,normal,"2026-04-22T15:36:12.707454+00:00"
"CMD-D96040566E0A",User1,"PLC-001",read,"HR_40002",,critical,"2026-04-22T15:36:08.379623+00:00"
"CMD-94B20E05C1AC",Admin1,"PLC-001",read,"HR_40004",,critical,"2026-04-22T15:36:01.875602+00:00"
"CMD-908857186747",User1,"PLC-001",read,"HR_40005",,normal,"2026-04-22T15:35:55.287152+00:00"
"CMD-FFAA072E8173",User1,"PLC-001",read,"HR_40003",,normal,"2026-04-22T15:35:50.728989+00:00"
"CMD-D02A813C3EFF",Admin1,"PLC-001",read,"HR_40005",,critical,"2026-04-22T15:35:43.098572+00:00"
"CMD-63176CB4DB8D",Admin1,"PLC-001",write,"HR_40002",25879,critical,"2026-04-22T15:35:40.543734+00:00"
"CMD-F84281E7204F",Admin1,"PLC-001",write,"HR_40005",11168,normal,"2026-04-22T15:35:38.179703+00:00"
"CMD-26FB6CF427B9",User1,"PLC-001",read,"HR_40004",,normal,"2026-04-22T15:35:31.632692+00:00"
"CMD-2403A8BCE0FC",User1,"PLC-001",read,"HR_40004",,critical,"2026-04-22T15:35:26.925386+00:00"
"CMD-D8C93725386D",User1,"PLC-001",read,"HR_40002",,normal,"2026-04-22T15:35:22.224062+00:00"
"CMD-876E046F4538",Admin1,"PLC-001",read,"HR_40004",,critical,"2026-04-22T15:35:14.579435+00:00"
"CMD-DACEBB8258DC",Admin1,"PLC-001",write,"HR_40001",735,critical,"2026-04-22T15:35:12.384902+00:00"
"CMD-528572D04787",User1,"PLC-001",read,"HR_40003",,critical,"2026-04-22T15:35:05.956225+00:00"
"CMD-68F163723608",Admin1,"PLC-001",read,"HR_40004",,critical,"2026-04-22T15:34:59.438319+00:00"
"CMD-7F0A975529C2",User1,"PLC-001",read,"HR_40004",,normal,"2026-04-22T15:34:53.035842+00:00"
"CMD-ECC8C324B7C6",User1,"PLC-001",read,"HR_40003",,critical,"2026-04-22T15:34:47.461386+00:00"
"CMD-9CB3958BD8AC",Admin1,"PLC-001",write,"HR_40003",37721,critical,"2026-04-22T15:34:45.245815+00:00"
"CMD-347DA1469783",User1,"PLC-001",read,"HR_40005",,critical,"2026-04-22T15:34:38.803177+00:00"
"CMD-693329B27837",Admin1,"PLC-001",read,"HR_40005",,normal,"2026-04-22T15:34:32.349231+00:00"
"CMD-C1D73A94D50A",User1,"PLC-001",read,"HR_40002",,critical,"2026-04-22T15:34:25.787484+00:00"
"CMD-9CB2A782570F",User1,"PLC-001",read,"HR_40003",,normal,"2026-04-22T15:34:21.548007+00:00"
"CMD-7AD5458EC0F3",User1,"PLC-001",read,"HR_40001",,normal,"2026-04-22T15:34:17.237397+00:00"
"CMD-FC14348F7035",Admin1,"PLC-001",read,"HR_40001",,critical,"2026-04-22T15:34:10.590374+00:00"
"CMD-B198E5D19252",User1,"PLC-001",read,"HR_40001",,critical,"2026-04-22T15:34:04.284164+00:00"
"CMD-A1854895EA91",User1,"PLC-001",read,"HR_40005",,normal,"2026-04-22T15:34:00.006409+00:00"
"CMD-61D39432D02D",Admin1,"PLC-001",read,"HR_40005",,normal,"2026-04-22T15:33:53.665066+00:00"
"CMD-1A211AFD2F0D",User1,"PLC-001",read,"HR_40004",,critical,"2026-04-22T15:33:47.321841+00:00"
"CMD-F46783BD592B",User1,"PLC-001",read,"HR_40004",,critical,"2026-04-22T15:33:42.876008+00:00"
"CMD-081488AAFBB3",Admin1,"PLC-001",read,"HR_40004",,critical,"2026-04-22T15:33:34.990416+00:00"
"CMD-A3FFFA865364",Admin1,"PLC-001",write,"HR_40002",41630,normal,"2026-04-22T15:33:32.884498+00:00"
"CMD-7BAC71E7D6F6",Admin1,"PLC-001",write,"HR_40001",22602,normal,"2026-04-22T15:33:30.653329+00:00"
"CMD-FEDC1B6BF2E6",Admin1,"PLC-001",read,"HR_40005",,critical,"2026-04-22T15:33:26.002994+00:00"
"CMD-2E7154519178",User1,"PLC-001",read,"HR_40004",,critical,"2026-04-22T15:33:19.318119+00:00"
"CMD-48CB57648A65",User1,"PLC-001",read,"HR_40004",,critical,"2026-04-22T15:33:14.766170+00:00"
"CMD-E8E8608AF907",Admin1,"PLC-001",read,"HR_40001",,normal,"2026-04-22T15:33:08.177011+00:00"
"CMD-BCA1252B9FF9",User1,"PLC-001",read,"HR_40004",,normal,"2026-04-22T15:33:01.690825+00:00"
"CMD-544228B90740",User1,"PLC-001",read,"HR_40004",,critical,"2026-04-22T15:32:57.228849+00:00"
"CMD-389863B7C5C1",User1,"PLC-001",read,"HR_40004",,critical,"2026-04-22T15:32:52.641437+00:00"
"CMD-B9FA93972DCE",Admin1,"PLC-001",read,"HR_40004",,critical,"2026-04-22T15:32:45.959605+00:00"
"CMD-7FE089539256",Admin1,"PLC-001",read,"HR_40001",,critical,"2026-04-22T15:32:41.381885+00:00"
"CMD-61B4BB89A6E4",User1,"PLC-001",read,"HR_40002",,critical,"2026-04-22T15:32:34.704354+00:00"
"CMD-C555A8B1BD91",Admin1,"PLC-001",read,"HR_40005",,normal,"2026-04-22T15:32:27.025770+00:00"
"CMD-8FB9E0BCF4FE",Admin1,"PLC-001",write,"HR_40004",29848,normal,"2026-04-22T15:32:24.701180+00:00"
"CMD-D612E4CB428E",User1,"PLC-001",read,"HR_40001",,normal,"2026-04-22T15:32:16.677676+00:00"
"CMD-8D7ABB7A2001",Admin1,"PLC-001",write,"HR_40002",30260,normal,"2026-04-22T15:32:14.354560+00:00"
"CMD-F207A8C50524",User1,"PLC-001",read,"HR_40005",,normal,"2026-04-22T15:32:07.747384+00:00"
"CMD-62BC6B71C318",User1,"PLC-001",read,"HR_40002",,critical,"2026-04-22T15:32:03.269772+00:00"
"CMD-083A791FC394",Admin1,"PLC-001",read,"HR_40002",,normal,"2026-04-22T15:31:56.715346+00:00"
"CMD-E079CB646B1B",User1,"PLC-001",read,"HR_40001",,critical,"2026-04-22T15:31:49.863257+00:00"
"CMD-7AB0C663F4CF",User1,"PLC-001",read,"HR_40003",,normal,"2026-04-22T15:31:45.392323+00:00"
"CMD-2032C9F8C13B",User1,"PLC-001",read,"HR_40005",,critical,"2026-04-22T15:31:40.734618+00:00"
"CMD-3DF7798C6914",User1,"PLC-001",read,"HR_40003",,normal,"2026-04-22T15:31:36.239327+00:00"
"CMD-83DDDDFED675",User1,"PLC-001",read,"HR_40004",,normal,"2026-04-22T15:31:31.846220+00:00"
"CMD-F439A2B083B8",User1,"PLC-001",read,"HR_40002",,critical,"2026-04-22T15:31:26.750919+00:00"
"CMD-4E0EB1DEDDF9",User1,"PLC-001",read,"HR_40003",,critical,"2026-04-22T15:31:21.201678+00:00"
"CMD-60DB8EBFC05E",Admin1,"PLC-001",write,"HR_40001",760,critical,"2026-04-22T15:31:18.692725+00:00"
"CMD-21EB307BB847",User1,"PLC-001",read,"HR_40003",,critical,"2026-04-22T15:31:11.356282+00:00"
"CMD-00E580DB2B92",Admin1,"PLC-001",read,"HR_40005",,normal,"2026-04-22T15:31:04.925233+00:00"
"CMD-E1151C77BD14",User1,"PLC-001",read,"HR_40002",,critical,"2026-04-22T15:30:58.431027+00:00"
"CMD-2E15F970FD40",Admin1,"PLC-001",read,"HR_40004",,critical,"2026-04-22T15:30:51.518690+00:00"
"CMD-FE3653C6BAC5",User1,"PLC-001",read,"HR_40003",,critical,"2026-04-22T15:30:44.858365+00:00"
"CMD-564F6E367419",Admin1,"PLC-001",write,"HR_40002",5949,normal,"2026-04-22T15:30:40.478836+00:00"
"CMD-4E0E572944C7",Admin1,"PLC-001",read,"HR_40001",,critical,"2026-04-22T15:30:34.715017+00:00"
"CMD-94B645D6DEDC",Admin1,"PLC-001",write,"HR_40001",6148,critical,"2026-04-22T15:30:32.485372+00:00"
"CMD-9800A0194BB9",Admin1,"PLC-001",read,"HR_40004",,normal,"2026-04-22T15:30:26.817171+00:00"
"CMD-B4604E6F4132",Admin1,"PLC-001",write,"HR_40002",6653,normal,"2026-04-22T15:30:24.315250+00:00"
"CMD-92808713DA8A",Admin1,"PLC-001",read,"HR_40003",,critical,"2026-04-22T15:30:18.674171+00:00"
"CMD-E6F733DB6536",Admin1,"PLC-001",write,"HR_40003",747,critical,"2026-04-22T15:30:16.166451+00:00"
"CMD-400A5B7A19EE",Admin1,"PLC-001",write,"HR_40005",2928,critical,"2026-04-22T15:30:13.686057+00:00"
"CMD-183201F31F87",Admin1,"PLC-001",read,"HR_40001",,critical,"2026-04-22T15:30:08.999463+00:00"
"CMD-848EF80C1B01",User1,"PLC-001",read,"HR_40004",,critical,"2026-04-22T15:30:02.280516+00:00"
"CMD-3611F0BA1C2E",User1,"PLC-001",read,"HR_40003",,critical,"2026-04-22T15:29:57.114281+00:00"
"CMD-909A476EE10C",User1,"PLC-001",read,"HR_40003",,critical,"2026-04-22T15:29:52.639995+00:00"
"CMD-4C61EA4D38CF",User1,"PLC-001",read,"HR_40005",,critical,"2026-04-22T15:29:47.851297+00:00"
"CMD-A1FA02C32D27",Admin1,"PLC-001",read,"HR_40002",,critical,"2026-04-22T15:29:41.114219+00:00"
"CMD-A9CD82D9FED2",User1,"PLC-001",read,"HR_40005",,critical,"2026-04-22T15:29:33.373704+00:00"
"CMD-DA69A5C3EE15",Admin1,"PLC-001",write,"HR_40004",1363,normal,"2026-04-22T15:29:31.027478+00:00"
"CMD-51E0DF6CBC63",User1,"PLC-001",read,"HR_40002",,normal,"2026-04-22T15:29:24.480779+00:00"
"CMD-655F3C5DB293",Admin1,"PLC-001",read,"HR_40002",,critical,"2026-04-22T15:29:17.915896+00:00"
"CMD-175E7189F519",Admin1,"PLC-001",read,"HR_40003",,critical,"2026-04-22T15:29:12.061479+00:00"
"CMD-92DCEEA05221",Admin1,"PLC-001",write,"HR_40004",3290,normal,"2026-04-22T15:29:09.619796+00:00"
"CMD-8CA51959E1C5",User1,"PLC-001",read,"HR_40003",,critical,"2026-04-22T15:29:02.972364+00:00"
"CMD-D558A04996A9",Admin1,"PLC-001",read,"HR_40004",,normal,"2026-04-22T15:28:56.634697+00:00"
"CMD-1BEC4B392A2B",User1,"PLC-001",read,"HR_40001",,critical,"2026-04-22T15:28:48.615479+00:00"
"CMD-0E0A069656F7",Admin1,"PLC-001",write,"HR_40005",21426,normal,"2026-04-22T15:28:46.401924+00:00"
"CMD-16D1A876F971",User1,"PLC-001",read,"HR_40001",,normal,"2026-04-22T15:28:39.885419+00:00"
"CMD-40D99D6030C9",Admin1,"PLC-001",read,"HR_40004",,normal,"2026-04-22T15:28:33.247430+00:00"
"CMD-DD7C8A0E8970",User1,"PLC-001",read,"HR_40004",,critical,"2026-04-22T15:28:26.578618+00:00"
"CMD-B9A331A993D8",User1,"PLC-001",read,"HR_40004",,normal,"2026-04-22T15:28:21.947207+00:00"
"CMD-D981B592F30A",Admin1,"PLC-001",write,"HR_40004",2346,critical,"2026-04-22T15:28:17.550412+00:00"
"CMD-70367434CB7E",Admin1,"PLC-001",read,"HR_40005",,normal,"2026-04-22T15:28:13.040561+00:00"
"CMD-9369E7A4521B",User1,"PLC-001",read,"HR_40005",,critical,"2026-04-22T15:28:06.391554+00:00"
"CMD-FE007D7D2BDC",Admin1,"PLC-001",write,"HR_40003",4301,critical,"2026-04-22T15:28:01.987490+00:00"
"CMD-1861C2CBA9EA",Admin1,"PLC-001",read,"HR_40002",,normal,"2026-04-22T15:27:57.414564+00:00"
"CMD-011E1A4823A0",User1,"PLC-001",read,"HR_40001",,normal,"2026-04-22T15:27:50.784479+00:00"
"CMD-E334DB41080E",User1,"PLC-001",read,"HR_40005",,critical,"2026-04-22T15:27:46.017176+00:00"
"CMD-4FE6AB292B6F",Admin1,"PLC-001",read,"HR_40005",,critical,"2026-04-22T15:27:38.390731+00:00"
"CMD-33D8130095D6",Admin1,"PLC-001",write,"HR_40003",7664,normal,"2026-04-22T15:27:35.890101+00:00"
"CMD-871E72B71DB9",Admin1,"PLC-001",read,"HR_40005",,normal,"2026-04-22T15:27:30.465145+00:00"
"CMD-6C2D93DDA149",User1,"PLC-001",read,"HR_40003",,normal,"2026-04-22T15:27:23.734835+00:00"
"CMD-DAD3DAB3D46C",Admin1,"PLC-001",read,"HR_40003",,critical,"2026-04-22T15:27:16.743336+00:00"
"CMD-C065249DAF0C",User1,"PLC-001",read,"HR_40002",,critical,"2026-04-22T15:27:10.238746+00:00"
"CMD-E2068EE87C35",User1,"PLC-001",read,"HR_40001",,normal,"2026-04-22T15:27:05.570587+00:00"
"CMD-83B9A4D52D1F",User1,"PLC-001",read,"HR_40001",,critical,"2026-04-22T15:27:01.018313+00:00"
"CMD-D947C275392B",User1,"PLC-001",read,"HR_40003",,normal,"2026-04-22T15:26:56.348376+00:00"
"CMD-8E7CC81C471D",Admin1,"PLC-001",read,"HR_40004",,critical,"2026-04-22T15:26:48.643358+00:00"
"CMD-5F2E8DEA27F2",Admin1,"PLC-001",write,"HR_40004",25590,critical,"2026-04-22T15:26:46.452711+00:00"
"CMD-4343FA100FD9",User1,"PLC-001",read,"HR_40002",,critical,"2026-04-22T15:26:39.855895+00:00"
"CMD-6BFC0FB09688",User1,"PLC-001",read,"HR_40002",,critical,"2026-04-22T15:26:35.322862+00:00"
"CMD-8095CD4730AC",User1,"PLC-001",read,"HR_40004",,critical,"2026-04-22T15:26:30.804145+00:00"
"CMD-427FD7C063B9",Admin1,"PLC-001",read,"HR_40003",,critical,"2026-04-22T15:26:23.014572+00:00"
"CMD-2E0BBBAA6849",Admin1,"PLC-001",write,"HR_40004",20280,critical,"2026-04-22T15:26:20.503424+00:00"
"CMD-4C151BC9D4C2",Admin1,"PLC-001",write,"HR_40003",4720,critical,"2026-04-22T15:26:18.283932+00:00"
"CMD-17B0B4B2AACC",Admin1,"PLC-001",write,"HR_40002",4413,critical,"2026-04-22T15:26:16.235560+00:00"
"CMD-343946B038E9",Admin1,"PLC-001",write,"HR_40002",3202,critical,"2026-04-22T15:26:14.190862+00:00"
"CMD-7156DA751506",Admin1,"PLC-001",read,"HR_40002",,normal,"2026-04-22T15:26:09.890388+00:00"
"CMD-1F6519BC8814",Admin1,"PLC-001",read,"HR_40003",,normal,"2026-04-22T15:26:04.266969+00:00"
"CMD-670A29B99B57",Admin1,"PLC-001",write,"HR_40001",12393,normal,"2026-04-22T15:26:01.977025+00:00"
"CMD-D91E0BAC1755",Admin1,"PLC-001",read,"HR_40004",,critical,"2026-04-22T15:25:57.784348+00:00"
"CMD-7FBAA447533A",User1,"PLC-001",read,"HR_40001",,critical,"2026-04-22T15:25:51.532702+00:00"
"CMD-917DCC689657",User1,"PLC-001",read,"HR_40001",,normal,"2026-04-22T15:25:47.320401+00:00"
"CMD-B58FCE53244C",User1,"PLC-001",read,"HR_40003",,normal,"2026-04-22T15:25:43.059944+00:00"
"CMD-2FB395BEFBCD",User1,"PLC-001",read,"HR_40004",,critical,"2026-04-22T15:25:38.826369+00:00"
"CMD-A0F4F80B77AF",Admin1,"PLC-001",read,"HR_40001",,critical,"2026-04-22T15:25:32.537151+00:00"
"CMD-AB5528379914",Admin1,"PLC-001",read,"HR_40004",,critical,"2026-04-22T15:25:26.953052+00:00"
"CMD-B2AC74E5AB7D",Admin1,"PLC-001",write,"HR_40005",13221,normal,"2026-04-22T15:25:24.801870+00:00"
"CMD-75529CD210EB",User1,"PLC-001",read,"HR_40003",,normal,"2026-04-22T15:25:18.522197+00:00"
"CMD-91C3721F49A6",User1,"PLC-001",read,"HR_40004",,critical,"2026-04-22T15:25:14.279909+00:00"
"CMD-623F8B3B84B0",User1,"PLC-001",read,"HR_40003",,normal,"2026-04-22T15:25:09.940726+00:00"
"CMD-97B34AA8BEFD",Admin1,"PLC-001",write,"HR_40003",2316,critical,"2026-04-22T15:25:05.903294+00:00"
"CMD-FC4DDB34AD19",Admin1,"PLC-001",read,"HR_40002",,normal,"2026-04-22T15:25:01.214129+00:00"
"CMD-23321A25E457",Admin1,"PLC-001",read,"HR_40005",,critical,"2026-04-22T15:24:56.692614+00:00"
"CMD-260C9ED91653",User1,"PLC-001",read,"HR_40003",,critical,"2026-04-22T15:24:50.110018+00:00"
"CMD-580670019D9D",Admin1,"PLC-001",read,"HR_40004",,normal,"2026-04-22T15:24:43.487897+00:00"
"CMD-DC3D70EC67B3",Admin1,"PLC-001",read,"HR_40002",,normal,"2026-04-22T15:24:38.912834+00:00"
"CMD-688AD5C90989",User1,"PLC-001",read,"HR_40002",,normal,"2026-04-22T15:24:32.210261+00:00"
"CMD-0460BABC23F2",Admin1,"PLC-001",read,"HR_40003",,normal,"2026-04-22T15:24:25.498589+00:00"
"CMD-EADE5B6FE380",User1,"PLC-001",read,"HR_40003",,critical,"2026-04-22T15:24:18.721018+00:00"
"CMD-0CC8FDCB083F",User1,"PLC-001",read,"HR_40002",,critical,"2026-04-22T15:24:13.981906+00:00"
"CMD-528D8443DF97",User1,"PLC-001",read,"HR_40001",,critical,"2026-04-22T15:24:09.145489+00:00"
"CMD-169A9BE463A7",Admin1,"PLC-001",read,"HR_40004",,normal,"2026-04-22T15:24:01.470290+00:00"
"CMD-C244BC207B76",Admin1,"PLC-001",write,"HR_40002",3294,critical,"2026-04-22T15:23:58.674871+00:00"
"CMD-42DC2DFFCBC5",User1,"PLC-001",read,"HR_40003",,normal,"2026-04-22T15:23:51.940933+00:00"
"CMD-2FECFCFD17CC",Admin1,"PLC-001",write,"HR_40005",27790,normal,"2026-04-22T15:23:47.507403+00:00"
"CMD-0ABF67045084",Admin1,"PLC-001",write,"HR_40002",7834,normal,"2026-04-22T15:23:44.946009+00:00"
"CMD-A1E2A1D7A47C",User1,"PLC-001",read,"HR_40004",,critical,"2026-04-22T15:23:38.220504+00:00"
"CMD-5A72B1F0E1DD",Admin1,"PLC-001",write,"HR_40001",2881,critical,"2026-04-22T15:23:33.955524+00:00"
"CMD-BAF0257D0BF8",Admin1,"PLC-001",write,"HR_40004",35794,normal,"2026-04-22T15:23:31.417504+00:00"
"CMD-8A51B9002049",User1,"PLC-001",read,"HR_40001",,normal,"2026-04-22T15:23:24.603324+00:00"
"CMD-651A37E3AA20",User1,"PLC-001",read,"HR_40002",,normal,"2026-04-22T15:23:20.260084+00:00"
"CMD-4A4291FCD2BE",User1,"PLC-001",read,"HR_40001",,normal,"2026-04-22T15:23:14.632297+00:00"
"CMD-4B273590CC8D",Admin1,"PLC-001",write,"HR_40002",31222,normal,"2026-04-22T15:23:12.178497+00:00"
"CMD-49AD38D53DDB",User1,"PLC-001",read,"HR_40003",,normal,"2026-04-22T15:23:05.588198+00:00"
"CMD-056EAAD4AB89",User1,"PLC-001",read,"HR_40003",,normal,"2026-04-22T15:22:59.798737+00:00"
"CMD-7236C1F38F51",Admin1,"PLC-001",write,"HR_40004",7432,normal,"2026-04-22T15:22:57.379965+00:00"
"CMD-1EF8B3F57615",User1,"PLC-001",read,"HR_40003",,critical,"2026-04-22T15:22:50.730941+00:00"
"CMD-04044E1274AF",Admin1,"PLC-001",read,"HR_40005",,critical,"2026-04-22T15:22:44.269226+00:00"
"CMD-DE7EACCEFF8E",Admin1,"PLC-001",read,"HR_40005",,critical,"2026-04-22T15:22:39.865417+00:00"
"CMD-5514D3C337FB",Admin1,"PLC-001",read,"HR_40004",,critical,"2026-04-22T15:22:35.112262+00:00"
"CMD-C6492794ADA2",User1,"PLC-001",read,"HR_40005",,critical,"2026-04-22T15:22:27.749593+00:00"
"CMD-619BDC45FD8F",User1,"PLC-001",read,"HR_40004",,normal,"2026-04-22T15:22:23.210512+00:00"
"CMD-714926E930F9",User1,"PLC-001",read,"HR_40002",,critical,"2026-04-22T15:22:18.628026+00:00"
"CMD-6C1AD3FEF47A",Admin1,"PLC-001",read,"HR_40002",,critical,"2026-04-22T15:22:11.953825+00:00"
"CMD-6C4C305696F0",User1,"PLC-001",read,"HR_40005",,normal,"2026-04-22T15:22:05.247464+00:00"
"CMD-058E1CD22C2C",Admin1,"PLC-001",write,"HR_40005",24571,normal,"2026-04-22T15:22:00.706236+00:00"
"CMD-C8A177F97A21",Admin1,"PLC-001",read,"HR_40005",,normal,"2026-04-22T15:21:56.040696+00:00"
"CMD-87E5807BB65A",Admin1,"PLC-001",read,"HR_40004",,critical,"2026-04-22T15:21:51.643476+00:00"
"CMD-8CDB5F60D578",User1,"PLC-001",read,"HR_40002",,normal,"2026-04-22T15:21:45.032153+00:00"
"CMD-254C21ABEA64",Admin1,"PLC-001",read,"HR_40005",,critical,"2026-04-22T15:21:38.267512+00:00"
"CMD-BC34BC41C54D",User1,"PLC-001",read,"HR_40002",,normal,"2026-04-22T15:21:31.618740+00:00"
"CMD-37523524EB67",Admin1,"PLC-001",read,"HR_40001",,normal,"2026-04-22T15:21:25.130038+00:00"
"CMD-BE860FEA8761",User1,"PLC-001",read,"HR_40004",,critical,"2026-04-22T15:21:18.452247+00:00"
"CMD-A1098C547E2F",Admin1,"PLC-001",write,"HR_40002",40599,normal,"2026-04-22T15:21:14.183874+00:00"
"CMD-71D8B06E9D12",Admin1,"PLC-001",read,"HR_40001",,critical,"2026-04-22T15:21:09.658809+00:00"
"CMD-79BA22C70C91",Admin1,"PLC-001",read,"HR_40004",,critical,"2026-04-22T15:21:05.061105+00:00"
"CMD-7A661FEE93F3",Admin1,"PLC-001",read,"HR_40004",,critical,"2026-04-22T15:21:00.642992+00:00"
"CMD-3A3E835311AE",Admin1,"PLC-001",read,"HR_40004",,critical,"2026-04-22T15:20:56.002490+00:00"
"CMD-3867BB253AB3",User1,"PLC-001",read,"HR_40001",,normal,"2026-04-22T15:20:49.196214+00:00"
"CMD-AD2E730E858A",Admin1,"PLC-001",write,"HR_40003",2318,normal,"2026-04-22T15:20:44.558738+00:00"
"CMD-37E1DE850642",Admin1,"PLC-001",write,"HR_40003",901,critical,"2026-04-22T15:20:42.073555+00:00"
"CMD-42EA556D2873",User1,"PLC-001",read,"HR_40001",,critical,"2026-04-22T15:20:35.517758+00:00"
"CMD-7D474B0603C9",Admin1,"PLC-001",read,"HR_40004",,critical,"2026-04-22T15:20:28.605191+00:00"
"CMD-9CD8E01B71F4",User1,"PLC-001",read,"HR_40001",,critical,"2026-04-22T15:20:22.093640+00:00"
"CMD-4CD15FFEE65C",User1,"PLC-001",read,"HR_40001",,normal,"2026-04-22T15:20:17.532345+00:00"
"CMD-81F24E1F3542",User1,"PLC-001",read,"HR_40001",,normal,"2026-04-22T15:20:13.043243+00:00"
"CMD-DB2E1A88A953",User1,"PLC-001",read,"HR_40005",,normal,"2026-04-22T15:20:08.300417+00:00"
"CMD-9CCA127A12F9",Admin1,"PLC-001",write,"HR_40003",2582,normal,"2026-04-22T15:20:03.861088+00:00"
"CMD-CDF316D6A055",Admin1,"PLC-001",read,"HR_40001",,normal,"2026-04-22T15:19:59.337538+00:00"
"CMD-807B9B8D6A32",User1,"PLC-001",read,"HR_40004",,critical,"2026-04-22T15:19:52.639987+00:00"
"CMD-C10A6BB31567",User1,"PLC-001",read,"HR_40003",,normal,"2026-04-22T15:19:46.924022+00:00"
"CMD-510A83B3C5D9",Admin1,"PLC-001",write,"HR_40003",7119,normal,"2026-04-22T15:19:44.621948+00:00"
"CMD-FDB06AF9A41D",User1,"PLC-001",read,"HR_40004",,critical,"2026-04-22T15:19:38.113000+00:00"
"CMD-D59C0814EE4B",User1,"PLC-001",read,"HR_40003",,normal,"2026-04-22T15:19:33.579358+00:00"
"CMD-A17CD680D7CF",User1,"PLC-001",read,"HR_40005",,normal,"2026-04-22T15:19:29.124637+00:00"
"CMD-37AF995D744E",User1,"PLC-001",read,"HR_40003",,normal,"2026-04-22T15:19:24.520170+00:00"
"CMD-D0D1DF23A4BD",Admin1,"PLC-001",read,"HR_40003",,normal,"2026-04-22T15:19:17.487290+00:00"
"CMD-9CEE5750673A",User1,"PLC-001",read,"HR_40001",,critical,"2026-04-22T15:19:10.807854+00:00"
"CMD-2D1DAC0A52E8",Admin1,"PLC-001",write,"HR_40004",2212,critical,"2026-04-22T15:19:06.547548+00:00"
"CMD-6CEED105133B",Admin1,"PLC-001",read,"HR_40005",,normal,"2026-04-22T15:19:02.064783+00:00"
"CMD-B1C06461D14D",User1,"PLC-001",read,"HR_40001",,normal,"2026-04-22T15:18:54.511372+00:00"
"CMD-7CA4CDFF23BD",Admin1,"PLC-001",read,"HR_40003",,critical,"2026-04-22T15:18:47.896598+00:00"
"CMD-5A8B9ABDB633",Admin1,"PLC-001",read,"HR_40002",,critical,"2026-04-22T15:18:43.324063+00:00"
"CMD-A8FD63860390",User1,"PLC-001",read,"HR_40005",,normal,"2026-04-22T15:18:36.825588+00:00"
"CMD-EB7B4FDFA845",Admin1,"PLC-001",read,"HR_40002",,critical,"2026-04-22T15:18:30.308902+00:00"
"CMD-0352221E7414",User1,"PLC-001",read,"HR_40003",,critical,"2026-04-22T15:18:22.458575+00:00"
"CMD-E71969403A5D",Admin1,"PLC-001",write,"HR_40004",7193,normal,"2026-04-22T15:18:20.124517+00:00"
"CMD-18FC49505EB6",User1,"PLC-001",read,"HR_40004",,normal,"2026-04-22T15:18:13.706124+00:00"
"CMD-7C9B340EC362",Admin1,"PLC-001",read,"HR_40004",,critical,"2026-04-22T15:18:05.930671+00:00"
"CMD-996B68A90C8B",Admin1,"PLC-001",write,"HR_40003",4456,normal,"2026-04-22T15:18:03.737946+00:00"
"CMD-7A4B5938CFD5",Admin1,"PLC-001",read,"HR_40005",,critical,"2026-04-22T15:17:59.330753+00:00"
"CMD-76108F44A5AB",Admin1,"PLC-001",read,"HR_40001",,critical,"2026-04-22T15:17:52.247378+00:00"
"CMD-B6C7B36884F4",User1,"PLC-001",read,"HR_40002",,critical,"2026-04-22T15:17:45.539389+00:00"
"CMD-80545AA9F98F",User1,"PLC-001",read,"HR_40001",,critical,"2026-04-22T15:17:40.761617+00:00"
"CMD-5602ACFA86A1",User1,"PLC-001",read,"HR_40004",,critical,"2026-04-22T15:17:36.295923+00:00"
"CMD-69077BD96849",User1,"PLC-001",read,"HR_40005",,critical,"2026-04-22T15:17:31.749307+00:00"
"CMD-40395AFFD21C",User1,"PLC-001",read,"HR_40003",,normal,"2026-04-22T15:17:27.345199+00:00"
"CMD-101AB1266175",User1,"PLC-001",read,"HR_40005",,critical,"2026-04-22T15:17:23.010723+00:00"
"CMD-AE714D63FB47",Admin1,"PLC-001",read,"HR_40003",,critical,"2026-04-22T15:17:16.057368+00:00"
"CMD-00A7754B01D7",Admin1,"PLC-001",read,"HR_40004",,normal,"2026-04-22T15:17:11.698781+00:00"
"CMD-77967DF41122",User1,"PLC-001",read,"HR_40001",,critical,"2026-04-22T15:17:04.060709+00:00"
"CMD-5503131D75D6",Admin1,"PLC-001",write,"HR_40004",43715,normal,"2026-04-22T15:17:01.817431+00:00"
"CMD-BEE8650FCD95",User1,"PLC-001",read,"HR_40005",,critical,"2026-04-22T15:16:55.308727+00:00"
"CMD-F819FC1F765C",User1,"PLC-001",read,"HR_40002",,critical,"2026-04-22T15:16:50.836493+00:00"
"CMD-B915D24B4A2C",User1,"PLC-001",read,"HR_40005",,critical,"2026-04-22T15:16:46.061073+00:00"
"CMD-C9B659A018E3",User1,"PLC-001",read,"HR_40001",,critical,"2026-04-22T15:16:41.593711+00:00"
"CMD-DEAB36BDF032",Admin1,"PLC-001",read,"HR_40001",,critical,"2026-04-22T15:16:33.917287+00:00"
"CMD-BC6E055ADBC4",Admin1,"PLC-001",write,"HR_40004",7562,normal,"2026-04-22T15:16:31.608290+00:00"
"CMD-D023A2E2A602",Admin1,"PLC-001",read,"HR_40003",,critical,"2026-04-22T15:16:27.053317+00:00"
"CMD-668BB633BB1F",User1,"PLC-001",read,"HR_40001",,normal,"2026-04-22T15:16:20.578108+00:00"
"CMD-351CE1778F88",Admin1,"PLC-001",read,"HR_40002",,normal,"2026-04-22T15:16:14.064227+00:00"
"CMD-2403C5F39919",Admin1,"PLC-001",read,"HR_40005",,critical,"2026-04-22T15:16:09.478741+00:00"
"CMD-985D20EAFA5F",User1,"PLC-001",read,"HR_40004",,normal,"2026-04-22T15:16:02.896147+00:00"
"CMD-7CB5742ED9DE",Admin1,"PLC-001",read,"HR_40002",,critical,"2026-04-22T15:15:56.257739+00:00"
"CMD-643881039452",Admin1,"PLC-001",read,"HR_40002",,critical,"2026-04-22T15:15:51.598968+00:00"
"CMD-48C435B909D3",User1,"PLC-001",read,"HR_40001",,normal,"2026-04-22T15:15:44.719491+00:00"
"CMD-50EC3D630910",Admin1,"PLC-001",read,"HR_40004",,critical,"2026-04-22T15:15:37.955020+00:00"
"CMD-93910BD39DB2",User1,"PLC-001",read,"HR_40004",,normal,"2026-04-22T15:15:30.208156+00:00"
"CMD-697D510994AB",Admin1,"PLC-001",write,"HR_40001",26148,normal,"2026-04-22T15:15:27.873650+00:00"
"CMD-7E930219EB9F",User1,"PLC-001",read,"HR_40001",,normal,"2026-04-22T15:15:21.311615+00:00"
"CMD-B299C3049CE2",Admin1,"PLC-001",read,"HR_40002",,critical,"2026-04-22T15:15:14.739327+00:00"
"CMD-E7B5DE9F31BE",Admin1,"PLC-001",read,"HR_40004",,normal,"2026-04-22T15:15:09.851554+00:00"
"CMD-9BEC5A37D409",User1,"PLC-001",read,"HR_40003",,normal,"2026-04-22T15:15:03.140953+00:00"
"CMD-C3128F02A35C",Admin1,"PLC-001",write,"HR_40001",19937,critical,"2026-04-22T15:14:58.558090+00:00"
"CMD-EFC6B0041BED",Admin1,"PLC-001",read,"HR_40003",,normal,"2026-04-22T15:14:53.742808+00:00"
"CMD-F249D0417F8E",User1,"PLC-001",read,"HR_40003",,normal,"2026-04-22T15:14:46.909814+00:00"
"CMD-AD9D7F5F028A",User1,"PLC-001",read,"HR_40005",,normal,"2026-04-22T15:14:41.511515+00:00"
"CMD-3BC7823E43AB",Admin1,"PLC-001",write,"HR_40001",4682,normal,"2026-04-22T15:14:38.965620+00:00"
"CMD-32647FAFE7CF",User1,"PLC-001",read,"HR_40005",,normal,"2026-04-22T15:14:32.375774+00:00"
"CMD-DE225367B752",User1,"PLC-001",read,"HR_40003",,critical,"2026-04-22T15:14:27.238018+00:00"
"CMD-E879E2EE705C",Admin1,"PLC-001",read,"HR_40004",,critical,"2026-04-22T15:14:20.334550+00:00"
"CMD-5991C09DC284",Admin1,"PLC-001",read,"HR_40003",,critical,"2026-04-22T15:14:15.439605+00:00"
"CMD-8465DB0E03FC",User1,"PLC-001",read,"HR_40002",,normal,"2026-04-22T15:14:08.673734+00:00"
"CMD-72DC3F2AA72C",Admin1,"PLC-001",read,"HR_40003",,critical,"2026-04-22T15:14:01.936034+00:00"
"CMD-D05FC01FF828",Admin1,"PLC-001",read,"HR_40004",,normal,"2026-04-22T15:13:56.379887+00:00"
"CMD-B0FE175BFD43",Admin1,"PLC-001",write,"HR_40003",3434,normal,"2026-04-22T15:13:53.935148+00:00"
"CMD-0507262BA93C",Admin1,"PLC-001",write,"HR_40005",12149,normal,"2026-04-22T15:13:51.496704+00:00"
"CMD-27D429B9E70E",User1,"PLC-001",read,"HR_40003",,critical,"2026-04-22T15:13:44.957659+00:00"
"CMD-735017F44D25",User1,"PLC-001",read,"HR_40002",,normal,"2026-04-22T15:13:40.363919+00:00"
"CMD-4C89DC8F2277",User1,"PLC-001",read,"HR_40001",,normal,"2026-04-22T15:13:35.874260+00:00"
"CMD-61D20B58A53C",Admin1,"PLC-001",read,"HR_40004",,critical,"2026-04-22T15:13:29.305063+00:00"
"CMD-824CCCD1F4C4",Admin1,"PLC-001",read,"HR_40004",,normal,"2026-04-22T15:13:23.540799+00:00"
"CMD-E169DC54021A",Admin1,"PLC-001",write,"HR_40001",29207,critical,"2026-04-22T15:13:21.220287+00:00"
"CMD-4CA5FA0E2C5D",Admin1,"PLC-001",read,"HR_40001",,critical,"2026-04-22T15:13:16.770287+00:00"
"CMD-0CC5C39F7C79",Admin1,"PLC-001",read,"HR_40002",,critical,"2026-04-22T15:13:12.187054+00:00"
"CMD-C9BDD3AD424E",User1,"PLC-001",read,"HR_40001",,critical,"2026-04-22T15:13:05.624641+00:00"
"CMD-7DF359C04A95",Admin1,"PLC-001",read,"HR_40004",,critical,"2026-04-22T15:12:58.712233+00:00"
"CMD-7B566B96B7CA",User1,"PLC-001",read,"HR_40003",,critical,"2026-04-22T15:12:51.341290+00:00"
"CMD-BC628A45EE1E",User1,"PLC-001",read,"HR_40004",,normal,"2026-04-22T15:12:46.531934+00:00"
"CMD-4E495F65D37F",Admin1,"PLC-001",read,"HR_40005",,critical,"2026-04-22T15:12:39.895169+00:00"
"CMD-88F40FA53195",User1,"PLC-001",read,"HR_40003",,critical,"2026-04-22T15:12:32.476739+00:00"
"CMD-EFF4AF81FCD5",User1,"PLC-001",read,"HR_40002",,normal,"2026-04-22T15:12:27.772707+00:00"
"CMD-A30981495177",User1,"PLC-001",read,"HR_40005",,normal,"2026-04-22T15:12:22.747853+00:00"
"CMD-555B7245E3A9",User1,"PLC-001",read,"HR_40002",,critical,"2026-04-22T15:12:18.088973+00:00"
"CMD-BB4915B64B54",User1,"PLC-001",read,"HR_40002",,normal,"2026-04-22T15:12:12.953546+00:00"
"CMD-DE48899FA161",User1,"PLC-001",read,"HR_40003",,critical,"2026-04-22T15:12:08.217300+00:00"
"CMD-FCBE13F4B5B7",User1,"PLC-001",read,"HR_40005",,normal,"2026-04-22T15:12:03.477772+00:00"
"CMD-9B00219DF0CE",Admin1,"PLC-001",read,"HR_40001",,critical,"2026-04-22T15:11:55.788892+00:00"
"CMD-7FE43C3A152F",Admin1,"PLC-001",write,"HR_40001",6429,critical,"2026-04-22T15:11:53.222281+00:00"
"CMD-E5BE14BAF383",Admin1,"PLC-001",read,"HR_40005",,normal,"2026-04-22T15:11:48.147542+00:00"
"CMD-204817D39E62",Admin1,"PLC-001",read,"HR_40001",,normal,"2026-04-22T15:11:43.439553+00:00"
"CMD-6A6B664AC2D2",User1,"PLC-001",read,"HR_40004",,critical,"2026-04-22T15:11:36.448362+00:00"
"CMD-87E4477FFE4E",Admin1,"PLC-001",read,"HR_40003",,normal,"2026-04-22T15:11:29.480083+00:00"
"CMD-45C287CE5BEB",Admin1,"PLC-001",read,"HR_40003",,normal,"2026-04-22T15:11:23.228961+00:00"
"CMD-DF6C9BF0B803",Admin1,"PLC-001",write,"HR_40001",39388,critical,"2026-04-22T15:11:20.761583+00:00"
"CMD-0699726A395F",Admin1,"PLC-001",read,"HR_40002",,normal,"2026-04-22T15:11:15.119809+00:00"
"CMD-DB37AB8CA64D",Admin1,"PLC-001",write,"HR_40005",41206,normal,"2026-04-22T15:11:12.378945+00:00"
"CMD-60BD861195CC",User1,"PLC-001",read,"HR_40004",,normal,"2026-04-22T15:11:05.550215+00:00"
"CMD-7677DEAE5881",User1,"PLC-001",read,"HR_40004",,normal,"2026-04-22T15:11:00.524100+00:00"
"CMD-C7099B569D09",User1,"PLC-001",read,"HR_40005",,critical,"2026-04-22T15:10:55.846851+00:00"
"CMD-EAD47E7EFC2C",User1,"PLC-001",read,"HR_40001",,normal,"2026-04-22T15:10:50.621085+00:00"
"CMD-300C581CA465",User1,"PLC-001",read,"HR_40005",,critical,"2026-04-22T15:10:45.854819+00:00"
"CMD-6AA78A45E193",User1,"PLC-001",read,"HR_40001",,critical,"2026-04-22T15:10:40.579628+00:00"
"CMD-20A66830FFA5",Admin1,"PLC-001",read,"HR_40001",,critical,"2026-04-22T15:10:33.461756+00:00"
"CMD-11DE3BAD3B97",User1,"PLC-001",read,"HR_40001",,normal,"2026-04-22T15:10:26.504698+00:00"
"CMD-15116EECD6C8",User1,"PLC-001",read,"HR_40004",,normal,"2026-04-22T15:10:21.964840+00:00"
"CMD-556E73572083",User1,"PLC-001",read,"HR_40002",,normal,"2026-04-22T15:10:17.073966+00:00"
"CMD-6F0C41ACED67",Admin1,"PLC-001",read,"HR_40001",,critical,"2026-04-22T15:10:09.994230+00:00"
"CMD-A46C38DEE827",Admin1,"PLC-001",read,"HR_40005",,critical,"2026-04-22T15:10:05.235853+00:00"
"CMD-83DB3ED06D19",Admin1,"PLC-001",read,"HR_40005",,normal,"2026-04-22T15:10:00.747515+00:00"
"CMD-41E288869866",Admin1,"PLC-001",read,"HR_40001",,normal,"2026-04-22T15:09:56.078168+00:00"
"CMD-175922B09C15",Admin1,"PLC-001",read,"HR_40005",,critical,"2026-04-22T15:09:51.409823+00:00"
"CMD-9FF767D67D28",User1,"PLC-001",read,"HR_40003",,normal,"2026-04-22T15:09:44.887079+00:00"
"CMD-90D7D15BA23E",Admin1,"PLC-001",read,"HR_40003",,critical,"2026-04-22T15:09:38.372198+00:00"
"CMD-30BFC6BADFB0",Admin1,"PLC-001",read,"HR_40002",,critical,"2026-04-22T15:09:32.809429+00:00"
"CMD-C15BEF77B1B1",Admin1,"PLC-001",write,"HR_40005",708,normal,"2026-04-22T15:09:30.384386+00:00"
"CMD-C4AA8CFA2920",User1,"PLC-001",read,"HR_40005",,normal,"2026-04-22T15:09:23.757676+00:00"
"CMD-C248FF5BD99E",Admin1,"PLC-001",read,"HR_40002",,critical,"2026-04-22T15:09:17.313536+00:00"
"CMD-AC7D5BAC4C04",Admin1,"PLC-001",read,"HR_40001",,critical,"2026-04-22T15:09:12.786033+00:00"
"CMD-2D355F99249A",User1,"PLC-001",read,"HR_40003",,critical,"2026-04-22T15:09:06.213891+00:00"
"CMD-3FCBD606F4E4",User1,"PLC-001",read,"HR_40003",,normal,"2026-04-22T15:09:01.589018+00:00"
"CMD-27B818094717",User1,"PLC-001",read,"HR_40001",,normal,"2026-04-22T15:08:57.332143+00:00"
"CMD-2EF84953CC70",User1,"PLC-001",read,"HR_40001",,normal,"2026-04-22T15:08:53.058863+00:00"
"CMD-2D6414176AA0",Admin1,"PLC-001",read,"HR_40001",,critical,"2026-04-22T15:08:46.628732+00:00"
"CMD-9BB31D166E42",User1,"PLC-001",read,"HR_40004",,critical,"2026-04-22T15:08:40.335241+00:00"
"CMD-B75CE188C8D9",Admin1,"PLC-001",read,"HR_40003",,normal,"2026-04-22T15:08:32.621817+00:00"
"CMD-7A34022415B9",Admin1,"PLC-001",write,"HR_40001",41627,normal,"2026-04-22T15:08:30.470282+00:00"
"CMD-A3283B500B1D",Admin1,"PLC-001",write,"HR_40001",4013,critical,"2026-04-22T15:08:28.298795+00:00"
"CMD-6B29A4E071DC",Admin1,"PLC-001",read,"HR_40003",,normal,"2026-04-22T15:08:23.969686+00:00"
"CMD-18509CEC5793",User1,"PLC-001",read,"HR_40003",,normal,"2026-04-22T15:08:17.592394+00:00"
"CMD-C097A99753BC",Admin1,"PLC-001",write,"HR_40002",23099,normal,"2026-04-22T15:08:13.450467+00:00"
"CMD-127D6623C5FE",Admin1,"PLC-001",read,"HR_40002",,critical,"2026-04-22T15:08:09.189978+00:00"
"CMD-F64BA6FEF05E",Admin1,"PLC-001",read,"HR_40002",,normal,"2026-04-22T15:08:04.783705+00:00"
"CMD-34B923DA2C3B",User1,"PLC-001",read,"HR_40004",,normal,"2026-04-22T15:07:58.366248+00:00"
"CMD-5FBDA63B841A",Admin1,"PLC-001",read,"HR_40001",,normal,"2026-04-22T15:07:52.130939+00:00"
"CMD-8F503CFF84D5",User1,"PLC-001",read,"HR_40005",,normal,"2026-04-22T15:07:45.865097+00:00"
"CMD-9EEEE1BA287A",User1,"PLC-001",read,"HR_40002",,critical,"2026-04-22T15:07:41.666617+00:00"
"CMD-31FA36E20C8B",Admin1,"PLC-001",write,"HR_40004",40986,critical,"2026-04-22T15:07:37.634336+00:00"
"CMD-870EBEC8E50A",Admin1,"PLC-001",write,"HR_40005",6461,normal,"2026-04-22T15:07:35.557997+00:00"
"CMD-9717BE8F5245",User1,"PLC-001",read,"HR_40001",,normal,"2026-04-22T15:07:29.221482+00:00"
"CMD-1E5FFDE8D009",Admin1,"PLC-001",read,"HR_40005",,critical,"2026-04-22T15:07:21.727292+00:00"
"CMD-7D4A689E9447",Admin1,"PLC-001",write,"HR_40001",6545,normal,"2026-04-22T15:07:19.452627+00:00"
"CMD-556A713A5A78",User1,"PLC-001",read,"HR_40002",,critical,"2026-04-22T15:07:13.043503+00:00"
"CMD-D3629115AA09",User1,"PLC-001",read,"HR_40002",,normal,"2026-04-22T15:07:08.478256+00:00"
"CMD-6292BF72E8E7",User1,"PLC-001",read,"HR_40005",,critical,"2026-04-22T15:07:04.002010+00:00"
"CMD-F52C8461B9A1",User1,"PLC-001",read,"HR_40001",,normal,"2026-04-22T15:06:59.476209+00:00"
"CMD-D821331D7634",User1,"PLC-001",read,"HR_40005",,normal,"2026-04-22T15:06:55.084467+00:00"
"CMD-A5BC13836E9B",User1,"PLC-001",read,"HR_40004",,normal,"2026-04-22T15:06:50.321392+00:00"
"CMD-F9B3EBE6BAA6",Admin1,"PLC-001",write,"HR_40004",6000,normal,"2026-04-22T15:06:45.694799+00:00"
"CMD-DAB0B3A67D43",Admin1,"PLC-001",write,"HR_40002",7786,critical,"2026-04-22T15:06:43.380233+00:00"
"CMD-6AB406ECBE0A",Admin1,"PLC-001",read,"HR_40001",,normal,"2026-04-22T15:06:38.927090+00:00"
"CMD-88E460CD0625",Admin1,"PLC-001",read,"HR_40003",,critical,"2026-04-22T15:06:34.300195+00:00"
"CMD-0A48C599581E",User1,"PLC-001",read,"HR_40005",,critical,"2026-04-22T15:06:27.759572+00:00"
"CMD-5A3AE7B18CE9",Admin1,"PLC-001",read,"HR_40004",,critical,"2026-04-22T15:06:20.055802+00:00"
"CMD-4BD207CAB491",Admin1,"PLC-001",write,"HR_40001",5632,critical,"2026-04-22T15:06:17.591320+00:00"
"CMD-006000070A4A",User1,"PLC-001",read,"HR_40003",,normal,"2026-04-22T15:06:10.872033+00:00"
"CMD-AE3C7AFA15A9",Admin1,"PLC-001",read,"HR_40002",,critical,"2026-04-22T15:06:04.220722+00:00"
"CMD-7932D1163D95",Admin1,"PLC-001",read,"HR_40002",,critical,"2026-04-22T15:05:59.569331+00:00"
"CMD-1B531D8941B0",Admin1,"PLC-001",read,"HR_40001",,critical,"2026-04-22T15:05:54.894540+00:00"
"CMD-42230DA98C2D",Admin1,"PLC-001",read,"HR_40004",,normal,"2026-04-22T15:05:50.083895+00:00"
"CMD-863D1861DC88",User1,"PLC-001",read,"HR_40005",,critical,"2026-04-22T15:05:43.295740+00:00"
"CMD-F65C33461D42",User1,"PLC-001",read,"HR_40003",,critical,"2026-04-22T15:05:38.686663+00:00"
"CMD-1A2265D984FB",Admin1,"PLC-001",write,"HR_40005",6359,normal,"2026-04-22T15:05:34.035660+00:00"
"CMD-42238A694D27",Admin1,"PLC-001",read,"HR_40005",,critical,"2026-04-22T15:05:29.484985+00:00"
"CMD-9EB9C4CC6264",User1,"PLC-001",read,"HR_40004",,normal,"2026-04-22T15:05:21.949705+00:00"
"CMD-FCD4088984E9",Admin1,"PLC-001",write,"HR_40005",1336,critical,"2026-04-22T15:05:19.563813+00:00"
"CMD-E551A4A689FD",User1,"PLC-001",read,"HR_40003",,critical,"2026-04-22T15:05:12.556547+00:00"
"CMD-DC610FC2069F",Admin1,"PLC-001",read,"HR_40003",,critical,"2026-04-22T15:05:05.942033+00:00"
"CMD-16926F61217B",Admin1,"PLC-001",read,"HR_40001",,normal,"2026-04-22T15:05:00.466222+00:00"
"CMD-CA05959958AD",Admin1,"PLC-001",write,"HR_40002",3095,normal,"2026-04-22T15:04:57.980389+00:00"
"CMD-CA38721392F3",Admin1,"PLC-001",write,"HR_40001",2602,normal,"2026-04-22T15:04:55.495577+00:00"
"CMD-727BF6F13F61",Admin1,"PLC-001",write,"HR_40003",7590,normal,"2026-04-22T15:04:52.914341+00:00"
"CMD-32966856167F",User1,"PLC-001",read,"HR_40002",,critical,"2026-04-22T15:04:46.092083+00:00"
"CMD-18A28FDBD9DC",User1,"PLC-001",read,"HR_40004",,critical,"2026-04-22T15:04:41.439304+00:00"
"CMD-0FD93D5F6C75",User1,"PLC-001",read,"HR_40005",,normal,"2026-04-22T15:04:36.701369+00:00"
"CMD-B3AEC035EC6F",Admin1,"PLC-001",write,"HR_40005",703,critical,"2026-04-22T15:04:32.012509+00:00"
"CMD-9E6E76C27952",User1,"PLC-001",read,"HR_40002",,critical,"2026-04-22T15:04:25.241897+00:00"
"CMD-1971715A1A29",User1,"PLC-001",read,"HR_40004",,normal,"2026-04-22T15:04:20.481195+00:00"
"CMD-E585EC6C511E",Admin1,"PLC-001",read,"HR_40004",,critical,"2026-04-22T15:04:13.726179+00:00"
"CMD-F053E4E3F284",User1,"PLC-001",read,"HR_40005",,critical,"2026-04-22T15:04:07.055258+00:00"
"CMD-391640F8EE35",User1,"PLC-001",read,"HR_40001",,critical,"2026-04-22T15:04:01.907016+00:00"
"CMD-2B6C60C846EE",Admin1,"PLC-001",read,"HR_40003",,critical,"2026-04-22T15:03:55.058689+00:00"
"CMD-23B5B7FC0FFC",User1,"PLC-001",read,"HR_40003",,normal,"2026-04-22T15:03:48.463638+00:00"
"CMD-D5546B8E2683",User1,"PLC-001",read,"HR_40001",,critical,"2026-04-22T15:03:43.697689+00:00"
"CMD-4E05D415F016",Admin1,"PLC-001",read,"HR_40002",,normal,"2026-04-22T15:03:36.258659+00:00"
"CMD-C6744CD029C8",Admin1,"PLC-001",write,"HR_40002",6353,critical,"2026-04-22T15:03:33.647326+00:00"
"CMD-0DBF1D2D494A",User1,"PLC-001",read,"HR_40005",,normal,"2026-04-22T15:03:26.657767+00:00"
"CMD-E4A8F0A99A18",Admin1,"PLC-001",read,"HR_40004",,normal,"2026-04-22T15:03:19.875696+00:00"
"CMD-1E157E083180",User1,"PLC-001",read,"HR_40002",,critical,"2026-04-22T15:03:13.049047+00:00"
"CMD-E58F3BE7337F",Admin1,"PLC-001",write,"HR_40003",3931,critical,"2026-04-22T15:03:08.312970+00:00"
"CMD-5D76F7C8CFE7",Admin1,"PLC-001",read,"HR_40003",,normal,"2026-04-22T15:03:03.142992+00:00"
"CMD-58A3BB28E788",User1,"PLC-001",read,"HR_40004",,normal,"2026-04-22T15:02:55.320605+00:00"
"CMD-726C43F633D1",Admin1,"PLC-001",write,"HR_40001",18671,normal,"2026-04-22T15:02:52.847949+00:00"
"CMD-054731DDDF07",User1,"PLC-001",read,"HR_40005",,normal,"2026-04-22T15:02:46.075969+00:00"
"CMD-B3FF13DCB631",Admin1,"PLC-001",read,"HR_40005",,normal,"2026-04-22T15:02:39.185436+00:00"
"CMD-978AA0577560",Admin1,"PLC-001",read,"HR_40002",,normal,"2026-04-22T15:02:34.441983+00:00"
"CMD-215564BCE419",Admin1,"PLC-001",read,"HR_40001",,normal,"2026-04-22T15:02:28.930072+00:00"
"CMD-21AE6447EBB8",User1,"PLC-001",read,"HR_40001",,critical,"2026-04-22T15:02:22.129427+00:00"
"CMD-AD33A9188FD0",Admin1,"PLC-001",read,"HR_40003",,critical,"2026-04-22T15:02:15.202395+00:00"
"CMD-0EFEBD7C8332",Admin1,"PLC-001",read,"HR_40004",,critical,"2026-04-22T15:02:10.289274+00:00"
"CMD-116782583766",User1,"PLC-001",read,"HR_40001",,critical,"2026-04-22T15:02:03.511082+00:00"
"CMD-4541B45DA974",Admin1,"PLC-001",read,"HR_40002",,normal,"2026-04-22T15:01:56.078986+00:00"
"CMD-C46A6B0F96A6",Admin1,"PLC-001",read,"HR_40004",,critical,"2026-04-22T15:01:51.591136+00:00"
"CMD-2A5CF6C01025",Admin1,"PLC-001",read,"HR_40005",,critical,"2026-04-22T15:01:47.144877+00:00"
"CMD-F7E23F8B5990",User1,"PLC-001",read,"HR_40005",,normal,"2026-04-22T15:01:39.342794+00:00"
"CMD-B3433481A66B",Admin1,"PLC-001",write,"HR_40004",4802,critical,"2026-04-22T15:01:36.974325+00:00"
"CMD-3434229D0456",User1,"PLC-001",read,"HR_40003",,critical,"2026-04-22T15:01:30.446512+00:00"
"CMD-DE80C60519BA",User1,"PLC-001",read,"HR_40005",,normal,"2026-04-22T15:01:25.968038+00:00"
"CMD-A8A08CADF0CB",User1,"PLC-001",read,"HR_40003",,critical,"2026-04-22T15:01:21.543712+00:00"
"CMD-4DE2226CA625",User1,"PLC-001",read,"HR_40002",,normal,"2026-04-22T15:01:17.128410+00:00"
"CMD-9EB9A601D50B",Admin1,"PLC-001",read,"HR_40001",,normal,"2026-04-22T15:01:10.393520+00:00"
"CMD-54E460ECAED5",User1,"PLC-001",read,"HR_40003",,normal,"2026-04-22T15:01:03.640358+00:00"
"CMD-BBC37752B4E0",User1,"PLC-001",read,"HR_40002",,normal,"2026-04-22T15:00:58.489027+00:00"
"CMD-45C9C1A34F6D",Admin1,"PLC-001",write,"HR_40003",26239,critical,"2026-04-22T15:00:53.830460+00:00"
"CMD-6A9E57F07F95",User1,"PLC-001",read,"HR_40005",,normal,"2026-04-22T15:00:47.077112+00:00"
"CMD-772F87CACCCD",Admin1,"PLC-001",read,"HR_40001",,normal,"2026-04-22T15:00:39.563265+00:00"
"CMD-3D25CFA57AD0",Admin1,"PLC-001",write,"HR_40005",3171,normal,"2026-04-22T15:00:36.969005+00:00"
"CMD-50DCEEC756F3",User1,"PLC-001",read,"HR_40004",,normal,"2026-04-22T15:00:29.831261+00:00"
"CMD-960F664A7722",Admin1,"PLC-001",write,"HR_40005",1473,critical,"2026-04-22T15:00:25.129738+00:00"
"CMD-5A41DCDE8346",User1,"PLC-001",read,"HR_40005",,normal,"2026-04-22T15:00:17.246944+00:00"
"CMD-A809AB3F6835",User1,"PLC-001",read,"HR_40004",,normal,"2026-04-22T15:00:11.852156+00:00"
"CMD-FCD3452927FD",User1,"PLC-001",read,"HR_40001",,critical,"2026-04-22T15:00:07.314403+00:00"
"CMD-689B4D4D77F6",User1,"PLC-001",read,"HR_40005",,critical,"2026-04-22T15:00:02.689253+00:00"
"CMD-0E7647197DA0",User1,"PLC-001",read,"HR_40005",,normal,"2026-04-22T14:59:58.173901+00:00"
"CMD-E959A4943170",User1,"PLC-001",read,"HR_40004",,normal,"2026-04-22T14:59:53.541142+00:00"
"CMD-9F8DFEFC1420",Admin1,"PLC-001",read,"HR_40003",,normal,"2026-04-22T14:59:45.866247+00:00"
"CMD-61B1A20E4DB9",Admin1,"PLC-001",write,"HR_40001",6814,normal,"2026-04-22T14:59:43.673654+00:00"
"CMD-9A7DED389748",Admin1,"PLC-001",write,"HR_40005",32467,critical,"2026-04-22T14:59:41.515431+00:00"
"CMD-184F526D73A6",Admin1,"PLC-001",write,"HR_40002",6299,critical,"2026-04-22T14:59:39.245663+00:00"
"CMD-B527AD9C31E1",User1,"PLC-001",read,"HR_40002",,normal,"2026-04-22T14:59:32.975426+00:00"
"CMD-B517FC9E8886",Admin1,"PLC-001",write,"HR_40001",1716,critical,"2026-04-22T14:59:28.840127+00:00"
"CMD-2E1900FF01AF",Admin1,"PLC-001",write,"HR_40003",1770,critical,"2026-04-22T14:59:26.744759+00:00"
"CMD-FA99C7EBC67B",Admin1,"PLC-001",read,"HR_40002",,normal,"2026-04-22T14:59:22.495423+00:00"
"CMD-32194438B0C7",Admin1,"PLC-001",read,"HR_40003",,critical,"2026-04-22T14:59:18.242875+00:00"
"CMD-3B5A5E6A77F8",User1,"PLC-001",read,"HR_40004",,normal,"2026-04-22T14:59:11.754900+00:00"
"CMD-2A380EFCBA67",Admin1,"PLC-001",read,"HR_40005",,normal,"2026-04-22T14:59:04.134933+00:00"
"CMD-38273DA44C21",Admin1,"PLC-001",write,"HR_40005",3516,critical,"2026-04-22T14:59:02.028501+00:00"
"CMD-B845728F536F",User1,"PLC-001",read,"HR_40004",,critical,"2026-04-22T14:58:54.533321+00:00"
"CMD-B8106B79986A",Admin1,"PLC-001",write,"HR_40005",1699,critical,"2026-04-22T14:58:52.329895+00:00"
"CMD-0FC9274D192E",User1,"PLC-001",read,"HR_40004",,critical,"2026-04-22T14:58:45.446799+00:00"
"CMD-018B6C232953",Admin1,"PLC-001",read,"HR_40001",,critical,"2026-04-22T14:58:38.966768+00:00"
"CMD-1A7AC8F16512",Admin1,"PLC-001",read,"HR_40002",,critical,"2026-04-22T14:58:34.424487+00:00"
"CMD-C5E33B509C4F",User1,"PLC-001",read,"HR_40002",,normal,"2026-04-22T14:58:27.544840+00:00"
"CMD-5E2197AF1654",Admin1,"PLC-001",read,"HR_40003",,critical,"2026-04-22T14:58:20.777549+00:00"
"CMD-B048B05E3B65",User1,"PLC-001",read,"HR_40002",,normal,"2026-04-22T14:58:13.534101+00:00"
"CMD-5D878253242F",User1,"PLC-001",read,"HR_40004",,critical,"2026-04-22T14:58:08.293948+00:00"
"CMD-300B24C19904",Admin1,"PLC-001",read,"HR_40004",,normal,"2026-04-22T14:58:01.325379+00:00"
"CMD-FFAE051B7C20",Admin1,"PLC-001",read,"HR_40002",,normal,"2026-04-22T14:57:56.499993+00:00"
"CMD-E7FFF9AB72D4",Admin1,"PLC-001",read,"HR_40002",,normal,"2026-04-22T14:57:51.819551+00:00"
"CMD-143C319A3EB6",User1,"PLC-001",read,"HR_40004",,critical,"2026-04-22T14:57:43.560189+00:00"
"CMD-58B4751A1F0D",Admin1,"PLC-001",write,"HR_40005",4966,normal,"2026-04-22T14:57:40.980435+00:00"
"CMD-695D5ECD5296",User1,"PLC-001",read,"HR_40003",,normal,"2026-04-22T14:57:34.151196+00:00"
"CMD-E185A60ACCE0",Admin1,"PLC-001",read,"HR_40003",,critical,"2026-04-22T14:57:27.330874+00:00"
"CMD-ABC4DBB3CEAF",User1,"PLC-001",read,"HR_40001",,normal,"2026-04-22T14:57:20.595882+00:00"
"CMD-1D82C87CED70",User1,"PLC-001",read,"HR_40001",,critical,"2026-04-22T14:57:15.665347+00:00"
"CMD-1070A63541DE",User1,"PLC-001",read,"HR_40005",,critical,"2026-04-22T14:57:10.872101+00:00"
"CMD-2D197ED4ADB3",User1,"PLC-001",read,"HR_40004",,normal,"2026-04-22T14:57:06.347583+00:00"
"CMD-A687773B7941",User1,"PLC-001",read,"HR_40004",,critical,"2026-04-22T14:57:01.514729+00:00"
"CMD-9F8FF8CC44DE",User1,"PLC-001",read,"HR_40001",,critical,"2026-04-22T14:56:56.578196+00:00"
"CMD-099FC84A31F7",User1,"PLC-001",read,"HR_40004",,critical,"2026-04-22T14:56:51.545949+00:00"
"CMD-B894556AFF4F",User1,"PLC-001",read,"HR_40003",,normal,"2026-04-22T14:56:45.335673+00:00"
"CMD-6F522272CEC9",Admin1,"PLC-001",write,"HR_40004",4867,normal,"2026-04-22T14:56:42.914219+00:00"
"CMD-F914B2D243F4",User1,"PLC-001",read,"HR_40004",,normal,"2026-04-22T14:56:36.260640+00:00"
"CMD-ADD7D3349785",Admin1,"PLC-001",read,"HR_40002",,critical,"2026-04-22T14:56:29.568771+00:00"
"CMD-029269053309",Admin1,"PLC-001",read,"HR_40004",,normal,"2026-04-22T14:56:24.915093+00:00"
"CMD-347E1C3632B4",Admin1,"PLC-001",read,"HR_40001",,normal,"2026-04-22T14:56:19.948004+00:00"
"CMD-48DF3B4001BE",User1,"PLC-001",read,"HR_40003",,critical,"2026-04-22T14:56:13.333889+00:00"
"CMD-28AA18BDBDE9",Admin1,"PLC-001",read,"HR_40002",,normal,"2026-04-22T14:56:06.527832+00:00"
"CMD-710AFCD9F580",User1,"PLC-001",read,"HR_40003",,critical,"2026-04-22T14:55:59.762999+00:00"
"CMD-70DA8076AE95",User1,"PLC-001",read,"HR_40002",,normal,"2026-04-22T14:55:55.052811+00:00"
"CMD-2E0E4459C74D",User1,"PLC-001",read,"HR_40002",,critical,"2026-04-22T14:55:50.044512+00:00"
"CMD-537E54F44380",Admin1,"PLC-001",read,"HR_40004",,normal,"2026-04-22T14:55:43.148731+00:00"
"CMD-A27BFB5E56D2",Admin1,"PLC-001",read,"HR_40001",,critical,"2026-04-22T14:55:37.101868+00:00"
"CMD-D7C09964C630",Admin1,"PLC-001",write,"HR_40004",7555,normal,"2026-04-22T14:55:34.876398+00:00"
"CMD-DBF31B7F9D16",Admin1,"PLC-001",write,"HR_40002",4510,normal,"2026-04-22T14:55:32.523463+00:00"
"CMD-9911C5663BEA",User1,"PLC-001",read,"HR_40005",,normal,"2026-04-22T14:55:25.894169+00:00"
"CMD-23D6147C9A69",User1,"PLC-001",read,"HR_40004",,critical,"2026-04-22T14:55:21.278941+00:00"
"CMD-0B9070645339",Admin1,"PLC-001",read,"HR_40003",,normal,"2026-04-22T14:55:14.748021+00:00"
"CMD-17782D4FAF09",Admin1,"PLC-001",read,"HR_40003",,normal,"2026-04-22T14:55:09.406381+00:00"
"CMD-EEDFA7A0FDC9",Admin1,"PLC-001",write,"HR_40004",4640,critical,"2026-04-22T14:55:06.931508+00:00"
"CMD-79B0F7BCC5E5",Admin1,"PLC-001",read,"HR_40001",,normal,"2026-04-22T14:55:02.543356+00:00"
"CMD-5CE74834BD94",User1,"PLC-001",read,"HR_40001",,critical,"2026-04-22T14:54:55.961852+00:00"
"CMD-5F05FC253A54",Admin1,"PLC-001",read,"HR_40001",,critical,"2026-04-22T14:54:49.177129+00:00"
"CMD-A63454FA779A",Admin1,"PLC-001",read,"HR_40003",,normal,"2026-04-22T14:54:44.417596+00:00"
"CMD-5DAB1A0EEA59",Admin1,"PLC-001",read,"HR_40004",,critical,"2026-04-22T14:54:39.600395+00:00"
"CMD-503CA4E0F67C",User1,"PLC-001",read,"HR_40003",,normal,"2026-04-22T14:54:33.080401+00:00"
"CMD-3E1650E07C40",User1,"PLC-001",read,"HR_40002",,critical,"2026-04-22T14:54:28.704413+00:00"
"CMD-82FA112F0B4E",User1,"PLC-001",read,"HR_40002",,normal,"2026-04-22T14:54:23.942447+00:00"
"CMD-E2978AA07D03",User1,"PLC-001",read,"HR_40003",,normal,"2026-04-22T14:54:19.146884+00:00"
"CMD-2E23FCAD44DA",Admin1,"PLC-001",write,"HR_40004",7384,critical,"2026-04-22T14:54:14.770282+00:00"
"CMD-6673B855BBA9",Admin1,"PLC-001",read,"HR_40003",,normal,"2026-04-22T14:54:10.235054+00:00"
"CMD-09384FD1DBA9",User1,"PLC-001",read,"HR_40002",,critical,"2026-04-22T14:54:03.547116+00:00"
"CMD-136C2C71C52D",User1,"PLC-001",read,"HR_40005",,normal,"2026-04-22T14:53:59.026428+00:00"
"CMD-E4027E9486A8",User1,"PLC-001",read,"HR_40001",,critical,"2026-04-22T14:53:54.549901+00:00"
"CMD-EF19CF1CDA5F",User1,"PLC-001",read,"HR_40004",,normal,"2026-04-22T14:53:49.057632+00:00"
"CMD-9FA69092ADF9",Admin1,"PLC-001",write,"HR_40001",7671,normal,"2026-04-22T14:53:46.618667+00:00"
"CMD-F0035AA247A2",User1,"PLC-001",read,"HR_40001",,normal,"2026-04-22T14:53:39.964241+00:00"
"CMD-44CDA56B3FF7",User1,"PLC-001",read,"HR_40001",,critical,"2026-04-22T14:53:35.545719+00:00"
"CMD-CB369A19BE63",User1,"PLC-001",read,"HR_40003",,critical,"2026-04-22T14:53:30.096861+00:00"
"CMD-477FF665D118",Admin1,"PLC-001",write,"HR_40002",31150,critical,"2026-04-22T14:53:27.615147+00:00"
"CMD-32E57754FF59",User1,"PLC-001",read,"HR_40005",,critical,"2026-04-22T14:53:20.190717+00:00"
"CMD-37D6C32FB8F5",Admin1,"PLC-001",write,"HR_40003",7586,normal,"2026-04-22T14:53:17.727271+00:00"
"CMD-889BBC0CE2DF",User1,"PLC-001",read,"HR_40002",,normal,"2026-04-22T14:53:11.021631+00:00"
"CMD-910B22CD76BF",User1,"PLC-001",read,"HR_40005",,critical,"2026-04-22T14:53:06.235031+00:00"
"CMD-BADB24554613",User1,"PLC-001",read,"HR_40002",,normal,"2026-04-22T14:53:01.212756+00:00"
"CMD-795EF2E6A642",User1,"PLC-001",read,"HR_40005",,normal,"2026-04-22T14:52:56.527843+00:00"
"CMD-6E5F605FFC0C",User1,"PLC-001",read,"HR_40003",,critical,"2026-04-22T14:52:51.845668+00:00"
"CMD-10C23C7D2C83",User1,"PLC-001",read,"HR_40002",,critical,"2026-04-22T14:52:47.159093+00:00"
"CMD-982D3289C28C",Admin1,"PLC-001",read,"HR_40003",,normal,"2026-04-22T14:52:40.577546+00:00"
"CMD-3C9EF0D3CE77",User1,"PLC-001",read,"HR_40005",,critical,"2026-04-22T14:52:33.717547+00:00"
"CMD-583EC6B1D80D",Admin1,"PLC-001",write,"HR_40005",22494,normal,"2026-04-22T14:52:29.181488+00:00"
"CMD-172325AA891F",Admin1,"PLC-001",read,"HR_40002",,critical,"2026-04-22T14:52:23.515908+00:00"
"CMD-22D441BC77CA",User1,"PLC-001",read,"HR_40004",,critical,"2026-04-22T14:52:16.772387+00:00"
"CMD-059A84B2E9FB",User1,"PLC-001",read,"HR_40003",,critical,"2026-04-22T14:52:12.037724+00:00"
"CMD-20EFC0B99F8B",User1,"PLC-001",read,"HR_40005",,normal,"2026-04-22T14:52:07.028754+00:00"
"CMD-6301EC12513A",User1,"PLC-001",read,"HR_40001",,critical,"2026-04-22T14:52:02.274794+00:00"
"CMD-45EBB5EA6091",Admin1,"PLC-001",read,"HR_40002",,critical,"2026-04-22T14:51:55.624901+00:00"
"CMD-B67C5A2F6CEC",User1,"PLC-001",read,"HR_40003",,normal,"2026-04-22T14:51:48.553407+00:00"
"CMD-6FE6DD1F44EC",Admin1,"PLC-001",read,"HR_40002",,normal,"2026-04-22T14:51:41.851583+00:00"
"CMD-4F03508ECC05",Admin1,"PLC-001",read,"HR_40004",,critical,"2026-04-22T14:51:37.110359+00:00"
"CMD-06892F5FEFE1",Admin1,"PLC-001",read,"HR_40004",,normal,"2026-04-22T14:51:32.330232+00:00"
"CMD-89BAFDE1FA84",User1,"PLC-001",read,"HR_40001",,normal,"2026-04-22T14:51:25.852613+00:00"
"CMD-30951316BFF1",User1,"PLC-001",read,"HR_40002",,normal,"2026-04-22T14:51:21.105216+00:00"
"CMD-33D8B00FD7C7",User1,"PLC-001",read,"HR_40004",,normal,"2026-04-22T14:51:16.597714+00:00"
"CMD-3E0251AFEDA6",Admin1,"PLC-001",read,"HR_40005",,critical,"2026-04-22T14:51:10.086098+00:00"
"CMD-C332D7B146F5",User1,"PLC-001",read,"HR_40004",,critical,"2026-04-22T14:51:03.538718+00:00"
"CMD-A50F06CF9B20",Admin1,"PLC-001",read,"HR_40005",,normal,"2026-04-22T14:50:56.783156+00:00"
"CMD-692EA86478B0",User1,"PLC-001",read,"HR_40003",,normal,"2026-04-22T14:50:50.200790+00:00"
"CMD-3BF3864AB68A",User1,"PLC-001",read,"HR_40003",,normal,"2026-04-22T14:50:45.508825+00:00"
"CMD-53BF39835190",Admin1,"PLC-001",read,"HR_40005",,normal,"2026-04-22T14:50:38.871650+00:00"
"CMD-7934AF75E8F6",Admin1,"PLC-001",read,"HR_40001",,critical,"2026-04-22T14:50:34.364659+00:00"
"CMD-7762D8CC475F",User1,"PLC-001",read,"HR_40005",,critical,"2026-04-22T14:50:27.708943+00:00"
"CMD-0896DDFF250B",Admin1,"PLC-001",read,"HR_40002",,normal,"2026-04-22T14:50:19.802751+00:00"
"CMD-B2AAA72805F1",Admin1,"PLC-001",write,"HR_40005",6515,normal,"2026-04-22T14:50:17.604834+00:00"
"CMD-26E9181562F7",User1,"PLC-001",read,"HR_40002",,normal,"2026-04-22T14:50:10.908719+00:00"
"CMD-B7F43B507D30",User1,"PLC-001",read,"HR_40001",,critical,"2026-04-22T14:50:06.428662+00:00"
"CMD-A71CD03E14F2",User1,"PLC-001",read,"HR_40004",,critical,"2026-04-22T14:50:01.601673+00:00"
"CMD-835D9B86C673",Admin1,"PLC-001",read,"HR_40003",,critical,"2026-04-22T14:49:55.190557+00:00"
"CMD-DFCCAB61B5A0",Admin1,"PLC-001",read,"HR_40001",,critical,"2026-04-22T14:49:50.398906+00:00"
"CMD-054E25ED1FFE",User1,"PLC-001",read,"HR_40002",,normal,"2026-04-22T14:49:43.914029+00:00"
"CMD-58ED9FCC4430",Admin1,"PLC-001",read,"HR_40001",,critical,"2026-04-22T14:49:36.444366+00:00"
"CMD-C0B2B191E3D5",Admin1,"PLC-001",write,"HR_40003",7579,normal,"2026-04-22T14:49:33.969488+00:00"
"CMD-9C0ACAF60125",Admin1,"PLC-001",read,"HR_40002",,normal,"2026-04-22T14:49:28.129297+00:00"
"CMD-661490DE40A3",Admin1,"PLC-001",write,"HR_40001",11618,normal,"2026-04-22T14:49:25.941717+00:00"
"CMD-DB55A9D5DDFA",Admin1,"PLC-001",read,"HR_40003",,critical,"2026-04-22T14:49:21.423251+00:00"
"CMD-AE499BA78E4C",Admin1,"PLC-001",read,"HR_40001",,normal,"2026-04-22T14:49:16.762124+00:00"
"CMD-5E0D26770053",User1,"PLC-001",read,"HR_40001",,critical,"2026-04-22T14:49:09.783455+00:00"
"CMD-53378C8ED06D",User1,"PLC-001",read,"HR_40004",,normal,"2026-04-22T14:49:05.149203+00:00"
"CMD-BA7E7B07DCDF",Admin1,"PLC-001",read,"HR_40003",,normal,"2026-04-22T14:48:57.892302+00:00"
"CMD-8CDB0699ABC7",User1,"PLC-001",read,"HR_40004",,normal,"2026-04-22T14:48:51.097865+00:00"
"CMD-6B442A8514A2",Admin1,"PLC-001",write,"HR_40002",7205,critical,"2026-04-22T14:48:46.735273+00:00"
"CMD-045A994D3EAF",Admin1,"PLC-001",read,"HR_40003",,normal,"2026-04-22T14:48:40.853908+00:00"
"CMD-188410964D02",Admin1,"PLC-001",write,"HR_40002",20015,normal,"2026-04-22T14:48:38.391755+00:00"
"CMD-19632E73F5A1",User1,"PLC-001",read,"HR_40004",,critical,"2026-04-22T14:48:31.509871+00:00"
"CMD-0A18C5E6924E",User1,"PLC-001",read,"HR_40005",,normal,"2026-04-22T14:48:26.835055+00:00"
"CMD-6C6156016707",User1,"PLC-001",read,"HR_40001",,critical,"2026-04-22T14:48:22.178311+00:00"
"CMD-3EB12C2F5C87",Admin1,"PLC-001",read,"HR_40002",,normal,"2026-04-22T14:48:14.138177+00:00"
"CMD-B438FA19CA47",Admin1,"PLC-001",write,"HR_40002",8839,normal,"2026-04-22T14:48:11.569764+00:00"
"CMD-40DC14424EF1",User1,"PLC-001",read,"HR_40003",,normal,"2026-04-22T14:48:04.731733+00:00"
"CMD-55830837E4BC",User1,"PLC-001",read,"HR_40002",,normal,"2026-04-22T14:48:00.090691+00:00"
"CMD-95CF26F96B5C",Admin1,"PLC-001",read,"HR_40001",,critical,"2026-04-22T14:47:53.059002+00:00"
"CMD-BB36DEA4390B",User1,"PLC-001",read,"HR_40003",,critical,"2026-04-22T14:47:46.322795+00:00"
"CMD-33F69EFE9303",User1,"PLC-001",read,"HR_40004",,critical,"2026-04-22T14:47:41.767356+00:00"
"CMD-85F91C3571C9",User1,"PLC-001",read,"HR_40005",,normal,"2026-04-22T14:47:37.075067+00:00"
"CMD-E8779D35097B",Admin1,"PLC-001",write,"HR_40001",13636,critical,"2026-04-22T14:47:32.700158+00:00"
"CMD-4D1B38D9DEEA",Admin1,"PLC-001",read,"HR_40005",,normal,"2026-04-22T14:47:28.167795+00:00"
"CMD-18AFC7373BB2",Admin1,"PLC-001",read,"HR_40004",,normal,"2026-04-22T14:47:23.210744+00:00"
"CMD-4A642BD03D50",User1,"PLC-001",read,"HR_40004",,critical,"2026-04-22T14:47:15.664816+00:00"
"CMD-678D2D07A315",User1,"PLC-001",read,"HR_40001",,critical,"2026-04-22T14:47:10.692536+00:00"
"CMD-F5BE27555618",User1,"PLC-001",read,"HR_40004",,critical,"2026-04-22T14:47:06.002533+00:00"
"CMD-41F20C874FC0",User1,"PLC-001",read,"HR_40002",,critical,"2026-04-22T14:47:01.324678+00:00"
"CMD-B175636B7B54",User1,"PLC-001",read,"HR_40002",,normal,"2026-04-22T14:46:56.447732+00:00"
"CMD-5CB9AB664A02",Admin1,"PLC-001",read,"HR_40003",,normal,"2026-04-22T14:46:49.585526+00:00"
"CMD-7480F54EE57B",User1,"PLC-001",read,"HR_40001",,critical,"2026-04-22T14:46:42.737487+00:00"
"CMD-D8A967DC4C5C",User1,"PLC-001",read,"HR_40005",,normal,"2026-04-22T14:46:37.455417+00:00"
"CMD-EDE958EA393F",Admin1,"PLC-001",write,"HR_40003",25143,critical,"2026-04-22T14:46:32.820884+00:00"
"CMD-DC0080B17C74",Admin1,"PLC-001",read,"HR_40005",,critical,"2026-04-22T14:46:27.875878+00:00"
"CMD-999380D4C138",Admin1,"PLC-001",read,"HR_40004",,normal,"2026-04-22T14:46:23.181767+00:00"
"CMD-90B1A46910F5",User1,"PLC-001",read,"HR_40005",,critical,"2026-04-22T14:46:15.984279+00:00"
"CMD-C4D536D17242",Admin1,"PLC-001",read,"HR_40005",,normal,"2026-04-22T14:46:09.203941+00:00"
"CMD-4C0DAA615A39",User1,"PLC-001",read,"HR_40001",,critical,"2026-04-22T14:46:02.582429+00:00"
"CMD-E209C372F055",User1,"PLC-001",read,"HR_40004",,normal,"2026-04-22T14:45:57.930703+00:00"
"CMD-366967BEA8E9",Admin1,"PLC-001",read,"HR_40001",,critical,"2026-04-22T14:45:51.444963+00:00"
"CMD-11CD2B43C7BF",Admin1,"PLC-001",read,"HR_40005",,critical,"2026-04-22T14:45:46.742653+00:00"
"CMD-351E67DF87ED",Admin1,"PLC-001",read,"HR_40005",,normal,"2026-04-22T14:45:42.360978+00:00"
"CMD-2C154091BA6C",User1,"PLC-001",read,"HR_40004",,critical,"2026-04-22T14:45:35.628673+00:00"
"CMD-6CE07DF2BD85",Admin1,"PLC-001",read,"HR_40003",,critical,"2026-04-22T14:45:28.093864+00:00"
"CMD-6C4CEA82435D",Admin1,"PLC-001",write,"HR_40002",21305,critical,"2026-04-22T14:45:25.311957+00:00"
"CMD-DABE33ED6BC1",User1,"PLC-001",read,"HR_40001",,normal,"2026-04-22T14:45:18.425870+00:00"
"CMD-68BEC844ADAB",User1,"PLC-001",read,"HR_40004",,normal,"2026-04-22T14:45:12.536312+00:00"
"CMD-04E0D7F6C639",Admin1,"PLC-001",write,"HR_40004",19278,normal,"2026-04-22T14:45:10.179490+00:00"
"CMD-1432511634AE",User1,"PLC-001",read,"HR_40003",,normal,"2026-04-22T14:45:03.252589+00:00"
"CMD-C8199144FA25",Admin1,"PLC-001",read,"HR_40005",,normal,"2026-04-22T14:44:56.412731+00:00"
"CMD-BD5026987A74",User1,"PLC-001",read,"HR_40004",,critical,"2026-04-22T14:44:49.627792+00:00"
"CMD-9EA94F6D4FEE",Admin1,"PLC-001",read,"HR_40004",,critical,"2026-04-22T14:44:42.081421+00:00"
"CMD-1383BCACDAF5",Admin1,"PLC-001",read,"HR_40002",,critical,"2026-04-22T14:44:37.253841+00:00"
"CMD-2528438B7B57",User1,"PLC-001",read,"HR_40002",,normal,"2026-04-22T14:44:30.061544+00:00"
"CMD-07D7EFB4DDE6",User1,"PLC-001",read,"HR_40002",,critical,"2026-04-22T14:44:25.223279+00:00"
"CMD-BDF829F9AEAD",Admin1,"PLC-001",read,"HR_40004",,normal,"2026-04-22T14:44:18.114305+00:00"
"CMD-3223458C9DC7",Admin1,"PLC-001",read,"HR_40004",,critical,"2026-04-22T14:44:13.332667+00:00"
"CMD-1FF253663607",Admin1,"PLC-001",read,"HR_40005",,normal,"2026-04-22T14:44:08.494416+00:00"
"CMD-E5EDB95EA0F1",Admin1,"PLC-001",read,"HR_40004",,critical,"2026-04-22T14:44:03.680549+00:00"
"CMD-5BD224E12730",User1,"PLC-001",read,"HR_40002",,critical,"2026-04-22T14:43:56.980121+00:00"
"CMD-65B9D2B236EC",User1,"PLC-001",read,"HR_40005",,critical,"2026-04-22T14:43:52.075665+00:00"
"CMD-144C1652F35C",User1,"PLC-001",read,"HR_40002",,normal,"2026-04-22T14:43:47.314727+00:00"
"CMD-BA9194D2C518",User1,"PLC-001",read,"HR_40002",,normal,"2026-04-22T14:43:42.589332+00:00"
"CMD-EC89B18F7C27",User1,"PLC-001",read,"HR_40002",,critical,"2026-04-22T14:43:37.763460+00:00"
"CMD-5C0AC1A7D141",User1,"PLC-001",read,"HR_40002",,normal,"2026-04-22T14:43:32.996190+00:00"
"CMD-5C4777553E22",User1,"PLC-001",read,"HR_40003",,normal,"2026-04-22T14:43:27.551406+00:00"
"CMD-43BBD4020D50",Admin1,"PLC-001",write,"HR_40002",27284,critical,"2026-04-22T14:43:24.979673+00:00"
"CMD-B819D59B8971",User1,"PLC-001",read,"HR_40005",,normal,"2026-04-22T14:43:18.263304+00:00"
"CMD-ECB49FDFDF10",User1,"PLC-001",read,"HR_40004",,normal,"2026-04-22T14:43:13.521901+00:00"
"CMD-A117B2928941",User1,"PLC-001",read,"HR_40005",,normal,"2026-04-22T14:43:08.758122+00:00"
"CMD-648B884534C8",User1,"PLC-001",read,"HR_40005",,critical,"2026-04-22T14:43:03.775944+00:00"
"CMD-CCE96A7DB7FA",Admin1,"PLC-001",read,"HR_40003",,critical,"2026-04-22T14:42:56.064054+00:00"
"CMD-4A7B0004A278",User1,"PLC-001",read,"HR_40001",,normal,"2026-04-22T14:42:49.194939+00:00"
"CMD-33E412BA1EB0",Admin1,"PLC-001",read,"HR_40001",,normal,"2026-04-22T14:42:42.311193+00:00"
"CMD-0C8C0984AF2E",User1,"PLC-001",read,"HR_40004",,critical,"2026-04-22T14:42:34.761767+00:00"
"CMD-F4614AE5D6CD",Admin1,"PLC-001",read,"HR_40002",,critical,"2026-04-22T14:42:27.819405+00:00"
"CMD-8B9DAADA31B8",User1,"PLC-001",read,"HR_40004",,critical,"2026-04-22T14:42:20.775275+00:00"
"CMD-48090F10980F",User1,"PLC-001",read,"HR_40002",,critical,"2026-04-22T14:42:15.815235+00:00"
"CMD-5D19E4658A0E",User1,"PLC-001",read,"HR_40002",,normal,"2026-04-22T14:42:11.421481+00:00"
"CMD-E129BD8A8B76",Admin1,"PLC-001",read,"HR_40002",,normal,"2026-04-22T14:42:05.031123+00:00"
"CMD-D828A5767464",User1,"PLC-001",read,"HR_40001",,critical,"2026-04-22T14:41:58.604249+00:00"
"CMD-D039A8C3579C",User1,"PLC-001",read,"HR_40003",,critical,"2026-04-22T14:41:53.951690+00:00"
"CMD-6A5D715C95CE",User1,"PLC-001",read,"HR_40005",,normal,"2026-04-22T14:41:49.573020+00:00"
"CMD-FD70C02EC388",User1,"PLC-001",read,"HR_40005",,critical,"2026-04-22T14:41:45.362422+00:00"
"CMD-839C05172847",User1,"PLC-001",read,"HR_40005",,critical,"2026-04-22T14:41:39.739611+00:00"
"CMD-B9B964CD15B7",Admin1,"PLC-001",write,"HR_40005",9574,normal,"2026-04-22T14:41:37.570108+00:00"
"CMD-A3183EA2D6EE",User1,"PLC-001",read,"HR_40003",,critical,"2026-04-22T14:41:31.073796+00:00"
"CMD-3C619E08E5C2",Admin1,"PLC-001",read,"HR_40002",,critical,"2026-04-22T14:41:24.393173+00:00"
"CMD-637C9DA29770",User1,"PLC-001",read,"HR_40003",,normal,"2026-04-22T14:41:17.813053+00:00"
"CMD-4D03601DCC8C",Admin1,"PLC-001",read,"HR_40005",,normal,"2026-04-22T14:41:09.993349+00:00"
"CMD-BA41E91763C2",Admin1,"PLC-001",write,"HR_40005",37711,critical,"2026-04-22T14:41:07.611515+00:00"
"CMD-5DF9B96E77FD",User1,"PLC-001",read,"HR_40003",,critical,"2026-04-22T14:41:00.750825+00:00"
"CMD-993C590B6FE9",User1,"PLC-001",read,"HR_40005",,normal,"2026-04-22T14:40:55.686759+00:00"
"CMD-D7A47BA4AF74",User1,"PLC-001",read,"HR_40001",,normal,"2026-04-22T14:40:50.955250+00:00"
"CMD-90B6F3E0C7EE",User1,"PLC-001",read,"HR_40003",,normal,"2026-04-22T14:40:46.427420+00:00"
"CMD-46CF3C087BB8",Admin1,"PLC-001",read,"HR_40002",,critical,"2026-04-22T14:40:38.066924+00:00"
"CMD-23ECACEA9924",Admin1,"PLC-001",write,"HR_40002",6441,critical,"2026-04-22T14:40:35.740904+00:00"
"CMD-5055A8497B7B",Admin1,"PLC-001",read,"HR_40001",,critical,"2026-04-22T14:40:29.815845+00:00"
"CMD-E5903DADDB08",Admin1,"PLC-001",write,"HR_40005",4507,normal,"2026-04-22T14:40:27.515240+00:00"
"CMD-BCE7D98C1114",Admin1,"PLC-001",write,"HR_40004",3347,normal,"2026-04-22T14:40:25.107676+00:00"
"CMD-BAF928C535CD",Admin1,"PLC-001",write,"HR_40003",15178,normal,"2026-04-22T14:40:22.837516+00:00"
"CMD-5B31953D9A68",Admin1,"PLC-001",write,"HR_40002",4197,normal,"2026-04-22T14:40:20.502726+00:00"
"CMD-5BE64D6A7B70",Admin1,"PLC-001",write,"HR_40001",9935,normal,"2026-04-22T14:40:17.189284+00:00"
"CMD-35DAF9921365",Admin1,"PLC-001",read,"HR_40004",,normal,"2026-04-22T18:10:21.020342+00:00"
"CMD-EF8E34059120",Admin1,"PLC-001",read,"HR_40002",,critical,"2026-04-22T18:10:16.419037+00:00"
"CMD-47A71C2BCDBB",User1,"PLC-001",read,"HR_40003",,critical,"2026-04-22T18:10:09.609862+00:00"
"CMD-8391A3C58903",User1,"PLC-001",read,"HR_40001",,critical,"2026-04-22T18:10:04.712576+00:00"
"CMD-F040DDBE4FF8",User1,"PLC-001",read,"HR_40002",,normal,"2026-04-22T18:10:00.128812+00:00"
"CMD-ABED6B35FEC9",User1,"PLC-001",read,"HR_40002",,normal,"2026-04-22T18:09:55.234502+00:00"
"CMD-89FBDF947173",User1,"PLC-001",read,"HR_40004",,critical,"2026-04-22T18:09:50.445225+00:00"
"CMD-C84FC44C2DB1",User1,"PLC-001",read,"HR_40003",,critical,"2026-04-22T18:09:45.303149+00:00"
"CMD-85A3048CD208",User1,"PLC-001",read,"HR_40001",,critical,"2026-04-22T18:09:40.522915+00:00"
"CMD-6609DB8596DF",User1,"PLC-001",read,"HR_40002",,normal,"2026-04-22T18:09:35.440560+00:00"
"CMD-EF01F71DCAFE",Admin1,"PLC-001",write,"HR_40001",3225,normal,"2026-04-22T18:09:30.699167+00:00"
"CMD-581C14205D4E",User1,"PLC-001",read,"HR_40004",,critical,"2026-04-22T18:09:23.553090+00:00"
"CMD-3DFFE32549AD",User1,"PLC-001",read,"HR_40003",,critical,"2026-04-22T18:09:18.345939+00:00"
"CMD-C62125F37178",User1,"PLC-001",read,"HR_40002",,normal,"2026-04-22T18:09:12.993314+00:00"
"CMD-7C4C1CBA4FEA",Admin1,"PLC-001",write,"HR_40001",1511,critical,"2026-04-22T18:09:08.101195+00:00"
"CMD-3BDF2B22DA90",Admin1,"PLC-001",read,"HR_40004",,normal,"2026-04-22T18:09:03.059857+00:00"
"CMD-64192A52D70E",Admin1,"PLC-001",read,"HR_40001",,normal,"2026-04-22T18:08:58.261710+00:00"
"CMD-8174FFE9880F",Admin1,"PLC-001",read,"HR_40003",,normal,"2026-04-22T18:08:53.518541+00:00"
"CMD-A7A09FE4582C",User1,"PLC-001",read,"HR_40005",,critical,"2026-04-22T18:08:46.437686+00:00"
"CMD-04A6A206BEF8",Admin1,"PLC-001",read,"HR_40001",,critical,"2026-04-22T18:08:39.590124+00:00"
"CMD-36CC4162898E",Admin1,"PLC-001",read,"HR_40003",,critical,"2026-04-22T18:08:34.635313+00:00"
"CMD-2A8A35443BCE",User1,"PLC-001",read,"HR_40001",,normal,"2026-04-22T18:08:27.311469+00:00"
"CMD-5E8D97F398EA",User1,"PLC-001",read,"HR_40004",,normal,"2026-04-22T18:08:21.866031+00:00"
"CMD-3A1C464CF0FB",User1,"PLC-001",read,"HR_40004",,critical,"2026-04-22T18:08:17.328150+00:00"
"CMD-CA04BC986CF3",User1,"PLC-001",read,"HR_40004",,normal,"2026-04-22T18:08:12.715786+00:00"
"CMD-CE9C3CA926B8",Admin1,"PLC-001",write,"HR_40005",4330,critical,"2026-04-22T18:08:08.278807+00:00"
"CMD-BE54132A6659",Admin1,"PLC-001",read,"HR_40003",,critical,"2026-04-22T18:08:03.700702+00:00"
"CMD-058E1A420B1B",Admin1,"PLC-001",read,"HR_40005",,normal,"2026-04-22T18:07:58.917931+00:00"
"CMD-F2ADD1C3317A",User1,"PLC-001",read,"HR_40002",,normal,"2026-04-22T18:07:52.130599+00:00"
"CMD-7ED60D32C8B7",Admin1,"PLC-001",read,"HR_40002",,critical,"2026-04-22T18:07:45.570773+00:00"
"CMD-3F7D6ED7BF8D",Admin1,"PLC-001",read,"HR_40001",,normal,"2026-04-22T18:07:40.968382+00:00"
"CMD-C42D2C3FE7A6",User1,"PLC-001",read,"HR_40001",,critical,"2026-04-22T18:07:34.181619+00:00"
"CMD-B249F021F4ED",User1,"PLC-001",read,"HR_40004",,critical,"2026-04-22T18:07:29.624388+00:00"
"CMD-72A2EE16964D",User1,"PLC-001",read,"HR_40004",,normal,"2026-04-22T18:07:25.036099+00:00"
"CMD-70F474E567D7",Admin1,"PLC-001",read,"HR_40002",,normal,"2026-04-22T18:07:18.300459+00:00"
"CMD-4535ABB5ECD1",User1,"PLC-001",read,"HR_40001",,critical,"2026-04-22T18:07:11.311245+00:00"
"CMD-2EC3B8C72381",Admin1,"PLC-001",read,"HR_40004",,critical,"2026-04-22T18:07:03.065776+00:00"
"CMD-B8AD69C5DDF1",Admin1,"PLC-001",write,"HR_40004",6590,critical,"2026-04-22T18:07:00.759264+00:00"
"CMD-3853B971B6D4",Admin1,"PLC-001",write,"HR_40002",29184,critical,"2026-04-22T18:06:58.270252+00:00"
"CMD-3036048C986F",User1,"PLC-001",read,"HR_40003",,normal,"2026-04-22T18:06:51.408762+00:00"
"CMD-FC4DC86B37BA",User1,"PLC-001",read,"HR_40002",,critical,"2026-04-22T18:06:46.576843+00:00"
"CMD-729BB6AB07AD",Admin1,"PLC-001",read,"HR_40002",,normal,"2026-04-22T18:06:39.345680+00:00"
"CMD-0AAB64C8A5E9",Admin1,"PLC-001",read,"HR_40001",,normal,"2026-04-22T18:06:34.376971+00:00"
"CMD-94DBB730314E",User1,"PLC-001",read,"HR_40005",,critical,"2026-04-22T18:06:27.560218+00:00"
"CMD-3CE3EC160DAC",Admin1,"PLC-001",write,"HR_40005",7468,critical,"2026-04-22T18:06:22.975116+00:00"
"CMD-CEF8BF749ACB",User1,"PLC-001",read,"HR_40004",,normal,"2026-04-22T18:06:16.007342+00:00"
"CMD-DB57F176D1E9",User1,"PLC-001",read,"HR_40002",,critical,"2026-04-22T18:06:11.161266+00:00"
"CMD-688169B0D025",User1,"PLC-001",read,"HR_40001",,normal,"2026-04-22T18:06:06.052459+00:00"
"CMD-DEF91402642D",User1,"PLC-001",read,"HR_40004",,critical,"2026-04-22T18:06:01.358416+00:00"
"CMD-BE0E8C06B84E",Admin1,"PLC-001",write,"HR_40001",7478,normal,"2026-04-22T18:05:56.739096+00:00"
"CMD-67AC31130C86",Admin1,"PLC-001",read,"HR_40005",,normal,"2026-04-22T18:05:52.079954+00:00"
"CMD-289C9286D649",Admin1,"PLC-001",read,"HR_40001",,critical,"2026-04-22T18:05:46.209963+00:00"
"CMD-D603FA0AB9DD",Admin1,"PLC-001",write,"HR_40005",2192,normal,"2026-04-22T18:05:43.809167+00:00"
"CMD-1F46B5A8777B",Admin1,"PLC-001",write,"HR_40004",1688,critical,"2026-04-22T18:05:41.130328+00:00"
"CMD-CD470E270F38",User1,"PLC-001",read,"HR_40003",,critical,"2026-04-22T18:05:34.224610+00:00"
"CMD-2609BE3CD83B",User1,"PLC-001",read,"HR_40003",,normal,"2026-04-22T18:05:29.368153+00:00"
"CMD-078205A99B3F",User1,"PLC-001",read,"HR_40001",,normal,"2026-04-22T18:05:23.509085+00:00"
"CMD-446A947FCB63",Admin1,"PLC-001",write,"HR_40004",7474,normal,"2026-04-22T18:05:21.013335+00:00"
"CMD-007F68DCDB59",User1,"PLC-001",read,"HR_40003",,critical,"2026-04-22T18:05:14.333293+00:00"
"CMD-895C6FD17C9A",Admin1,"PLC-001",read,"HR_40002",,critical,"2026-04-22T18:05:07.460907+00:00"
"CMD-64DCE33AC00D",User1,"PLC-001",read,"HR_40001",,critical,"2026-04-22T18:05:00.773718+00:00"
"CMD-BED8E726C78C",User1,"PLC-001",read,"HR_40004",,normal,"2026-04-22T18:04:56.037599+00:00"
"CMD-6F0ECFE8A3D3",Admin1,"PLC-001",write,"HR_40004",3196,critical,"2026-04-22T18:04:51.501186+00:00"
"CMD-4FFF79D9CE26",Admin1,"PLC-001",write,"HR_40001",4669,normal,"2026-04-22T18:04:48.951081+00:00"
"CMD-5C107C7D67C8",Admin1,"PLC-001",write,"HR_40002",4416,critical,"2026-04-22T18:04:46.385508+00:00"
"CMD-9F8CA47269B8",User1,"PLC-001",read,"HR_40002",,normal,"2026-04-22T18:04:39.821811+00:00"
"CMD-EAD7674B0D0A",Admin1,"PLC-001",write,"HR_40001",11920,normal,"2026-04-22T18:04:35.444582+00:00"
"CMD-DFED6619BCA1",Admin1,"PLC-001",read,"HR_40002",,critical,"2026-04-22T18:04:29.673651+00:00"
"CMD-4425972EA89E",Admin1,"PLC-001",write,"HR_40002",17508,critical,"2026-04-22T18:04:27.309414+00:00"
"CMD-81999142CF47",Admin1,"PLC-001",read,"HR_40003",,critical,"2026-04-22T18:04:22.588043+00:00"
"CMD-74FE468C3041",User1,"PLC-001",read,"HR_40004",,normal,"2026-04-22T18:04:15.718307+00:00"
"CMD-8FCEA659DD82",Admin1,"PLC-001",write,"HR_40001",2731,critical,"2026-04-22T18:04:11.033099+00:00"
"CMD-CA194A16636A",User1,"PLC-001",read,"HR_40003",,critical,"2026-04-22T18:04:04.232785+00:00"
"CMD-FF7DE63552EE",Admin1,"PLC-001",read,"HR_40005",,normal,"2026-04-22T18:03:57.564167+00:00"
"CMD-D8B8A079678C",User1,"PLC-001",read,"HR_40005",,normal,"2026-04-22T18:03:50.694787+00:00"
"CMD-BFDA2580C5D8",User1,"PLC-001",read,"HR_40003",,normal,"2026-04-22T18:03:45.969323+00:00"
"CMD-716ECAAD991B",User1,"PLC-001",read,"HR_40004",,critical,"2026-04-22T18:03:41.225531+00:00"
"CMD-87B809630409",User1,"PLC-001",read,"HR_40001",,critical,"2026-04-22T18:03:36.503976+00:00"
"CMD-AC03AB42F8CB",User1,"PLC-001",read,"HR_40002",,critical,"2026-04-22T18:03:31.865896+00:00"
"CMD-B91D3C833F7E",Admin1,"PLC-001",read,"HR_40004",,critical,"2026-04-22T18:03:25.187940+00:00"
"CMD-951EA49DDCE0",Admin1,"PLC-001",read,"HR_40004",,critical,"2026-04-22T18:03:20.432948+00:00"
"CMD-21C2925E7777",User1,"PLC-001",read,"HR_40003",,critical,"2026-04-22T18:03:13.459109+00:00"
"CMD-E4ECAACCBB1B",Admin1,"PLC-001",write,"HR_40001",22857,normal,"2026-04-22T18:03:08.730656+00:00"
"CMD-620545C8B063",User1,"PLC-001",read,"HR_40002",,critical,"2026-04-22T18:03:02.074161+00:00"
"CMD-0974BDC276F9",User1,"PLC-001",read,"HR_40002",,critical,"2026-04-22T18:02:57.248387+00:00"
"CMD-6C21770A12CC",User1,"PLC-001",read,"HR_40004",,critical,"2026-04-22T18:02:52.401108+00:00"
"CMD-2BC89649556A",User1,"PLC-001",read,"HR_40001",,normal,"2026-04-22T18:02:47.559235+00:00"
"CMD-FAD03D6F63EB",User1,"PLC-001",read,"HR_40004",,normal,"2026-04-22T18:02:42.665252+00:00"
"CMD-2C9D45835A3C",Admin1,"PLC-001",read,"HR_40001",,critical,"2026-04-22T18:02:35.682123+00:00"
"CMD-AE119F084DDB",Admin1,"PLC-001",read,"HR_40004",,normal,"2026-04-22T18:02:30.721469+00:00"
"CMD-A2B57F8603ED",Admin1,"PLC-001",read,"HR_40002",,normal,"2026-04-22T18:02:25.916288+00:00"
"CMD-51DCA8C08AA1",Admin1,"PLC-001",read,"HR_40005",,critical,"2026-04-22T18:02:20.207831+00:00"
"CMD-59DD36085266",Admin1,"PLC-001",read,"HR_40005",,normal,"2026-04-22T18:02:15.387180+00:00"
"CMD-2C1700EEDF15",User1,"PLC-001",read,"HR_40003",,normal,"2026-04-22T18:02:08.577197+00:00"
"CMD-9086397AE778",User1,"PLC-001",read,"HR_40005",,critical,"2026-04-22T18:02:03.757540+00:00"
"CMD-34D3CF9BD24D",User1,"PLC-001",read,"HR_40003",,critical,"2026-04-22T18:01:58.980787+00:00"
"CMD-4A56F61876A3",Admin1,"PLC-001",write,"HR_40001",3890,normal,"2026-04-22T18:01:54.304921+00:00"
"CMD-9CB1AD0171E5",User1,"PLC-001",read,"HR_40001",,normal,"2026-04-22T18:01:47.384397+00:00"
"CMD-244CF716F7D3",Admin1,"PLC-001",read,"HR_40005",,critical,"2026-04-22T18:01:40.269128+00:00"
"CMD-CC981AC9F15D",Admin1,"PLC-001",read,"HR_40001",,critical,"2026-04-22T18:01:34.653495+00:00"
"CMD-D64521895C6F",Admin1,"PLC-001",write,"HR_40004",2109,normal,"2026-04-22T18:01:31.860372+00:00"
"CMD-9B292ACF5A52",Admin1,"PLC-001",write,"HR_40001",7430,critical,"2026-04-22T18:01:29.201243+00:00"
"CMD-A692423D8145",User1,"PLC-001",read,"HR_40001",,normal,"2026-04-22T18:01:22.313955+00:00"
"CMD-10A3775BD6C6",Admin1,"PLC-001",read,"HR_40005",,normal,"2026-04-22T18:01:15.670025+00:00"
"CMD-E635FB24CE26",User1,"PLC-001",read,"HR_40003",,normal,"2026-04-22T18:01:08.828812+00:00"
"CMD-D9B1ADBD70AD",User1,"PLC-001",read,"HR_40005",,normal,"2026-04-22T18:01:04.144706+00:00"
"CMD-354F8AD648BA",User1,"PLC-001",read,"HR_40005",,critical,"2026-04-22T18:00:59.290413+00:00"
"CMD-F3E817F969D1",User1,"PLC-001",read,"HR_40001",,normal,"2026-04-22T18:00:54.405550+00:00"
"CMD-13BD895971D2",Admin1,"PLC-001",read,"HR_40004",,critical,"2026-04-22T18:00:46.296576+00:00"
"CMD-0F265DC41A93",Admin1,"PLC-001",write,"HR_40005",1894,critical,"2026-04-22T18:00:43.708598+00:00"
"CMD-B4C00733F493",User1,"PLC-001",read,"HR_40001",,normal,"2026-04-22T18:00:36.708847+00:00"
"CMD-4437C0D05A0D",Admin1,"PLC-001",write,"HR_40003",4945,normal,"2026-04-22T18:00:32.291588+00:00"
"CMD-781D00F7AD7D",Admin1,"PLC-001",read,"HR_40004",,normal,"2026-04-22T18:00:27.660569+00:00"
"CMD-436C50505E8D",Admin1,"PLC-001",read,"HR_40005",,normal,"2026-04-22T18:00:23.060053+00:00"
"CMD-40C607B659E3",Admin1,"PLC-001",read,"HR_40001",,normal,"2026-04-22T18:00:18.438577+00:00"
"CMD-CEA951A5CAAC",User1,"PLC-001",read,"HR_40002",,normal,"2026-04-22T18:00:11.237454+00:00"
"CMD-8D7639748782",User1,"PLC-001",read,"HR_40002",,normal,"2026-04-22T18:00:06.489620+00:00"
"CMD-CED623E71F65",Admin1,"PLC-001",read,"HR_40003",,normal,"2026-04-22T17:59:59.824485+00:00"
"CMD-261841CE43F6",User1,"PLC-001",read,"HR_40002",,normal,"2026-04-22T17:59:53.293420+00:00"
"CMD-7633FA74AA67",User1,"PLC-001",read,"HR_40002",,critical,"2026-04-22T17:59:48.767674+00:00"
"CMD-39DD4C9EC669",User1,"PLC-001",read,"HR_40004",,critical,"2026-04-22T17:59:43.096208+00:00"
"CMD-AFB5A1E5137D",Admin1,"PLC-001",write,"HR_40003",2088,critical,"2026-04-22T17:59:40.840830+00:00"
"CMD-B92B6D0AC6C8",User1,"PLC-001",read,"HR_40003",,critical,"2026-04-22T17:59:34.208458+00:00"
"CMD-F54E40F6AF5B",Admin1,"PLC-001",read,"HR_40001",,critical,"2026-04-22T17:59:27.347519+00:00"
"CMD-9AE2C0DC022F",User1,"PLC-001",read,"HR_40004",,critical,"2026-04-22T17:59:20.595586+00:00"
"CMD-3C992DF26D0A",Admin1,"PLC-001",write,"HR_40003",4625,normal,"2026-04-22T17:59:16.092653+00:00"
"CMD-C7F57D0C059A",User1,"PLC-001",read,"HR_40001",,normal,"2026-04-22T17:59:08.997762+00:00"
"CMD-7419DA0EBF28",User1,"PLC-001",read,"HR_40003",,normal,"2026-04-22T17:59:04.121059+00:00"
"CMD-7123AFA4EB3A",User1,"PLC-001",read,"HR_40002",,normal,"2026-04-22T17:58:59.410142+00:00"
"CMD-38BDDC37355F",User1,"PLC-001",read,"HR_40001",,normal,"2026-04-22T17:58:54.659149+00:00"
"CMD-287A43212CB6",User1,"PLC-001",read,"HR_40002",,normal,"2026-04-22T17:58:49.880422+00:00"
"CMD-98365AB0B4C9",Admin1,"PLC-001",read,"HR_40003",,normal,"2026-04-22T17:58:43.153036+00:00"
"CMD-E384ADC0657B",Admin1,"PLC-001",read,"HR_40003",,critical,"2026-04-22T17:58:37.996489+00:00"
"CMD-DD5E87E3C967",User1,"PLC-001",read,"HR_40004",,normal,"2026-04-22T17:58:30.791122+00:00"
"CMD-78E79E58AA8B",Admin1,"PLC-001",read,"HR_40005",,critical,"2026-04-22T17:58:24.160192+00:00"
"CMD-762BE8F617FD",Admin1,"PLC-001",read,"HR_40002",,critical,"2026-04-22T17:58:19.388147+00:00"
"CMD-577EA37F96E8",Admin1,"PLC-001",read,"HR_40005",,normal,"2026-04-22T17:58:13.825703+00:00"
"CMD-61EFEA5B4CD4",User1,"PLC-001",read,"HR_40005",,normal,"2026-04-22T17:58:07.155903+00:00"
"CMD-D2204A706672",Admin1,"PLC-001",read,"HR_40005",,normal,"2026-04-22T17:58:00.647902+00:00"
"CMD-B76EAEFF7C70",Admin1,"PLC-001",read,"HR_40004",,normal,"2026-04-22T17:57:55.890595+00:00"
"CMD-71D9887C395D",Admin1,"PLC-001",read,"HR_40003",,critical,"2026-04-22T17:57:51.144713+00:00"
"CMD-2DCE2A4F9176",User1,"PLC-001",read,"HR_40003",,critical,"2026-04-22T17:57:44.648983+00:00"
"CMD-9025662CC0AB",Admin1,"PLC-001",read,"HR_40003",,normal,"2026-04-22T17:57:38.125539+00:00"
"CMD-7E9473449EAB",Admin1,"PLC-001",read,"HR_40003",,critical,"2026-04-22T17:57:33.634508+00:00"
"CMD-5AF119CBD8DA",User1,"PLC-001",read,"HR_40003",,normal,"2026-04-22T17:57:27.035021+00:00"
"CMD-D836E535897B",User1,"PLC-001",read,"HR_40003",,critical,"2026-04-22T17:57:22.293640+00:00"
"CMD-313D5B452A4D",User1,"PLC-001",read,"HR_40001",,critical,"2026-04-22T17:57:17.631896+00:00"
"CMD-51F62722B062",User1,"PLC-001",read,"HR_40004",,critical,"2026-04-22T17:57:12.619299+00:00"
"CMD-3B5BB4033CC3",Admin1,"PLC-001",read,"HR_40004",,normal,"2026-04-22T17:57:05.145899+00:00"
"CMD-2F9658C531E9",Admin1,"PLC-001",read,"HR_40002",,critical,"2026-04-22T17:57:00.135034+00:00"
"CMD-13DDC33397B9",Admin1,"PLC-001",read,"HR_40004",,normal,"2026-04-22T17:56:54.562269+00:00"
"CMD-596C8977BCB1",Admin1,"PLC-001",write,"HR_40002",1887,critical,"2026-04-22T17:56:51.432200+00:00"
"CMD-E3672E2CCCA4",User1,"PLC-001",read,"HR_40004",,critical,"2026-04-22T17:56:44.912244+00:00"
"CMD-9035DEF9B09A",Admin1,"PLC-001",read,"HR_40002",,critical,"2026-04-22T17:56:38.425832+00:00"
"CMD-8AC6CBAD5BD2",User1,"PLC-001",read,"HR_40004",,critical,"2026-04-22T17:56:31.793379+00:00"
"CMD-1A107D8C2673",User1,"PLC-001",read,"HR_40001",,critical,"2026-04-22T17:56:26.591172+00:00"
"CMD-52DB41DD05FA",User1,"PLC-001",read,"HR_40002",,normal,"2026-04-22T17:56:21.737810+00:00"
"CMD-738A03DBE34A",Admin1,"PLC-001",write,"HR_40004",6289,critical,"2026-04-22T17:56:17.455106+00:00"
"CMD-564ACE4AC515",Admin1,"PLC-001",read,"HR_40005",,critical,"2026-04-22T17:56:12.934150+00:00"
"CMD-89F9891536DB",User1,"PLC-001",read,"HR_40002",,normal,"2026-04-22T17:56:06.327703+00:00"
"CMD-2C2A406CE9D1",User1,"PLC-001",read,"HR_40001",,critical,"2026-04-22T17:56:01.807892+00:00"
"CMD-825D2C9F043A",User1,"PLC-001",read,"HR_40002",,normal,"2026-04-22T17:55:57.266298+00:00"
"CMD-C64A2AC60E1F",Admin1,"PLC-001",write,"HR_40005",1932,normal,"2026-04-22T17:55:52.898558+00:00"
"CMD-F791B32D759F",Admin1,"PLC-001",write,"HR_40002",818,critical,"2026-04-22T17:55:50.644358+00:00"
"CMD-4CD2CFD2B6E1",Admin1,"PLC-001",read,"HR_40001",,critical,"2026-04-22T17:55:44.975393+00:00"
"CMD-4188725E412A",Admin1,"PLC-001",write,"HR_40001",5647,normal,"2026-04-22T17:55:42.697042+00:00"
"CMD-2FDCE4A736CF",User1,"PLC-001",read,"HR_40003",,normal,"2026-04-22T17:55:36.170355+00:00"
"CMD-7893AB2BD0F9",Admin1,"PLC-001",read,"HR_40004",,critical,"2026-04-22T17:55:28.518011+00:00"
"CMD-3C6EAF1ABD9C",Admin1,"PLC-001",write,"HR_40002",13662,normal,"2026-04-22T17:55:25.919202+00:00"
"CMD-A5A1803604CB",User1,"PLC-001",read,"HR_40001",,critical,"2026-04-22T17:55:19.083985+00:00"
"CMD-B50220C19AE3",Admin1,"PLC-001",read,"HR_40004",,normal,"2026-04-22T17:55:12.473655+00:00"
"CMD-FFABB589E87B",User1,"PLC-001",read,"HR_40005",,normal,"2026-04-22T17:55:05.929777+00:00"
"CMD-7BDD13061CA7",Admin1,"PLC-001",read,"HR_40001",,normal,"2026-04-22T17:54:59.115971+00:00"
"CMD-9E75AE57EE54",Admin1,"PLC-001",read,"HR_40003",,critical,"2026-04-22T17:54:54.297074+00:00"
"CMD-1CD5670C47DD",Admin1,"PLC-001",read,"HR_40004",,normal,"2026-04-22T17:54:49.768416+00:00"
"CMD-BF3DFB6D3DC5",User1,"PLC-001",read,"HR_40003",,normal,"2026-04-22T17:54:43.054718+00:00"
"CMD-5AEE3EAA84AE",Admin1,"PLC-001",read,"HR_40001",,normal,"2026-04-22T17:54:36.461287+00:00"
"CMD-DD05B0CFF54E",Admin1,"PLC-001",read,"HR_40005",,normal,"2026-04-22T17:54:31.698032+00:00"
"CMD-36693E6A464B",Admin1,"PLC-001",read,"HR_40004",,critical,"2026-04-22T17:54:27.236351+00:00"
"CMD-780484B2FE03",Admin1,"PLC-001",read,"HR_40005",,critical,"2026-04-22T17:54:22.681764+00:00"
"CMD-B494F829AB78",Admin1,"PLC-001",read,"HR_40003",,normal,"2026-04-22T17:54:16.536848+00:00"
"CMD-F9D6AEB943AC",Admin1,"PLC-001",write,"HR_40003",16039,normal,"2026-04-22T17:54:14.007770+00:00"
"CMD-115F7AF772B4",Admin1,"PLC-001",read,"HR_40001",,normal,"2026-04-22T17:54:09.213125+00:00"
"CMD-BD79227EBFA6",User1,"PLC-001",read,"HR_40002",,critical,"2026-04-22T17:54:02.551525+00:00"
"CMD-16A848DAF77D",Admin1,"PLC-001",write,"HR_40003",5311,normal,"2026-04-22T17:53:57.764160+00:00"
"CMD-92B2975BB9F7",Admin1,"PLC-001",write,"HR_40005",21251,critical,"2026-04-22T17:53:55.222323+00:00"
"CMD-B06ABC4D1791",Admin1,"PLC-001",write,"HR_40004",6757,critical,"2026-04-22T17:53:52.700063+00:00"
"CMD-8C7562CC17E7",Admin1,"PLC-001",write,"HR_40002",7545,critical,"2026-04-22T17:53:49.987169+00:00"
"CMD-1BDE1BA3EF26",User1,"PLC-001",read,"HR_40001",,normal,"2026-04-22T17:53:43.373771+00:00"
"CMD-C8A1708EA2A5",User1,"PLC-001",read,"HR_40004",,critical,"2026-04-22T17:53:38.761787+00:00"
"CMD-3EFEAC09CA11",User1,"PLC-001",read,"HR_40003",,normal,"2026-04-22T17:53:33.910951+00:00"
"CMD-C04D4858148C",User1,"PLC-001",read,"HR_40002",,critical,"2026-04-22T17:53:28.993671+00:00"
"CMD-529C4552AF3F",Admin1,"PLC-001",read,"HR_40001",,critical,"2026-04-22T17:53:20.983677+00:00"
"CMD-D13218E8BF56",Admin1,"PLC-001",write,"HR_40002",37080,critical,"2026-04-22T17:53:18.447972+00:00"
"CMD-8415FA52DEC7",Admin1,"PLC-001",read,"HR_40003",,normal,"2026-04-22T17:53:13.713585+00:00"
"CMD-01B5E8508436",User1,"PLC-001",read,"HR_40003",,normal,"2026-04-22T17:53:06.753140+00:00"
"CMD-754130EF7FFA",User1,"PLC-001",read,"HR_40005",,critical,"2026-04-22T17:53:02.091588+00:00"
"CMD-9FDA95BC470B",User1,"PLC-001",read,"HR_40004",,normal,"2026-04-22T17:52:56.649599+00:00"
"CMD-7EF922CD66E3",Admin1,"PLC-001",write,"HR_40005",6459,critical,"2026-04-22T17:52:51.414710+00:00"
"CMD-D99526900C37",User1,"PLC-001",read,"HR_40003",,critical,"2026-04-22T17:52:44.634061+00:00"
"CMD-78AB9CB09484",Admin1,"PLC-001",read,"HR_40002",,critical,"2026-04-22T17:52:37.559307+00:00"
"CMD-9B11F9D6C771",Admin1,"PLC-001",read,"HR_40003",,normal,"2026-04-22T17:52:32.400346+00:00"
"CMD-2A37469E1BF7",User1,"PLC-001",read,"HR_40005",,normal,"2026-04-22T17:52:25.474674+00:00"
"CMD-BBD1AD0DA683",User1,"PLC-001",read,"HR_40001",,critical,"2026-04-22T17:52:20.636160+00:00"
"CMD-64010A61C568",Admin1,"PLC-001",read,"HR_40001",,critical,"2026-04-22T17:52:13.876833+00:00"
"CMD-B7DCE893127E",Admin1,"PLC-001",read,"HR_40003",,normal,"2026-04-22T17:52:09.173364+00:00"
"CMD-B664CD95B45E",Admin1,"PLC-001",read,"HR_40001",,normal,"2026-04-22T17:52:04.694766+00:00"
"CMD-9F675A503648",Admin1,"PLC-001",read,"HR_40001",,normal,"2026-04-22T17:51:58.723000+00:00"
"CMD-CF94E486F5A3",Admin1,"PLC-001",write,"HR_40003",6623,critical,"2026-04-22T17:51:56.480891+00:00"
"CMD-E578A970EEB9",Admin1,"PLC-001",read,"HR_40004",,critical,"2026-04-22T17:51:51.796723+00:00"
"CMD-8EA16698FD66",User1,"PLC-001",read,"HR_40002",,normal,"2026-04-22T17:51:45.124557+00:00"
"CMD-F868778E12F5",User1,"PLC-001",read,"HR_40001",,normal,"2026-04-22T17:51:40.517512+00:00"
"CMD-FE976BB260E1",User1,"PLC-001",read,"HR_40004",,normal,"2026-04-22T17:51:35.983405+00:00"
"CMD-78E5D5EEC402",Admin1,"PLC-001",read,"HR_40005",,critical,"2026-04-22T17:51:29.232742+00:00"
"CMD-737744756727",User1,"PLC-001",read,"HR_40002",,normal,"2026-04-22T17:51:22.634627+00:00"
"CMD-7EFFB7BCDB52",Admin1,"PLC-001",read,"HR_40003",,critical,"2026-04-22T17:51:15.790522+00:00"
"CMD-A462570AABEB",Admin1,"PLC-001",read,"HR_40005",,normal,"2026-04-22T17:51:09.894409+00:00"
"CMD-74F1F133C846",Admin1,"PLC-001",write,"HR_40004",12726,normal,"2026-04-22T17:51:07.536043+00:00"
"CMD-9A58278E8F89",User1,"PLC-001",read,"HR_40005",,critical,"2026-04-22T17:51:00.692072+00:00"
"CMD-9CFFC13A7193",Admin1,"PLC-001",write,"HR_40004",34425,normal,"2026-04-22T17:50:55.986481+00:00"
"CMD-E31784DF6C39",User1,"PLC-001",read,"HR_40003",,critical,"2026-04-22T17:50:48.976166+00:00"
"CMD-BD0C9B0DFF7C",User1,"PLC-001",read,"HR_40002",,normal,"2026-04-22T17:50:43.973842+00:00"
"CMD-5BF48B899C82",User1,"PLC-001",read,"HR_40003",,normal,"2026-04-22T17:50:39.235419+00:00"
"CMD-130235AB54E1",User1,"PLC-001",read,"HR_40002",,critical,"2026-04-22T17:50:34.656372+00:00"
"CMD-D61D3A2DCF37",User1,"PLC-001",read,"HR_40002",,critical,"2026-04-22T17:50:29.871296+00:00"
"CMD-CDE1B2AAC817",User1,"PLC-001",read,"HR_40002",,critical,"2026-04-22T17:50:24.973772+00:00"
"CMD-CFCE2C0D5D2C",User1,"PLC-001",read,"HR_40002",,normal,"2026-04-22T17:50:20.095812+00:00"
"CMD-EEAB05A1EAD5",Admin1,"PLC-001",read,"HR_40001",,critical,"2026-04-22T17:50:12.165026+00:00"
"CMD-AF31099FD05A",Admin1,"PLC-001",read,"HR_40004",,normal,"2026-04-22T17:50:07.485115+00:00"
"CMD-256E5E197B4F",Admin1,"PLC-001",read,"HR_40005",,critical,"2026-04-22T17:50:02.721440+00:00"
"CMD-594A877C14D3",User1,"PLC-001",read,"HR_40004",,critical,"2026-04-22T17:49:55.954128+00:00"
"CMD-E3FE4FBD6BC9",User1,"PLC-001",read,"HR_40002",,normal,"2026-04-22T17:49:51.377416+00:00"
"CMD-0FCA6130783C",Admin1,"PLC-001",read,"HR_40001",,critical,"2026-04-22T17:49:44.779232+00:00"
"CMD-B27DFBE7CA9D",User1,"PLC-001",read,"HR_40003",,normal,"2026-04-22T17:49:37.887708+00:00"
"CMD-D3F713B4665D",Admin1,"PLC-001",write,"HR_40001",29070,normal,"2026-04-22T17:49:33.287207+00:00"
"CMD-463B8FAFC75C",Admin1,"PLC-001",write,"HR_40003",2437,critical,"2026-04-22T17:49:30.623051+00:00"
"CMD-BFE309288FD0",Admin1,"PLC-001",read,"HR_40004",,critical,"2026-04-22T17:49:25.544468+00:00"
"CMD-7E407FB95608",User1,"PLC-001",read,"HR_40002",,normal,"2026-04-22T17:49:18.837873+00:00"
"CMD-9F0618FD0338",Admin1,"PLC-001",read,"HR_40001",,normal,"2026-04-22T17:49:11.881626+00:00"
"CMD-D9A8D7550E6B",User1,"PLC-001",read,"HR_40003",,normal,"2026-04-22T17:49:05.371961+00:00"
"CMD-38E8FB6B9B55",User1,"PLC-001",read,"HR_40004",,critical,"2026-04-22T17:49:00.584189+00:00"
"CMD-FC0CC6D224F8",Admin1,"PLC-001",read,"HR_40002",,critical,"2026-04-22T17:48:52.782481+00:00"
"CMD-01A3E2F10C5E",Admin1,"PLC-001",write,"HR_40003",40060,critical,"2026-04-22T17:48:50.402035+00:00"
"CMD-EDB70FD1F53A",Admin1,"PLC-001",write,"HR_40005",5371,normal,"2026-04-22T17:48:47.837009+00:00"
"CMD-93436480E55B",Admin1,"PLC-001",read,"HR_40003",,critical,"2026-04-22T17:48:43.095671+00:00"
"CMD-6F8FE11348B4",User1,"PLC-001",read,"HR_40002",,normal,"2026-04-22T17:48:36.306847+00:00"
"CMD-52BDD2E1991E",User1,"PLC-001",read,"HR_40002",,critical,"2026-04-22T17:48:31.505025+00:00"
"CMD-1B8696F9669D",Admin1,"PLC-001",write,"HR_40002",5271,critical,"2026-04-22T17:48:26.844625+00:00"
"CMD-4D731D6AF977",Admin1,"PLC-001",read,"HR_40001",,critical,"2026-04-22T17:48:22.329322+00:00"
"CMD-9EFDF9E5D9B4",Admin1,"PLC-001",read,"HR_40001",,critical,"2026-04-22T17:48:16.481195+00:00"
"CMD-7C7F31355E31",Admin1,"PLC-001",write,"HR_40001",37406,critical,"2026-04-22T17:48:14.296772+00:00"
"CMD-DD5312AFADFC",User1,"PLC-001",read,"HR_40003",,critical,"2026-04-22T17:48:07.701956+00:00"
"CMD-987F15AA63C4",User1,"PLC-001",read,"HR_40002",,normal,"2026-04-22T17:48:03.159994+00:00"
"CMD-EF0998B38D7C",User1,"PLC-001",read,"HR_40002",,critical,"2026-04-22T17:47:58.675894+00:00"
"CMD-50E0667A596A",User1,"PLC-001",read,"HR_40004",,critical,"2026-04-22T17:47:54.195047+00:00"
"CMD-971E5B1EF777",Admin1,"PLC-001",read,"HR_40005",,normal,"2026-04-22T17:47:47.476162+00:00"
"CMD-CA279AA33058",Admin1,"PLC-001",read,"HR_40002",,critical,"2026-04-22T17:47:41.729058+00:00"
"CMD-9EA7DBB91BBF",Admin1,"PLC-001",write,"HR_40005",37357,normal,"2026-04-22T17:47:39.490645+00:00"
"CMD-A75ED72EF469",User1,"PLC-001",read,"HR_40002",,normal,"2026-04-22T17:47:32.869298+00:00"
"CMD-88FE82A6DF2A",Admin1,"PLC-001",read,"HR_40001",,normal,"2026-04-22T17:47:25.078138+00:00"
"CMD-CAC973245E43",Admin1,"PLC-001",write,"HR_40005",38932,normal,"2026-04-22T17:47:22.818927+00:00"
"CMD-31C99268BE4B",User1,"PLC-001",read,"HR_40003",,normal,"2026-04-22T17:47:15.809325+00:00"
"CMD-4B7C59C9A19C",Admin1,"PLC-001",read,"HR_40005",,normal,"2026-04-22T17:47:09.271877+00:00"
"CMD-D02CB6147A34",Admin1,"PLC-001",read,"HR_40004",,critical,"2026-04-22T17:47:04.199448+00:00"
"CMD-56C86C14F2CA",User1,"PLC-001",read,"HR_40005",,critical,"2026-04-22T17:46:52.784752+00:00"
"CMD-80991DD5213C",User1,"PLC-001",read,"HR_40004",,normal,"2026-04-22T17:46:47.707279+00:00"
"CMD-EA76174B889A",Admin1,"PLC-001",write,"HR_40004",6044,normal,"2026-04-22T17:46:43.342237+00:00"
"CMD-3B5A4BA2BB20",Admin1,"PLC-001",read,"HR_40004",,normal,"2026-04-22T17:46:37.980529+00:00"
"CMD-0519D043A223",Admin1,"PLC-001",write,"HR_40002",3439,critical,"2026-04-22T17:46:35.333274+00:00"
"CMD-4B584C6B2A0B",User1,"PLC-001",read,"HR_40001",,critical,"2026-04-22T17:46:28.566495+00:00"
"CMD-EFC2A2982AEA",Admin1,"PLC-001",write,"HR_40005",22326,critical,"2026-04-22T17:46:24.097631+00:00"
"CMD-9C9984263BF9",Admin1,"PLC-001",write,"HR_40004",6483,critical,"2026-04-22T17:46:21.418061+00:00"
"CMD-D7A0EA76B76E",Admin1,"PLC-001",read,"HR_40001",,critical,"2026-04-22T17:46:15.780770+00:00"
"CMD-D6D845BAD2D4",Admin1,"PLC-001",write,"HR_40005",6818,critical,"2026-04-22T17:46:13.016321+00:00"
"CMD-584833A87A58",Admin1,"PLC-001",read,"HR_40002",,critical,"2026-04-22T17:46:08.199537+00:00"
"CMD-F9D5F774E23D",Admin1,"PLC-001",read,"HR_40001",,normal,"2026-04-22T17:46:02.989909+00:00"
"CMD-D9DE4BE16A73",User1,"PLC-001",read,"HR_40004",,normal,"2026-04-22T17:45:56.136369+00:00"
"CMD-766427E86933",Admin1,"PLC-001",write,"HR_40004",38079,normal,"2026-04-22T17:45:51.622590+00:00"
"CMD-DA4A2E2668A4",Admin1,"PLC-001",read,"HR_40002",,normal,"2026-04-22T17:45:46.652084+00:00"
"CMD-95E2D06A9A84",User1,"PLC-001",read,"HR_40002",,critical,"2026-04-22T17:45:40.177517+00:00"
"CMD-DF65C560B121",Admin1,"PLC-001",read,"HR_40001",,critical,"2026-04-22T17:45:33.360386+00:00"
"CMD-C4BBEB5EE8DC",User1,"PLC-001",read,"HR_40005",,normal,"2026-04-22T17:45:26.736592+00:00"
"CMD-791AA55EA6AE",User1,"PLC-001",read,"HR_40005",,normal,"2026-04-22T17:45:21.118934+00:00"
"CMD-CF5D41FA5237",Admin1,"PLC-001",write,"HR_40005",42952,normal,"2026-04-22T17:45:18.643305+00:00"
"CMD-AC9415994DE3",User1,"PLC-001",read,"HR_40002",,critical,"2026-04-22T17:45:11.868564+00:00"
"CMD-392C66A839A7",User1,"PLC-001",read,"HR_40005",,normal,"2026-04-22T17:45:07.237869+00:00"
"CMD-94B23D516C38",Admin1,"PLC-001",read,"HR_40003",,normal,"2026-04-22T17:45:00.466363+00:00"
"CMD-5C6A93E283D9",User1,"PLC-001",read,"HR_40005",,critical,"2026-04-22T17:44:53.592652+00:00"
"CMD-BC4E7E78053A",Admin1,"PLC-001",read,"HR_40004",,normal,"2026-04-22T17:44:45.403051+00:00"
"CMD-F35D452B93E0",Admin1,"PLC-001",write,"HR_40005",16636,critical,"2026-04-22T17:44:43.089858+00:00"
"CMD-A05463B0EE8C",Admin1,"PLC-001",read,"HR_40004",,normal,"2026-04-22T17:44:38.320319+00:00"
"CMD-5C8F63CD1B3A",User1,"PLC-001",read,"HR_40001",,critical,"2026-04-22T17:44:31.442999+00:00"
"CMD-B42F2A8BE371",User1,"PLC-001",read,"HR_40005",,normal,"2026-04-22T17:44:26.571708+00:00"
"CMD-329CE16EAED3",User1,"PLC-001",read,"HR_40001",,critical,"2026-04-22T17:44:21.705737+00:00"
"CMD-0D7D67435904",User1,"PLC-001",read,"HR_40001",,critical,"2026-04-22T17:44:17.093387+00:00"
"CMD-1846BA43E481",Admin1,"PLC-001",write,"HR_40001",9893,critical,"2026-04-22T17:44:12.551014+00:00"
"CMD-C4646CFB06F5",Admin1,"PLC-001",write,"HR_40003",7763,critical,"2026-04-22T17:44:09.990083+00:00"
"CMD-BDF553D6CADB",Admin1,"PLC-001",read,"HR_40005",,normal,"2026-04-22T17:44:05.042207+00:00"
"CMD-DF85B44121DB",Admin1,"PLC-001",read,"HR_40005",,normal,"2026-04-22T17:44:00.306972+00:00"
"CMD-93F8761D7438",User1,"PLC-001",read,"HR_40004",,normal,"2026-04-22T17:43:53.478123+00:00"
"CMD-831D44F572FD",Admin1,"PLC-001",read,"HR_40002",,normal,"2026-04-22T17:43:46.073717+00:00"
"CMD-3515EAECB340",User1,"PLC-001",read,"HR_40002",,normal,"2026-04-22T17:43:39.142141+00:00"
"CMD-291A43422A03",Admin1,"PLC-001",read,"HR_40003",,normal,"2026-04-22T17:43:31.210710+00:00"
"CMD-1CBF76ABE975",Admin1,"PLC-001",write,"HR_40003",5635,normal,"2026-04-22T17:43:28.671471+00:00"
"CMD-5262195F3C9E",User1,"PLC-001",read,"HR_40004",,critical,"2026-04-22T17:43:21.835343+00:00"
"CMD-34CFE105FAC8",Admin1,"PLC-001",write,"HR_40003",31269,normal,"2026-04-22T17:43:17.459035+00:00"
"CMD-173BDA4D3385",Admin1,"PLC-001",write,"HR_40005",26663,normal,"2026-04-22T17:43:14.801259+00:00"
"CMD-8AF40428C8E2",Admin1,"PLC-001",read,"HR_40002",,normal,"2026-04-22T17:43:10.159330+00:00"
"CMD-697BB0728EF5",User1,"PLC-001",read,"HR_40004",,critical,"2026-04-22T17:43:03.442197+00:00"
"CMD-858C3BDD117C",User1,"PLC-001",read,"HR_40002",,critical,"2026-04-22T17:42:58.551469+00:00"
"CMD-9EA99AC50C94",User1,"PLC-001",read,"HR_40002",,normal,"2026-04-22T17:42:53.846200+00:00"
"CMD-EAAF46B5B605",Admin1,"PLC-001",read,"HR_40004",,critical,"2026-04-22T17:42:46.903170+00:00"
"CMD-CEE6BFBA2B14",Admin1,"PLC-001",read,"HR_40001",,normal,"2026-04-22T17:42:42.324164+00:00"
"CMD-DCD11E27EAFD",Admin1,"PLC-001",read,"HR_40005",,critical,"2026-04-22T17:42:37.923756+00:00"
"CMD-CB26B21A504A",Admin1,"PLC-001",read,"HR_40003",,critical,"2026-04-22T17:42:33.156390+00:00"
"CMD-71F47072974F",Admin1,"PLC-001",read,"HR_40002",,critical,"2026-04-22T17:42:28.492321+00:00"
"CMD-DD6C657A51EB",User1,"PLC-001",read,"HR_40001",,critical,"2026-04-22T17:42:22.076122+00:00"
"CMD-003B6143B1B0",Admin1,"PLC-001",read,"HR_40002",,critical,"2026-04-22T17:42:14.569321+00:00"
"CMD-E4A5AB32EB90",Admin1,"PLC-001",write,"HR_40004",7958,normal,"2026-04-22T17:42:12.107208+00:00"
"CMD-E9DBE9E8CBAB",User1,"PLC-001",read,"HR_40004",,critical,"2026-04-22T17:42:05.463518+00:00"
"CMD-F0E605BED8E8",User1,"PLC-001",read,"HR_40005",,normal,"2026-04-22T17:42:00.870409+00:00"
"CMD-5ED74CC5DD30",Admin1,"PLC-001",write,"HR_40003",4139,normal,"2026-04-22T17:41:56.560450+00:00"
"CMD-3EE277C27F91",Admin1,"PLC-001",write,"HR_40002",5559,critical,"2026-04-22T17:41:54.208629+00:00"
"CMD-FEF0FBA89055",Admin1,"PLC-001",write,"HR_40005",29461,normal,"2026-04-22T17:41:51.889529+00:00"
"CMD-B45FCD88C898",Admin1,"PLC-001",read,"HR_40004",,critical,"2026-04-22T17:41:47.115351+00:00"
"CMD-180CEE53AAB1",User1,"PLC-001",read,"HR_40003",,critical,"2026-04-22T17:41:40.291561+00:00"
"CMD-5BCF33AE0D8F",User1,"PLC-001",read,"HR_40003",,critical,"2026-04-22T17:41:35.427004+00:00"
"CMD-93199D3C87DE",User1,"PLC-001",read,"HR_40002",,critical,"2026-04-22T17:41:30.718859+00:00"
"CMD-C5220C983B4E",User1,"PLC-001",read,"HR_40005",,normal,"2026-04-22T17:41:26.133782+00:00"
"CMD-6A3F1C2C4C28",Admin1,"PLC-001",write,"HR_40001",4607,critical,"2026-04-22T17:41:21.435513+00:00"
"CMD-7B787DBB92BE",Admin1,"PLC-001",read,"HR_40003",,normal,"2026-04-22T17:41:16.563514+00:00"
"CMD-4A108672FF2A",User1,"PLC-001",read,"HR_40003",,critical,"2026-04-22T17:41:08.982208+00:00"
"CMD-0FD3D064AD3C",Admin1,"PLC-001",write,"HR_40002",22560,critical,"2026-04-22T17:41:06.440821+00:00"
"CMD-CA1A1E88BAEB",User1,"PLC-001",read,"HR_40003",,critical,"2026-04-22T17:40:59.608574+00:00"
"CMD-CBFC5C3A77A3",User1,"PLC-001",read,"HR_40002",,normal,"2026-04-22T17:40:54.745625+00:00"
"CMD-A6A521E7A8F9",Admin1,"PLC-001",read,"HR_40004",,critical,"2026-04-22T17:40:47.921171+00:00"
"CMD-45D5400172C2",User1,"PLC-001",read,"HR_40003",,normal,"2026-04-22T17:40:41.022129+00:00"
"CMD-D6C03306DACA",Admin1,"PLC-001",read,"HR_40003",,critical,"2026-04-22T17:40:34.328363+00:00"
"CMD-621A95BD3FF5",Admin1,"PLC-001",read,"HR_40003",,normal,"2026-04-22T17:40:28.939200+00:00"
"CMD-36C7DFB0F7CC",Admin1,"PLC-001",read,"HR_40004",,normal,"2026-04-22T17:40:24.512528+00:00"
"CMD-D314F101642F",User1,"PLC-001",read,"HR_40001",,critical,"2026-04-22T17:40:17.875159+00:00"
"CMD-1D8116D25DC7",Admin1,"PLC-001",read,"HR_40002",,normal,"2026-04-22T17:40:11.345752+00:00"
"CMD-33FE96BC004B",Admin1,"PLC-001",read,"HR_40001",,normal,"2026-04-22T17:40:05.519619+00:00"
"CMD-DAB0768D2B92",Admin1,"PLC-001",write,"HR_40004",6965,critical,"2026-04-22T17:40:03.152595+00:00"
"CMD-A112F84EC3D3",Admin1,"PLC-001",read,"HR_40003",,critical,"2026-04-22T17:39:58.705319+00:00"
"CMD-EAF716758A1E",User1,"PLC-001",read,"HR_40002",,critical,"2026-04-22T17:39:51.992656+00:00"
"CMD-43B7CA3357DF",Admin1,"PLC-001",read,"HR_40004",,normal,"2026-04-22T17:39:45.426255+00:00"
"CMD-3C7DCF04192B",User1,"PLC-001",read,"HR_40004",,critical,"2026-04-22T17:39:38.633939+00:00"
"CMD-0E1740EA19F1",Admin1,"PLC-001",read,"HR_40005",,normal,"2026-04-22T17:39:30.865440+00:00"
"CMD-55BA2C620EAF",Admin1,"PLC-001",write,"HR_40004",19200,critical,"2026-04-22T17:39:28.714263+00:00"
"CMD-FDAACBE9993B",Admin1,"PLC-001",read,"HR_40003",,normal,"2026-04-22T17:39:24.217352+00:00"
"CMD-D52EF0C41C89",User1,"PLC-001",read,"HR_40003",,critical,"2026-04-22T17:39:17.892672+00:00"
"CMD-986377393495",Admin1,"PLC-001",read,"HR_40004",,critical,"2026-04-22T17:39:10.023332+00:00"
"CMD-3DCF14755510",Admin1,"PLC-001",write,"HR_40001",6529,normal,"2026-04-22T17:39:07.906327+00:00"
"CMD-7F15EFC956A4",User1,"PLC-001",read,"HR_40001",,normal,"2026-04-22T17:39:00.992690+00:00"
"CMD-58B769AB7158",Admin1,"PLC-001",read,"HR_40005",,critical,"2026-04-22T17:38:54.408749+00:00"
"CMD-90F17B87BB15",Admin1,"PLC-001",read,"HR_40005",,normal,"2026-04-22T17:38:49.962214+00:00"
"CMD-47A8AED472E5",User1,"PLC-001",read,"HR_40005",,normal,"2026-04-22T17:38:42.072495+00:00"
"CMD-A105A1465F71",User1,"PLC-001",read,"HR_40004",,critical,"2026-04-22T17:38:37.375365+00:00"
"CMD-DE564874D8EE",User1,"PLC-001",read,"HR_40004",,normal,"2026-04-22T17:38:33.069266+00:00"
"CMD-748963D3A2AB",User1,"PLC-001",read,"HR_40004",,critical,"2026-04-22T17:38:28.660624+00:00"
"CMD-63EB70D82E7C",Admin1,"PLC-001",read,"HR_40004",,critical,"2026-04-22T17:38:22.234351+00:00"
"CMD-788116DA6DEA",User1,"PLC-001",read,"HR_40002",,critical,"2026-04-22T17:38:14.380734+00:00"
"CMD-C801C7BB4609",Admin1,"PLC-001",write,"HR_40004",1916,critical,"2026-04-22T17:38:12.122494+00:00"
"CMD-DC278374F4BC",User1,"PLC-001",read,"HR_40005",,normal,"2026-04-22T17:38:05.467851+00:00"
"CMD-3ABE47BEB12A",Admin1,"PLC-001",read,"HR_40001",,normal,"2026-04-22T17:37:58.921944+00:00"
"CMD-7A8667374079",User1,"PLC-001",read,"HR_40001",,normal,"2026-04-22T17:37:52.466684+00:00"
"CMD-8735BDD9A742",Admin1,"PLC-001",write,"HR_40004",3200,critical,"2026-04-22T17:37:47.902284+00:00"
"CMD-808E645C4533",Admin1,"PLC-001",read,"HR_40002",,normal,"2026-04-22T17:37:43.209392+00:00"
"CMD-5ADC67DF410A",User1,"PLC-001",read,"HR_40004",,critical,"2026-04-22T17:37:36.091826+00:00"
"CMD-93B3B111307E",Admin1,"PLC-001",read,"HR_40005",,normal,"2026-04-22T17:37:27.700459+00:00"
"CMD-099CD111AB6B",User1,"PLC-001",read,"HR_40003",,normal,"2026-04-22T17:37:20.718763+00:00"
"CMD-1332BDEAC2FF",Admin1,"PLC-001",write,"HR_40001",27839,normal,"2026-04-22T17:37:16.051083+00:00"
"CMD-9AF545AFD4C0",Admin1,"PLC-001",read,"HR_40002",,normal,"2026-04-22T17:37:10.452361+00:00"
"CMD-C93CE8B7B7B8",Admin1,"PLC-001",read,"HR_40003",,normal,"2026-04-22T17:37:05.045728+00:00"
"CMD-A51D2AAD9B42",User1,"PLC-001",read,"HR_40002",,critical,"2026-04-22T17:36:58.026429+00:00"
"CMD-182668390DFB",User1,"PLC-001",read,"HR_40004",,normal,"2026-04-22T17:36:53.022456+00:00"
"CMD-5AFA1F6BAC87",User1,"PLC-001",read,"HR_40001",,critical,"2026-04-22T17:36:48.065351+00:00"
"CMD-0CEC70B1B8F3",User1,"PLC-001",read,"HR_40005",,critical,"2026-04-22T17:36:43.291287+00:00"
"CMD-91A9AF0DC785",Admin1,"PLC-001",read,"HR_40005",,normal,"2026-04-22T17:36:34.885127+00:00"
"CMD-8FB458EE11C3",Admin1,"PLC-001",write,"HR_40002",1548,critical,"2026-04-22T17:36:31.970330+00:00"
"CMD-5D3887A6858F",User1,"PLC-001",read,"HR_40002",,normal,"2026-04-22T17:36:24.283297+00:00"
"CMD-F9577E75534A",User1,"PLC-001",read,"HR_40002",,normal,"2026-04-22T17:36:19.277666+00:00"
"CMD-FA93C2A4C7A9",Admin1,"PLC-001",read,"HR_40005",,normal,"2026-04-22T17:36:11.882504+00:00"
"CMD-AC3E136415E3",Admin1,"PLC-001",read,"HR_40004",,normal,"2026-04-22T17:36:07.073167+00:00"
"CMD-B53A5627C490",User1,"PLC-001",read,"HR_40003",,critical,"2026-04-22T17:35:59.736302+00:00"
"CMD-8341C486A04C",User1,"PLC-001",read,"HR_40003",,normal,"2026-04-22T17:35:54.958587+00:00"
"CMD-04EB076F899E",Admin1,"PLC-001",read,"HR_40004",,critical,"2026-04-22T17:35:46.589367+00:00"
"CMD-5E787C4A520F",Admin1,"PLC-001",write,"HR_40003",10687,normal,"2026-04-22T17:35:44.024376+00:00"
"CMD-0A93EB8AC158",User1,"PLC-001",read,"HR_40002",,critical,"2026-04-22T17:35:36.745110+00:00"
"CMD-15E9059176F8",Admin1,"PLC-001",write,"HR_40003",7997,normal,"2026-04-22T17:35:32.050656+00:00"
"CMD-2755FD89AA83",User1,"PLC-001",read,"HR_40005",,critical,"2026-04-22T17:35:25.307221+00:00"
"CMD-C2D3865FF23D",User1,"PLC-001",read,"HR_40003",,normal,"2026-04-22T17:35:20.526777+00:00"
"CMD-929F90B0E4AA",Admin1,"PLC-001",read,"HR_40005",,normal,"2026-04-22T17:35:13.477822+00:00"
"CMD-A22C3E0B12E1",Admin1,"PLC-001",read,"HR_40003",,normal,"2026-04-22T17:35:07.220691+00:00"
"CMD-EFACA2284066",Admin1,"PLC-001",write,"HR_40002",5429,critical,"2026-04-22T17:35:04.654806+00:00"
"CMD-B4475F0E70BF",User1,"PLC-001",read,"HR_40004",,normal,"2026-04-22T17:34:57.339212+00:00"
"CMD-88C89EA233E8",Admin1,"PLC-001",write,"HR_40001",6112,critical,"2026-04-22T17:34:52.746178+00:00"
"CMD-FE94AC97BDDA",Admin1,"PLC-001",write,"HR_40002",43857,critical,"2026-04-22T17:34:49.727579+00:00"
"CMD-7679AAD5EFB3",Admin1,"PLC-001",write,"HR_40003",5252,normal,"2026-04-22T17:34:47.017060+00:00"
"CMD-6547840ED185",Admin1,"PLC-001",read,"HR_40004",,critical,"2026-04-22T17:34:42.000418+00:00"
"CMD-E463FE216A84",User1,"PLC-001",read,"HR_40005",,critical,"2026-04-22T17:34:35.027014+00:00"
"CMD-3AF92F3B508F",User1,"PLC-001",read,"HR_40002",,critical,"2026-04-22T17:34:30.135626+00:00"
"CMD-61FCDC9E0381",User1,"PLC-001",read,"HR_40005",,critical,"2026-04-22T17:34:25.039502+00:00"
"CMD-7434F55B92E1",Admin1,"PLC-001",write,"HR_40004",14776,critical,"2026-04-22T17:34:20.352291+00:00"
"CMD-0D1A5F4FE860",User1,"PLC-001",read,"HR_40004",,normal,"2026-04-22T17:34:13.383821+00:00"
"CMD-8A2AE17E57E0",User1,"PLC-001",read,"HR_40005",,normal,"2026-04-22T17:34:08.577488+00:00"
"CMD-2062EE656806",User1,"PLC-001",read,"HR_40003",,normal,"2026-04-22T17:34:03.831226+00:00"
"CMD-BD021DE9D060",Admin1,"PLC-001",read,"HR_40004",,critical,"2026-04-22T17:33:56.799900+00:00"
"CMD-5AED10CF6634",User1,"PLC-001",read,"HR_40004",,critical,"2026-04-22T17:33:49.829522+00:00"
"CMD-A20897282741",Admin1,"PLC-001",write,"HR_40001",23538,normal,"2026-04-22T17:33:45.144748+00:00"
"CMD-AD647992AB59",Admin1,"PLC-001",read,"HR_40001",,normal,"2026-04-22T17:33:40.478223+00:00"
"CMD-28279692A803",Admin1,"PLC-001",read,"HR_40002",,critical,"2026-04-22T17:33:35.666032+00:00"
"CMD-2C33667165BE",User1,"PLC-001",read,"HR_40005",,critical,"2026-04-22T17:33:28.925563+00:00"
"CMD-3049966ECA92",Admin1,"PLC-001",read,"HR_40004",,normal,"2026-04-22T17:33:21.975901+00:00"
"CMD-B74051B38C63",User1,"PLC-001",read,"HR_40003",,critical,"2026-04-22T17:33:15.117865+00:00"
"CMD-EDB0F6235048",Admin1,"PLC-001",read,"HR_40005",,critical,"2026-04-22T17:33:06.954542+00:00"
"CMD-2DDAF99103DE",Admin1,"PLC-001",write,"HR_40004",4405,critical,"2026-04-22T17:33:04.540912+00:00"
"CMD-0DED505A997D",Admin1,"PLC-001",write,"HR_40004",31616,normal,"2026-04-22T17:33:01.922732+00:00"
"CMD-7AAD9048C5EC",User1,"PLC-001",read,"HR_40003",,normal,"2026-04-22T17:32:55.247296+00:00"
"CMD-8989DD631C12",User1,"PLC-001",read,"HR_40002",,normal,"2026-04-22T17:32:50.340253+00:00"
"CMD-206F3422E39C",User1,"PLC-001",read,"HR_40001",,normal,"2026-04-22T17:32:45.577041+00:00"
"CMD-85D6F5BAA3E6",User1,"PLC-001",read,"HR_40005",,critical,"2026-04-22T17:32:39.453676+00:00"
"CMD-61D91E21FE67",Admin1,"PLC-001",write,"HR_40001",23519,normal,"2026-04-22T17:32:36.882644+00:00"
"CMD-C4DF4DAC6D05",User1,"PLC-001",read,"HR_40004",,normal,"2026-04-22T17:32:30.184367+00:00"
"CMD-EF37D961D41A",User1,"PLC-001",read,"HR_40004",,normal,"2026-04-22T17:32:25.425716+00:00"
"CMD-BF4B4D59A6B3",User1,"PLC-001",read,"HR_40003",,normal,"2026-04-22T17:32:20.605867+00:00"
"CMD-9B9FF1D367AC",Admin1,"PLC-001",read,"HR_40003",,critical,"2026-04-22T17:32:13.830565+00:00"
"CMD-73669DD988AB",User1,"PLC-001",read,"HR_40005",,normal,"2026-04-22T17:32:07.129904+00:00"
"CMD-27D7356190FF",Admin1,"PLC-001",read,"HR_40001",,normal,"2026-04-22T17:31:58.345538+00:00"
"CMD-9F3CDBA48DD9",Admin1,"PLC-001",write,"HR_40005",10065,normal,"2026-04-22T17:31:55.965821+00:00"
"CMD-AF7B71133B5B",User1,"PLC-001",read,"HR_40001",,critical,"2026-04-22T17:31:49.132201+00:00"
"CMD-DBFC0A3B935C",User1,"PLC-001",read,"HR_40001",,normal,"2026-04-22T17:31:44.526464+00:00"
"CMD-4802E5F24F55",Admin1,"PLC-001",read,"HR_40001",,normal,"2026-04-22T17:31:37.840544+00:00"
"CMD-F84CA24E0E6E",Admin1,"PLC-001",read,"HR_40005",,critical,"2026-04-22T17:31:33.353778+00:00"
"CMD-CB2E485EC08C",User1,"PLC-001",read,"HR_40002",,normal,"2026-04-22T17:31:26.615956+00:00"
"CMD-404BE20A7853",User1,"PLC-001",read,"HR_40003",,critical,"2026-04-22T17:31:21.936122+00:00"
"CMD-80BDE1C6DAAB",Admin1,"PLC-001",read,"HR_40005",,critical,"2026-04-22T17:31:15.288606+00:00"
"CMD-7A0706440369",User1,"PLC-001",read,"HR_40005",,normal,"2026-04-22T17:31:08.461933+00:00"
"CMD-7363554163AC",Admin1,"PLC-001",read,"HR_40003",,critical,"2026-04-22T17:31:01.878566+00:00"
"CMD-E49F71F57521",Admin1,"PLC-001",read,"HR_40005",,normal,"2026-04-22T17:30:57.245053+00:00"
"CMD-21B3672ABB26",Admin1,"PLC-001",read,"HR_40002",,normal,"2026-04-22T17:30:52.533675+00:00"
"CMD-5F8FD6CFB8AE",Admin1,"PLC-001",read,"HR_40002",,normal,"2026-04-22T17:30:46.718644+00:00"
"CMD-C29F16A31894",Admin1,"PLC-001",write,"HR_40002",3339,critical,"2026-04-22T17:30:44.165360+00:00"
"CMD-35D3E5779CEC",Admin1,"PLC-001",write,"HR_40003",16638,normal,"2026-04-22T17:30:41.682588+00:00"
"CMD-2975FCC2D7E0",Admin1,"PLC-001",read,"HR_40002",,critical,"2026-04-22T17:30:35.680999+00:00"
"CMD-EC246AB64705",Admin1,"PLC-001",write,"HR_40004",12589,critical,"2026-04-22T17:30:33.214921+00:00"
"CMD-5FDBBD5A6626",User1,"PLC-001",read,"HR_40005",,normal,"2026-04-22T17:30:26.652993+00:00"
"CMD-F67EAE52F402",User1,"PLC-001",read,"HR_40002",,critical,"2026-04-22T17:30:20.815952+00:00"
"CMD-E9F08880BB66",Admin1,"PLC-001",write,"HR_40001",2476,critical,"2026-04-22T17:30:18.602595+00:00"
"CMD-DAF79B56D80E",User1,"PLC-001",read,"HR_40003",,normal,"2026-04-22T17:30:10.642302+00:00"
"CMD-79F980518005",Admin1,"PLC-001",write,"HR_40003",29413,normal,"2026-04-22T17:30:08.401576+00:00"
"CMD-E841F01828C5",User1,"PLC-001",read,"HR_40005",,normal,"2026-04-22T17:30:01.351425+00:00"
"CMD-DC45CB847749",Admin1,"PLC-001",read,"HR_40003",,normal,"2026-04-22T17:29:54.538134+00:00"
"CMD-B31A626BC6D1",User1,"PLC-001",read,"HR_40001",,critical,"2026-04-22T17:29:47.799678+00:00"
"CMD-3C66BD5CD7A1",User1,"PLC-001",read,"HR_40005",,critical,"2026-04-22T17:29:41.868049+00:00"
"CMD-B09AD8EA425E",Admin1,"PLC-001",write,"HR_40004",1010,normal,"2026-04-22T17:29:39.699169+00:00"
"CMD-36545ECB5835",User1,"PLC-001",read,"HR_40002",,normal,"2026-04-22T17:29:31.347671+00:00"
"CMD-688076D2DE0C",Admin1,"PLC-001",write,"HR_40004",13203,critical,"2026-04-22T17:29:29.163002+00:00"
"CMD-9DD6FD1792D1",User1,"PLC-001",read,"HR_40002",,normal,"2026-04-22T17:29:22.759111+00:00"
"CMD-D0E1CF27FC33",Admin1,"PLC-001",read,"HR_40005",,critical,"2026-04-22T17:29:14.789645+00:00"
"CMD-B82BECEBBFE7",Admin1,"PLC-001",write,"HR_40005",33399,critical,"2026-04-22T17:29:12.439298+00:00"
"CMD-7B5E8D315C3C",User1,"PLC-001",read,"HR_40003",,critical,"2026-04-22T17:29:05.939239+00:00"
"CMD-A7F6162DA4A8",User1,"PLC-001",read,"HR_40005",,critical,"2026-04-22T17:29:00.177271+00:00"
"CMD-430E2FCF1C98",Admin1,"PLC-001",write,"HR_40005",25396,normal,"2026-04-22T17:28:57.880640+00:00"
"CMD-FAA93890ABF4",User1,"PLC-001",read,"HR_40002",,critical,"2026-04-22T17:28:51.326873+00:00"
"CMD-9F0D18EABBB1",Admin1,"PLC-001",read,"HR_40002",,critical,"2026-04-22T17:28:42.551822+00:00"
"CMD-87D0CD5A2F00",Admin1,"PLC-001",write,"HR_40005",5039,critical,"2026-04-22T17:28:40.399100+00:00"
"CMD-788017970A75",User1,"PLC-001",read,"HR_40003",,critical,"2026-04-22T17:28:33.714065+00:00"
"CMD-192BB1BCCD83",User1,"PLC-001",read,"HR_40001",,normal,"2026-04-22T17:28:28.960025+00:00"
"CMD-663CFCADD320",User1,"PLC-001",read,"HR_40002",,normal,"2026-04-22T17:28:24.242246+00:00"
"CMD-27660ACB0C5B",User1,"PLC-001",read,"HR_40005",,critical,"2026-04-22T17:28:18.052556+00:00"
"CMD-15392BCC89D5",Admin1,"PLC-001",write,"HR_40002",2186,normal,"2026-04-22T17:28:15.639182+00:00"
"CMD-1F1EA0D991B1",User1,"PLC-001",read,"HR_40003",,critical,"2026-04-22T17:28:08.848780+00:00"
"CMD-49EF49DF95C0",User1,"PLC-001",read,"HR_40004",,normal,"2026-04-22T17:28:03.960649+00:00"
"CMD-3E1DC38A804C",Admin1,"PLC-001",read,"HR_40001",,normal,"2026-04-22T17:27:56.965535+00:00"
"CMD-7013D3560EF9",Admin1,"PLC-001",read,"HR_40001",,critical,"2026-04-22T17:27:51.797680+00:00"
"CMD-E9CF514447A0",User1,"PLC-001",read,"HR_40001",,normal,"2026-04-22T17:27:45.110397+00:00"
"CMD-D4DD3B1636B8",User1,"PLC-001",read,"HR_40003",,normal,"2026-04-22T17:27:40.333941+00:00"
"CMD-0A2E7FC9A0A7",Admin1,"PLC-001",read,"HR_40002",,normal,"2026-04-22T17:27:33.177974+00:00"
"CMD-FDEC694B08F4",Admin1,"PLC-001",read,"HR_40003",,critical,"2026-04-22T17:27:28.451821+00:00"
"CMD-C8BEED51128F",User1,"PLC-001",read,"HR_40003",,critical,"2026-04-22T17:27:21.837106+00:00"
"CMD-04E2358CB8C9",User1,"PLC-001",read,"HR_40002",,normal,"2026-04-22T17:27:16.458818+00:00"
"CMD-501B3B4D3855",Admin1,"PLC-001",write,"HR_40001",19148,critical,"2026-04-22T17:27:11.310779+00:00"
"CMD-80F6B7BB46FE",User1,"PLC-001",read,"HR_40004",,normal,"2026-04-22T17:27:04.122518+00:00"
"CMD-82467248A3AE",Admin1,"PLC-001",read,"HR_40001",,critical,"2026-04-22T17:26:57.093092+00:00"
"CMD-75140881BCE6",Admin1,"PLC-001",read,"HR_40004",,critical,"2026-04-22T17:26:52.267517+00:00"
"CMD-7316883000F4",User1,"PLC-001",read,"HR_40005",,normal,"2026-04-22T17:26:45.445613+00:00"
"CMD-F023E5E449F6",Admin1,"PLC-001",read,"HR_40001",,critical,"2026-04-22T17:26:38.567875+00:00"
"CMD-40B6AB0BCC0B",Admin1,"PLC-001",read,"HR_40003",,normal,"2026-04-22T17:26:33.327318+00:00"
"CMD-6015B20E98B5",User1,"PLC-001",read,"HR_40001",,critical,"2026-04-22T17:26:26.356716+00:00"
"CMD-B0B8D0C25833",Admin1,"PLC-001",read,"HR_40001",,critical,"2026-04-22T17:26:19.565289+00:00"
"CMD-160D13918E95",User1,"PLC-001",read,"HR_40003",,normal,"2026-04-22T17:26:12.706906+00:00"
"CMD-F9DDD2E90E79",User1,"PLC-001",read,"HR_40005",,critical,"2026-04-22T17:26:07.817153+00:00"
"CMD-8BC152242C29",Admin1,"PLC-001",read,"HR_40001",,normal,"2026-04-22T17:26:01.007560+00:00"
"CMD-DD947975EFC1",User1,"PLC-001",read,"HR_40005",,normal,"2026-04-22T17:25:54.287924+00:00"
"CMD-27E62982996F",User1,"PLC-001",read,"HR_40004",,normal,"2026-04-22T17:25:49.846999+00:00"
"CMD-4569DBF10BA9",User1,"PLC-001",read,"HR_40001",,normal,"2026-04-22T17:25:44.942941+00:00"
"CMD-ADA5C36D4AEB",Admin1,"PLC-001",read,"HR_40003",,critical,"2026-04-22T17:25:37.587404+00:00"
"CMD-F139CB7EF085",User1,"PLC-001",read,"HR_40005",,critical,"2026-04-22T17:25:30.663756+00:00"
"CMD-1D1668D6121B",User1,"PLC-001",read,"HR_40003",,critical,"2026-04-22T17:25:25.785732+00:00"
"CMD-9580266E7092",User1,"PLC-001",read,"HR_40001",,critical,"2026-04-22T17:25:19.006905+00:00"
"CMD-69335D0CF898",Admin1,"PLC-001",write,"HR_40005",1003,critical,"2026-04-22T17:25:16.541218+00:00"
"CMD-ACE266AFFE34",User1,"PLC-001",read,"HR_40002",,critical,"2026-04-22T17:25:09.715900+00:00"
"CMD-C5BA549C1941",User1,"PLC-001",read,"HR_40004",,normal,"2026-04-22T17:25:05.153927+00:00"
"CMD-8037BBCB6619",User1,"PLC-001",read,"HR_40002",,critical,"2026-04-22T17:25:00.377273+00:00"
"CMD-C5ACCD1F5E22",User1,"PLC-001",read,"HR_40004",,normal,"2026-04-22T17:24:55.732263+00:00"
"CMD-D4C0911AAF17",User1,"PLC-001",read,"HR_40005",,normal,"2026-04-22T17:24:51.072724+00:00"
"CMD-70D85D4A646E",Admin1,"PLC-001",read,"HR_40004",,normal,"2026-04-22T17:24:44.490443+00:00"
"CMD-645A7607C70F",User1,"PLC-001",read,"HR_40003",,normal,"2026-04-22T17:24:37.839971+00:00"
"CMD-5BE7B168D14C",User1,"PLC-001",read,"HR_40001",,normal,"2026-04-22T17:24:33.454467+00:00"
"CMD-13A94097E4E5",Admin1,"PLC-001",write,"HR_40005",6559,critical,"2026-04-22T17:24:29.210941+00:00"
"CMD-37986A0BD156",Admin1,"PLC-001",write,"HR_40004",10955,normal,"2026-04-22T17:24:26.816956+00:00"
"CMD-A110EA5945C6",User1,"PLC-001",read,"HR_40005",,normal,"2026-04-22T17:24:20.095869+00:00"
"CMD-EDED93F806C1",Admin1,"PLC-001",read,"HR_40003",,normal,"2026-04-22T17:24:13.251030+00:00"
"CMD-39746D53C060",User1,"PLC-001",read,"HR_40003",,normal,"2026-04-22T17:24:06.596409+00:00"
"CMD-72321C86A6C4",Admin1,"PLC-001",read,"HR_40004",,normal,"2026-04-22T17:23:59.836344+00:00"
"CMD-2260452293C0",Admin1,"PLC-001",read,"HR_40002",,critical,"2026-04-22T17:23:55.296375+00:00"
"CMD-98212EBEBC48",User1,"PLC-001",read,"HR_40001",,critical,"2026-04-22T17:23:46.886012+00:00"
"CMD-6125DF5DDCDF",Admin1,"PLC-001",read,"HR_40001",,critical,"2026-04-22T17:23:40.246802+00:00"
"CMD-9D5D85BFABBE",Admin1,"PLC-001",read,"HR_40001",,critical,"2026-04-22T17:23:34.560640+00:00"
"CMD-A909A879EF73",Admin1,"PLC-001",write,"HR_40004",986,normal,"2026-04-22T17:23:31.942485+00:00"
"CMD-2F5315255BF1",User1,"PLC-001",read,"HR_40005",,critical,"2026-04-22T17:23:24.817517+00:00"
"CMD-20283D0AC06C",Admin1,"PLC-001",read,"HR_40004",,normal,"2026-04-22T17:23:17.976057+00:00"
"CMD-BD044B73F836",User1,"PLC-001",read,"HR_40002",,normal,"2026-04-22T17:23:09.872326+00:00"
"CMD-71C56F806F2C",Admin1,"PLC-001",write,"HR_40003",1732,normal,"2026-04-22T17:23:07.346649+00:00"
"CMD-F7FABF13D562",User1,"PLC-001",read,"HR_40002",,normal,"2026-04-22T17:23:00.402001+00:00"
"CMD-1A8BAFA65F08",User1,"PLC-001",read,"HR_40003",,normal,"2026-04-22T17:22:55.210645+00:00"
"CMD-23C20A4EB4C5",Admin1,"PLC-001",read,"HR_40001",,critical,"2026-04-22T17:22:48.341027+00:00"
"CMD-79781FDC11C4",User1,"PLC-001",read,"HR_40003",,critical,"2026-04-22T17:22:41.333067+00:00"
"CMD-8EDAE9FC1B36",User1,"PLC-001",read,"HR_40003",,critical,"2026-04-22T17:22:36.432654+00:00"
"CMD-AB99CAF1ACB2",User1,"PLC-001",read,"HR_40004",,critical,"2026-04-22T17:22:31.397189+00:00"
"CMD-B32478E6CE83",Admin1,"PLC-001",read,"HR_40001",,normal,"2026-04-22T17:22:23.793134+00:00"
"CMD-FB7BE863805B",Admin1,"PLC-001",read,"HR_40004",,critical,"2026-04-22T17:22:18.253286+00:00"
"CMD-E232C2BDE2E6",Admin1,"PLC-001",write,"HR_40003",1839,critical,"2026-04-22T17:22:15.643818+00:00"
"CMD-8F3A8EDC5D1F",User1,"PLC-001",read,"HR_40003",,critical,"2026-04-22T17:22:08.903976+00:00"
"CMD-4067F5FBBD5B",User1,"PLC-001",read,"HR_40003",,normal,"2026-04-22T17:22:04.121790+00:00"
"CMD-7539BD0DE79F",User1,"PLC-001",read,"HR_40005",,normal,"2026-04-22T17:21:59.432880+00:00"
"CMD-CD330BC5E85E",User1,"PLC-001",read,"HR_40001",,critical,"2026-04-22T17:21:54.651442+00:00"
"CMD-A144C40D88B3",User1,"PLC-001",read,"HR_40005",,critical,"2026-04-22T17:21:50.084383+00:00"
"CMD-CE258314F336",Admin1,"PLC-001",write,"HR_40002",7926,critical,"2026-04-22T17:21:45.748682+00:00"
"CMD-47B919FF15F0",Admin1,"PLC-001",read,"HR_40002",,normal,"2026-04-22T17:21:40.949421+00:00"
"CMD-B0383D7AC54D",User1,"PLC-001",read,"HR_40002",,normal,"2026-04-22T17:21:34.238044+00:00"
"CMD-427C920E2FC4",Admin1,"PLC-001",write,"HR_40003",2202,critical,"2026-04-22T17:21:29.759285+00:00"
"CMD-B329CAB0C491",Admin1,"PLC-001",read,"HR_40002",,critical,"2026-04-22T17:21:24.131721+00:00"
"CMD-E7675DCABD21",Admin1,"PLC-001",write,"HR_40003",7879,critical,"2026-04-22T17:21:21.532218+00:00"
"CMD-19E286511DE3",Admin1,"PLC-001",write,"HR_40005",19114,normal,"2026-04-22T17:21:19.088221+00:00"
"CMD-399E2CD3B1E8",Admin1,"PLC-001",read,"HR_40001",,critical,"2026-04-22T17:21:14.723819+00:00"
"CMD-11D2D342D447",User1,"PLC-001",read,"HR_40004",,critical,"2026-04-22T17:21:07.059260+00:00"
"CMD-C491AFB08700",Admin1,"PLC-001",write,"HR_40001",2424,critical,"2026-04-22T17:21:04.703041+00:00"
"CMD-BE9D478934B4",User1,"PLC-001",read,"HR_40002",,normal,"2026-04-22T17:20:58.395665+00:00"
"CMD-33FC40556CD4",Admin1,"PLC-001",read,"HR_40003",,normal,"2026-04-22T17:20:51.940244+00:00"
"CMD-1CD8DE1CE75B",Admin1,"PLC-001",read,"HR_40005",,critical,"2026-04-22T17:20:47.524532+00:00"
"CMD-5B25D0A4FB2A",User1,"PLC-001",read,"HR_40005",,normal,"2026-04-22T17:20:41.138314+00:00"
"CMD-A081B3EF8A72",Admin1,"PLC-001",write,"HR_40001",35453,normal,"2026-04-22T17:20:36.951220+00:00"
"CMD-7387197E2D96",Admin1,"PLC-001",write,"HR_40004",3876,critical,"2026-04-22T17:20:34.785606+00:00"
"CMD-FB80A872EB83",User1,"PLC-001",read,"HR_40001",,critical,"2026-04-22T17:20:28.437523+00:00"
"CMD-726E7835A4DF",Admin1,"PLC-001",read,"HR_40003",,normal,"2026-04-22T17:20:20.727191+00:00"
"CMD-2F0C4B103FFA",Admin1,"PLC-001",write,"HR_40004",44125,normal,"2026-04-22T17:20:18.533656+00:00"
"CMD-E66E2C5B5911",User1,"PLC-001",read,"HR_40004",,critical,"2026-04-22T17:20:12.122522+00:00"
"CMD-4550215FFFFB",Admin1,"PLC-001",read,"HR_40001",,normal,"2026-04-22T17:20:04.319782+00:00"
"CMD-89F43A1C798B",Admin1,"PLC-001",write,"HR_40001",5270,critical,"2026-04-22T17:20:02.093578+00:00"
"CMD-435584263746",Admin1,"PLC-001",read,"HR_40003",,critical,"2026-04-22T17:19:57.739584+00:00"
"CMD-2CDA70A3E78A",Admin1,"PLC-001",read,"HR_40005",,normal,"2026-04-22T17:19:53.385955+00:00"
"CMD-86C097571DF3",Admin1,"PLC-001",read,"HR_40001",,critical,"2026-04-22T17:19:48.765353+00:00"
"CMD-168076F207D7",Admin1,"PLC-001",read,"HR_40001",,critical,"2026-04-22T17:19:42.781744+00:00"
"CMD-75EDD2B7EFA0",Admin1,"PLC-001",write,"HR_40005",11676,normal,"2026-04-22T17:19:40.583508+00:00"
"CMD-B3CBC1EEF8FD",Admin1,"PLC-001",read,"HR_40002",,normal,"2026-04-22T17:19:36.116150+00:00"
"CMD-5396A46B5B6E",Admin1,"PLC-001",read,"HR_40002",,critical,"2026-04-22T17:19:31.520308+00:00"
"CMD-BCABCEF3DE2D",Admin1,"PLC-001",read,"HR_40001",,normal,"2026-04-22T17:19:26.900946+00:00"
"CMD-C3A829205A3E",User1,"PLC-001",read,"HR_40002",,critical,"2026-04-22T17:19:20.226966+00:00"
"CMD-0DA752D491B5",Admin1,"PLC-001",read,"HR_40001",,critical,"2026-04-22T17:19:13.470966+00:00"
"CMD-205E2981BA0B",User1,"PLC-001",read,"HR_40001",,critical,"2026-04-22T17:19:06.516750+00:00"
"CMD-ABE2F4D9B732",User1,"PLC-001",read,"HR_40004",,critical,"2026-04-22T17:19:02.037261+00:00"
"CMD-7953A859F8F1",User1,"PLC-001",read,"HR_40001",,normal,"2026-04-22T17:18:57.355960+00:00"
"CMD-CB713A37571F",Admin1,"PLC-001",read,"HR_40003",,critical,"2026-04-22T17:18:49.810095+00:00"
"CMD-9EF734B49FFB",Admin1,"PLC-001",write,"HR_40003",5267,normal,"2026-04-22T17:18:46.981661+00:00"
"CMD-827E65A66D38",Admin1,"PLC-001",read,"HR_40001",,critical,"2026-04-22T17:18:41.113509+00:00"
"CMD-F1E9FEFC6CA2",Admin1,"PLC-001",write,"HR_40003",2349,critical,"2026-04-22T17:18:38.805594+00:00"
"CMD-0961C9BDA6AC",User1,"PLC-001",read,"HR_40001",,normal,"2026-04-22T17:18:32.271509+00:00"
"CMD-CF6444A2F253",Admin1,"PLC-001",read,"HR_40001",,normal,"2026-04-22T17:18:25.457527+00:00"
"CMD-ABC5E09B5505",User1,"PLC-001",read,"HR_40004",,normal,"2026-04-22T17:18:18.756580+00:00"
"CMD-99A4E6438474",Admin1,"PLC-001",read,"HR_40004",,normal,"2026-04-22T17:18:12.053468+00:00"
"CMD-B0582ED74E96",Admin1,"PLC-001",read,"HR_40005",,critical,"2026-04-22T17:18:07.348542+00:00"
"CMD-41CD3656651D",User1,"PLC-001",read,"HR_40001",,critical,"2026-04-22T17:18:00.724032+00:00"
"CMD-E80582D25A99",Admin1,"PLC-001",read,"HR_40004",,critical,"2026-04-22T17:17:54.008715+00:00"
"CMD-755908062E0A",Admin1,"PLC-001",read,"HR_40001",,normal,"2026-04-22T17:17:49.452181+00:00"
"CMD-8961243E1210",Admin1,"PLC-001",read,"HR_40004",,critical,"2026-04-22T17:17:43.617736+00:00"
"CMD-60F5628982D7",Admin1,"PLC-001",write,"HR_40005",7049,critical,"2026-04-22T17:17:41.226256+00:00"
"CMD-F93F7221D414",User1,"PLC-001",read,"HR_40003",,normal,"2026-04-22T17:17:34.454716+00:00"
"CMD-41283670EF65",User1,"PLC-001",read,"HR_40004",,critical,"2026-04-22T17:17:29.892920+00:00"
"CMD-69E8536A91BB",Admin1,"PLC-001",read,"HR_40004",,critical,"2026-04-22T17:17:22.373876+00:00"
"CMD-25F90640E278",Admin1,"PLC-001",write,"HR_40003",4692,normal,"2026-04-22T17:17:20.065451+00:00"
"CMD-5F8A2B0D570C",User1,"PLC-001",read,"HR_40004",,normal,"2026-04-22T17:17:13.510242+00:00"
"CMD-7CE2D978C910",Admin1,"PLC-001",read,"HR_40003",,critical,"2026-04-22T17:17:06.937081+00:00"
"CMD-F5F2FF896235",User1,"PLC-001",read,"HR_40003",,normal,"2026-04-22T17:17:00.370867+00:00"
"CMD-F2D34BC79AD7",User1,"PLC-001",read,"HR_40004",,normal,"2026-04-22T17:16:55.929980+00:00"
"CMD-9776E9B6BF64",Admin1,"PLC-001",read,"HR_40003",,normal,"2026-04-22T17:16:48.843005+00:00"
"CMD-A6BD25F8AF28",User1,"PLC-001",read,"HR_40001",,critical,"2026-04-22T17:16:41.766317+00:00"
"CMD-D65003054B9D",User1,"PLC-001",read,"HR_40004",,normal,"2026-04-22T17:16:36.847331+00:00"
"CMD-760BF37570D9",User1,"PLC-001",read,"HR_40005",,normal,"2026-04-22T17:16:32.047185+00:00"
"CMD-CBAFB448E183",Admin1,"PLC-001",read,"HR_40002",,normal,"2026-04-22T17:16:24.189095+00:00"
"CMD-90FD095DA4AF",Admin1,"PLC-001",write,"HR_40005",2498,critical,"2026-04-22T17:16:21.664921+00:00"
"CMD-71E4F84952FE",Admin1,"PLC-001",write,"HR_40001",2518,normal,"2026-04-22T17:16:19.198077+00:00"
"CMD-4918D1EB1F35",User1,"PLC-001",read,"HR_40001",,critical,"2026-04-22T17:16:12.250268+00:00"
"CMD-F03AEDF65AAA",User1,"PLC-001",read,"HR_40005",,critical,"2026-04-22T17:16:07.531087+00:00"
"CMD-1D4FC83614A4",User1,"PLC-001",read,"HR_40002",,normal,"2026-04-22T17:16:02.515609+00:00"
"CMD-ACA2BDD50632",Admin1,"PLC-001",write,"HR_40003",580,critical,"2026-04-22T17:15:57.500530+00:00"
"CMD-3C84C63985F6",User1,"PLC-001",read,"HR_40001",,normal,"2026-04-22T17:15:50.481262+00:00"
"CMD-CA168A792371",Admin1,"PLC-001",read,"HR_40002",,critical,"2026-04-22T17:15:42.264603+00:00"
"CMD-A055F4149BE1",Admin1,"PLC-001",write,"HR_40005",5119,critical,"2026-04-22T17:15:39.273544+00:00"
"CMD-FD145167FF66",Admin1,"PLC-001",read,"HR_40005",,normal,"2026-04-22T17:15:33.405799+00:00"
"CMD-09CB99587370",Admin1,"PLC-001",write,"HR_40004",6227,critical,"2026-04-22T17:15:30.953561+00:00"
"CMD-B5C69B30EA49",User1,"PLC-001",read,"HR_40001",,critical,"2026-04-22T17:15:24.170111+00:00"
"CMD-DC5D8387A5BC",Admin1,"PLC-001",read,"HR_40005",,critical,"2026-04-22T17:15:16.199826+00:00"
"CMD-EC46D14BDCBE",Admin1,"PLC-001",write,"HR_40002",4985,normal,"2026-04-22T17:15:13.943855+00:00"
"CMD-87658E5B0CF8",User1,"PLC-001",read,"HR_40001",,normal,"2026-04-22T17:15:06.779869+00:00"
"CMD-80B2DB292E9E",Admin1,"PLC-001",read,"HR_40002",,normal,"2026-04-22T17:14:59.192508+00:00"
"CMD-4DE914E10250",User1,"PLC-001",read,"HR_40002",,critical,"2026-04-22T17:14:51.706694+00:00"
"CMD-80DB3906AE93",User1,"PLC-001",read,"HR_40003",,normal,"2026-04-22T17:14:45.935234+00:00"
"CMD-F756E3CAB09A",Admin1,"PLC-001",read,"HR_40004",,critical,"2026-04-22T17:14:38.852126+00:00"
"CMD-C3F1D495ABC1",User1,"PLC-001",read,"HR_40004",,normal,"2026-04-22T17:14:31.892616+00:00"
"CMD-B8A4F649A1E2",Admin1,"PLC-001",write,"HR_40004",28101,normal,"2026-04-22T17:14:27.202898+00:00"
"CMD-65292E220865",User1,"PLC-001",read,"HR_40003",,critical,"2026-04-22T17:14:19.998271+00:00"
"CMD-4E5B5FF87577",User1,"PLC-001",read,"HR_40004",,normal,"2026-04-22T17:14:14.906063+00:00"
"CMD-3581597406C7",User1,"PLC-001",read,"HR_40004",,normal,"2026-04-22T17:14:09.326323+00:00"
"CMD-4613724FA7DA",User1,"PLC-001",read,"HR_40005",,normal,"2026-04-22T17:14:04.270632+00:00"
"CMD-E4416BDEA639",Admin1,"PLC-001",write,"HR_40004",26650,normal,"2026-04-22T17:13:59.736504+00:00"
"CMD-72EF9585CEBE",Admin1,"PLC-001",read,"HR_40004",,critical,"2026-04-22T17:13:54.867599+00:00"
"CMD-DD910699FDD4",User1,"PLC-001",read,"HR_40001",,normal,"2026-04-22T17:13:48.030921+00:00"
"CMD-AE46EDC46FFD",User1,"PLC-001",read,"HR_40005",,normal,"2026-04-22T17:13:42.764574+00:00"
"CMD-8A4385E48BE6",User1,"PLC-001",read,"HR_40003",,critical,"2026-04-22T17:13:37.251134+00:00"
"CMD-0A9E4B114F2F",User1,"PLC-001",read,"HR_40002",,critical,"2026-04-22T17:13:32.475218+00:00"
"CMD-F542B09B4C1E",Admin1,"PLC-001",read,"HR_40002",,critical,"2026-04-22T17:13:25.627378+00:00"
"CMD-3385C385EC9B",User1,"PLC-001",read,"HR_40004",,normal,"2026-04-22T17:13:18.433342+00:00"
"CMD-A709C0DE2D24",User1,"PLC-001",read,"HR_40002",,normal,"2026-04-22T17:13:13.700965+00:00"
"CMD-8813F1510B0D",Admin1,"PLC-001",write,"HR_40004",2768,normal,"2026-04-22T17:13:09.353433+00:00"
"CMD-C792493CEFC3",Admin1,"PLC-001",write,"HR_40002",4941,critical,"2026-04-22T17:13:06.956439+00:00"
"CMD-960B2F2ECB70",Admin1,"PLC-001",read,"HR_40001",,normal,"2026-04-22T17:12:59.684554+00:00"
"CMD-CD81EF46752C",Admin1,"PLC-001",write,"HR_40002",5082,normal,"2026-04-22T17:12:57.309748+00:00"
"CMD-4094FEAF7469",Admin1,"PLC-001",read,"HR_40002",,normal,"2026-04-22T17:12:52.433698+00:00"
"CMD-3FD53A39B56A",User1,"PLC-001",read,"HR_40003",,critical,"2026-04-22T17:12:45.460034+00:00"
"CMD-3601807E4E2B",User1,"PLC-001",read,"HR_40001",,critical,"2026-04-22T17:12:40.893297+00:00"
"CMD-70D6ED2D50B8",User1,"PLC-001",read,"HR_40005",,normal,"2026-04-22T17:12:36.097678+00:00"
"CMD-8238EEDEFA64",User1,"PLC-001",read,"HR_40003",,critical,"2026-04-22T17:12:31.104002+00:00"
"CMD-E2C6737ED7E6",Admin1,"PLC-001",write,"HR_40001",568,critical,"2026-04-22T17:12:26.389439+00:00"
"CMD-F17D6DEEE662",Admin1,"PLC-001",read,"HR_40005",,normal,"2026-04-22T17:12:21.375713+00:00"
"CMD-34AB99DA3F40",User1,"PLC-001",read,"HR_40003",,normal,"2026-04-22T17:12:13.961841+00:00"
"CMD-A33328D780D5",User1,"PLC-001",read,"HR_40004",,normal,"2026-04-22T17:12:07.603580+00:00"
"CMD-571E1CAF6282",Admin1,"PLC-001",write,"HR_40005",7731,normal,"2026-04-22T17:12:05.219884+00:00"
"CMD-8C144B4DEA1F",User1,"PLC-001",read,"HR_40004",,normal,"2026-04-22T17:11:58.468872+00:00"
"CMD-04FA106DCCE8",Admin1,"PLC-001",read,"HR_40003",,critical,"2026-04-22T17:11:48.497440+00:00"
"CMD-9E02CB39AE91",Admin1,"PLC-001",write,"HR_40001",32577,critical,"2026-04-22T17:11:45.997188+00:00"
"CMD-C90CE509F11E",Admin1,"PLC-001",write,"HR_40003",36581,normal,"2026-04-22T17:11:43.463504+00:00"
"CMD-3BAE59103A8B",Admin1,"PLC-001",write,"HR_40005",593,critical,"2026-04-22T17:11:40.804405+00:00"
"CMD-58D5B22BA8EC",User1,"PLC-001",read,"HR_40002",,critical,"2026-04-22T17:11:33.780298+00:00"
"CMD-3D8903A5E2C3",User1,"PLC-001",read,"HR_40004",,critical,"2026-04-22T17:11:29.282385+00:00"
"CMD-744B3CF501C9",User1,"PLC-001",read,"HR_40005",,critical,"2026-04-22T17:11:24.871250+00:00"
"CMD-74BD09A9B77F",User1,"PLC-001",read,"HR_40002",,normal,"2026-04-22T17:11:20.535664+00:00"
"CMD-2AF10C9645E4",Admin1,"PLC-001",write,"HR_40002",28805,critical,"2026-04-22T17:11:16.292930+00:00"
"CMD-5DF509B76FFD",Admin1,"PLC-001",read,"HR_40004",,normal,"2026-04-22T17:11:11.528093+00:00"
"CMD-53F65DA4B806",Admin1,"PLC-001",read,"HR_40001",,critical,"2026-04-22T17:11:06.374819+00:00"
"CMD-508CF4A230D6",User1,"PLC-001",read,"HR_40003",,normal,"2026-04-22T17:10:59.382068+00:00"
"CMD-0A6A6F1A296F",Admin1,"PLC-001",read,"HR_40002",,critical,"2026-04-22T17:10:51.632874+00:00"
"CMD-BCE9023AE0AC",Admin1,"PLC-001",write,"HR_40005",1500,normal,"2026-04-22T17:10:49.519422+00:00"
"CMD-C1AF4A774ED0",User1,"PLC-001",read,"HR_40003",,critical,"2026-04-22T17:10:43.019074+00:00"
"CMD-23EC8F33ADB1",Admin1,"PLC-001",read,"HR_40003",,normal,"2026-04-22T17:10:36.406306+00:00"
"CMD-6A03A3EC0041",Admin1,"PLC-001",read,"HR_40003",,normal,"2026-04-22T17:10:31.031163+00:00"
"CMD-3FBD6DFD5E8E",User1,"PLC-001",read,"HR_40002",,critical,"2026-04-22T17:10:23.682580+00:00"
"CMD-7647A1B7BF6D",Admin1,"PLC-001",read,"HR_40004",,normal,"2026-04-22T17:10:16.706101+00:00"
"CMD-CF5004EC07D2",Admin1,"PLC-001",read,"HR_40005",,critical,"2026-04-22T17:10:11.715640+00:00"
"CMD-5AEF27DC92B3",User1,"PLC-001",read,"HR_40004",,critical,"2026-04-22T17:10:04.888142+00:00"
"CMD-1DB8DAD0FC97",User1,"PLC-001",read,"HR_40001",,normal,"2026-04-22T17:09:59.612151+00:00"
"CMD-48024611B3C2",Admin1,"PLC-001",read,"HR_40005",,normal,"2026-04-22T17:09:52.110914+00:00"
"CMD-AC04B6972B50",User1,"PLC-001",read,"HR_40004",,normal,"2026-04-22T17:09:44.887676+00:00"
"CMD-2D45BDA55DCB",Admin1,"PLC-001",read,"HR_40004",,normal,"2026-04-22T17:09:36.370085+00:00"
"CMD-0ACA930440FB",Admin1,"PLC-001",write,"HR_40001",3954,normal,"2026-04-22T17:09:34.029216+00:00"
"CMD-87C3D29FDEB5",Admin1,"PLC-001",read,"HR_40003",,normal,"2026-04-22T17:09:26.898116+00:00"
"CMD-EC864D561317",Admin1,"PLC-001",write,"HR_40002",24436,normal,"2026-04-22T17:09:24.233750+00:00"
"CMD-E8C6A8B3E54C",Admin1,"PLC-001",read,"HR_40001",,critical,"2026-04-22T17:09:18.701076+00:00"
"CMD-D58AF5EA6C3A",User1,"PLC-001",read,"HR_40002",,normal,"2026-04-22T17:09:11.730947+00:00"
"CMD-F53B12111528",User1,"PLC-001",read,"HR_40001",,normal,"2026-04-22T17:09:06.274054+00:00"
"CMD-08C035DBD6A1",Admin1,"PLC-001",read,"HR_40005",,normal,"2026-04-22T17:08:59.487201+00:00"
"CMD-25DA33920652",User1,"PLC-001",read,"HR_40005",,normal,"2026-04-22T17:08:52.174238+00:00"
"CMD-AC286DBC4828",Admin1,"PLC-001",write,"HR_40004",1420,critical,"2026-04-22T17:08:46.764397+00:00"
"CMD-AF5E495BDA67",Admin1,"PLC-001",read,"HR_40003",,critical,"2026-04-22T17:08:41.272992+00:00"
"CMD-519B29645F1F",User1,"PLC-001",read,"HR_40004",,normal,"2026-04-22T17:08:33.973420+00:00"
"CMD-C91DE3BFD418",User1,"PLC-001",read,"HR_40004",,critical,"2026-04-22T17:08:28.892764+00:00"
"CMD-E5A8F979EE42",User1,"PLC-001",read,"HR_40005",,critical,"2026-04-22T17:08:24.135718+00:00"
"CMD-858838690B52",User1,"PLC-001",read,"HR_40001",,normal,"2026-04-22T17:08:19.102032+00:00"
"CMD-FF251864CE85",User1,"PLC-001",read,"HR_40004",,normal,"2026-04-22T17:08:13.898791+00:00"
"CMD-28A784181A30",Admin1,"PLC-001",write,"HR_40001",5514,normal,"2026-04-22T17:08:09.483994+00:00"
"CMD-1CD0F720D366",Admin1,"PLC-001",write,"HR_40005",602,normal,"2026-04-22T17:08:07.160586+00:00"
"CMD-9E09E340B428",Admin1,"PLC-001",read,"HR_40004",,critical,"2026-04-22T17:08:02.490506+00:00"
"CMD-8B5EF899F458",User1,"PLC-001",read,"HR_40005",,normal,"2026-04-22T17:07:55.982018+00:00"
"CMD-40A5BC232923",User1,"PLC-001",read,"HR_40005",,critical,"2026-04-22T17:07:50.351813+00:00"
"CMD-9525653E02EE",Admin1,"PLC-001",write,"HR_40003",14701,normal,"2026-04-22T17:07:47.977839+00:00"
"CMD-28D657217666",User1,"PLC-001",read,"HR_40004",,critical,"2026-04-22T17:07:41.292508+00:00"
"CMD-1262A0833653",User1,"PLC-001",read,"HR_40002",,critical,"2026-04-22T17:07:36.600517+00:00"
"CMD-D73584DA4E72",Admin1,"PLC-001",read,"HR_40002",,critical,"2026-04-22T17:07:29.697483+00:00"
"CMD-B845D02B3BC5",User1,"PLC-001",read,"HR_40003",,critical,"2026-04-22T17:07:23.105672+00:00"
"CMD-A9BA0AC7E1B3",User1,"PLC-001",read,"HR_40001",,critical,"2026-04-22T17:07:18.633202+00:00"
"CMD-6D310BA60457",Admin1,"PLC-001",read,"HR_40005",,normal,"2026-04-22T17:07:10.636319+00:00"
"CMD-8153CF8C4EAD",Admin1,"PLC-001",write,"HR_40002",42857,critical,"2026-04-22T17:07:07.974979+00:00"
"CMD-9D77E5A7E929",User1,"PLC-001",read,"HR_40005",,normal,"2026-04-22T17:07:00.765134+00:00"
"CMD-69D050BB5750",User1,"PLC-001",read,"HR_40003",,normal,"2026-04-22T17:06:55.930684+00:00"
"CMD-09507AADE439",User1,"PLC-001",read,"HR_40002",,critical,"2026-04-22T17:06:51.105763+00:00"
"CMD-81324D049674",Admin1,"PLC-001",read,"HR_40001",,critical,"2026-04-22T17:06:44.633953+00:00"
"CMD-9C94718313CE",Admin1,"PLC-001",read,"HR_40003",,normal,"2026-04-22T17:06:38.973647+00:00"
"CMD-6AC9E4DB8408",Admin1,"PLC-001",write,"HR_40002",1192,normal,"2026-04-22T17:06:36.430766+00:00"
"CMD-1D66DBC54038",User1,"PLC-001",read,"HR_40005",,normal,"2026-04-22T17:06:29.558540+00:00"
"CMD-66F558AF34C3",User1,"PLC-001",read,"HR_40002",,normal,"2026-04-22T17:06:23.875382+00:00"
"CMD-2D001F2CF1AD",Admin1,"PLC-001",write,"HR_40005",34922,critical,"2026-04-22T17:06:21.386561+00:00"
"CMD-5546C0AD6A81",User1,"PLC-001",read,"HR_40002",,critical,"2026-04-22T17:06:14.854047+00:00"
"CMD-0D9D60700993",Admin1,"PLC-001",read,"HR_40004",,critical,"2026-04-22T17:06:08.261193+00:00"
"CMD-D27F8648F2E0",User1,"PLC-001",read,"HR_40003",,normal,"2026-04-22T17:06:01.608708+00:00"
"CMD-07E0EE917E88",User1,"PLC-001",read,"HR_40004",,critical,"2026-04-22T17:05:57.194014+00:00"
"CMD-A189D6BE933A",Admin1,"PLC-001",read,"HR_40003",,normal,"2026-04-22T17:05:50.435306+00:00"
"CMD-B7FDA52B6163",User1,"PLC-001",read,"HR_40004",,critical,"2026-04-22T17:05:43.906454+00:00"
"CMD-C1385D7061C3",Admin1,"PLC-001",read,"HR_40003",,normal,"2026-04-22T17:05:37.341431+00:00"
"CMD-CABE11019532",User1,"PLC-001",read,"HR_40004",,normal,"2026-04-22T17:05:30.657051+00:00"
"CMD-604604901B42",Admin1,"PLC-001",write,"HR_40003",1849,critical,"2026-04-22T17:05:26.174183+00:00"
"CMD-6A0A56BEE8BD",Admin1,"PLC-001",read,"HR_40002",,normal,"2026-04-22T17:05:21.710018+00:00"
"CMD-BA1CF1EED9E7",Admin1,"PLC-001",read,"HR_40002",,critical,"2026-04-22T17:05:16.077127+00:00"
"CMD-80C6CF7F8AB0",Admin1,"PLC-001",write,"HR_40004",4664,critical,"2026-04-22T17:05:12.348299+00:00"
"CMD-95FF8A9B8428",User1,"PLC-001",read,"HR_40002",,normal,"2026-04-22T17:05:05.919676+00:00"
"CMD-4D96383F5CBD",Admin1,"PLC-001",read,"HR_40005",,normal,"2026-04-22T17:04:59.201760+00:00"
"CMD-DE1232F386E5",User1,"PLC-001",read,"HR_40003",,normal,"2026-04-22T17:04:52.415109+00:00"
"CMD-E5BF15BF6D9A",User1,"PLC-001",read,"HR_40001",,critical,"2026-04-22T17:04:47.793504+00:00"
"CMD-53F15370DF56",User1,"PLC-001",read,"HR_40003",,critical,"2026-04-22T17:04:43.101109+00:00"
"CMD-2D291FF704AA",Admin1,"PLC-001",read,"HR_40002",,critical,"2026-04-22T17:04:36.038135+00:00"
"CMD-76B476E68FF7",User1,"PLC-001",read,"HR_40005",,critical,"2026-04-22T17:04:29.310650+00:00"
"CMD-2C7E8A84118A",User1,"PLC-001",read,"HR_40004",,critical,"2026-04-22T17:04:23.694547+00:00"
"CMD-BBA2D9F864C5",Admin1,"PLC-001",write,"HR_40004",7292,normal,"2026-04-22T17:04:21.150835+00:00"
"CMD-9E708AEFB4E4",User1,"PLC-001",read,"HR_40005",,critical,"2026-04-22T17:04:14.241277+00:00"
"CMD-F157F02A046E",User1,"PLC-001",read,"HR_40002",,normal,"2026-04-22T17:04:09.216811+00:00"
"CMD-0D0EA0FE3365",Admin1,"PLC-001",read,"HR_40002",,normal,"2026-04-22T17:04:01.854961+00:00"
"CMD-8B5EC25E6B74",Admin1,"PLC-001",read,"HR_40001",,normal,"2026-04-22T17:03:57.316406+00:00"
"CMD-2E42C615CFD7",User1,"PLC-001",read,"HR_40003",,critical,"2026-04-22T17:03:50.503452+00:00"
"CMD-B77789768FD8",User1,"PLC-001",read,"HR_40001",,normal,"2026-04-22T17:03:45.775420+00:00"
"CMD-73364F1F7323",Admin1,"PLC-001",write,"HR_40002",3676,normal,"2026-04-22T17:03:41.176524+00:00"
"CMD-A57C2160AA38",User1,"PLC-001",read,"HR_40005",,normal,"2026-04-22T17:03:34.286714+00:00"
"CMD-5ACCE37D5239",Admin1,"PLC-001",write,"HR_40003",1227,normal,"2026-04-22T17:03:29.630429+00:00"
"CMD-B13FBF86B338",Admin1,"PLC-001",read,"HR_40005",,critical,"2026-04-22T17:03:24.082656+00:00"
"CMD-9D54923C16ED",Admin1,"PLC-001",write,"HR_40004",5609,normal,"2026-04-22T17:03:21.540300+00:00"
"CMD-B4FFD7243A2D",Admin1,"PLC-001",write,"HR_40003",21488,normal,"2026-04-22T17:03:19.024171+00:00"
"CMD-FAA86FE1234A",User1,"PLC-001",read,"HR_40003",,critical,"2026-04-22T17:03:11.872196+00:00"
"CMD-D07DC2AC3375",User1,"PLC-001",read,"HR_40003",,normal,"2026-04-22T17:03:07.089277+00:00"
"CMD-8B39191544A1",Admin1,"PLC-001",read,"HR_40004",,normal,"2026-04-22T17:02:59.286885+00:00"
"CMD-AA6A30B29278",Admin1,"PLC-001",write,"HR_40001",4497,critical,"2026-04-22T17:02:57.093488+00:00"
"CMD-CDC07E6ECAD7",User1,"PLC-001",read,"HR_40002",,normal,"2026-04-22T17:02:50.535165+00:00"
"CMD-9FF67FF22711",Admin1,"PLC-001",read,"HR_40004",,normal,"2026-04-22T17:02:43.734417+00:00"
"CMD-D68FDBFAE3A8",User1,"PLC-001",read,"HR_40001",,normal,"2026-04-22T17:02:37.038842+00:00"
"CMD-656069857B86",User1,"PLC-001",read,"HR_40001",,normal,"2026-04-22T17:02:32.385407+00:00"
"CMD-870A45686F33",User1,"PLC-001",read,"HR_40004",,critical,"2026-04-22T17:02:27.910336+00:00"
"CMD-05767267016C",Admin1,"PLC-001",read,"HR_40002",,normal,"2026-04-22T17:02:21.378295+00:00"
"CMD-0EF0BADEA57E",Admin1,"PLC-001",read,"HR_40005",,critical,"2026-04-22T17:02:17.059963+00:00"
"CMD-F5346450699C",Admin1,"PLC-001",read,"HR_40002",,critical,"2026-04-22T17:02:12.328481+00:00"
"CMD-8FDA0F1BE54E",User1,"PLC-001",read,"HR_40001",,normal,"2026-04-22T17:02:05.690021+00:00"
"CMD-AB9FE3FCB792",User1,"PLC-001",read,"HR_40004",,critical,"2026-04-22T17:02:01.356870+00:00"
"CMD-598EE5517EC2",User1,"PLC-001",read,"HR_40005",,normal,"2026-04-22T17:01:56.980992+00:00"
"CMD-6017E51CDB8A",Admin1,"PLC-001",read,"HR_40003",,normal,"2026-04-22T17:01:50.655358+00:00"
"CMD-8852E6A2649A",User1,"PLC-001",read,"HR_40002",,critical,"2026-04-22T17:01:44.080509+00:00"
"CMD-CB4EFDAFF3E3",User1,"PLC-001",read,"HR_40001",,normal,"2026-04-22T17:01:39.779111+00:00"
"CMD-AD2F3BC65E19",Admin1,"PLC-001",read,"HR_40005",,critical,"2026-04-22T17:01:33.424973+00:00"
"CMD-4DA7879756AC",Admin1,"PLC-001",read,"HR_40004",,critical,"2026-04-22T17:01:27.690467+00:00"
"CMD-D8A34A9CFEE9",Admin1,"PLC-001",write,"HR_40001",606,critical,"2026-04-22T17:01:25.276362+00:00"
"CMD-59BB106749F5",Admin1,"PLC-001",read,"HR_40003",,critical,"2026-04-22T17:01:20.167539+00:00"
"CMD-518A689AA250",User1,"PLC-001",read,"HR_40005",,critical,"2026-04-22T17:01:13.571402+00:00"
"CMD-69E8854D08FA",Admin1,"PLC-001",read,"HR_40003",,normal,"2026-04-22T17:01:06.342782+00:00"
"CMD-E452D6DD227E",Admin1,"PLC-001",read,"HR_40003",,critical,"2026-04-22T17:01:01.554776+00:00"
"CMD-815F045D71ED",User1,"PLC-001",read,"HR_40004",,critical,"2026-04-22T17:00:54.687510+00:00"
"CMD-C8A45A1E05E1",Admin1,"PLC-001",read,"HR_40001",,critical,"2026-04-22T17:00:48.023227+00:00"
"CMD-A782D202B59F",Admin1,"PLC-001",read,"HR_40003",,critical,"2026-04-22T17:00:43.429804+00:00"
"CMD-40FE4DADA60E",User1,"PLC-001",read,"HR_40003",,critical,"2026-04-22T17:00:36.661231+00:00"
"CMD-AF8FC3885AC6",User1,"PLC-001",read,"HR_40001",,critical,"2026-04-22T17:00:31.027783+00:00"
"CMD-950466410DA1",Admin1,"PLC-001",read,"HR_40004",,critical,"2026-04-22T17:00:22.778179+00:00"
"CMD-0771384444C0",Admin1,"PLC-001",write,"HR_40003",2627,normal,"2026-04-22T17:00:20.267789+00:00"
"CMD-66DC7E090818",User1,"PLC-001",read,"HR_40001",,normal,"2026-04-22T17:00:13.599822+00:00"
"CMD-E0F807E77B89",User1,"PLC-001",read,"HR_40005",,normal,"2026-04-22T17:00:08.782689+00:00"
"CMD-B9DEBE0743C4",Admin1,"PLC-001",read,"HR_40002",,critical,"2026-04-22T17:00:01.570827+00:00"
"CMD-87033FDF4A81",Admin1,"PLC-001",read,"HR_40001",,normal,"2026-04-22T16:59:55.776841+00:00"
"CMD-67B834CD0828",Admin1,"PLC-001",write,"HR_40001",3443,critical,"2026-04-22T16:59:53.417970+00:00"
"CMD-DDC444EA3E3A",User1,"PLC-001",read,"HR_40003",,normal,"2026-04-22T16:59:46.662723+00:00"
"CMD-7E02F589AF2F",User1,"PLC-001",read,"HR_40004",,critical,"2026-04-22T16:59:41.905986+00:00"
"CMD-7D5B99F4AFAA",User1,"PLC-001",read,"HR_40004",,normal,"2026-04-22T16:59:37.318487+00:00"
"CMD-197A612ED785",User1,"PLC-001",read,"HR_40002",,critical,"2026-04-22T16:59:32.498331+00:00"
"CMD-6361ABA2E5BB",User1,"PLC-001",read,"HR_40002",,critical,"2026-04-22T16:59:28.106131+00:00"
"CMD-1CE004582AC8",Admin1,"PLC-001",write,"HR_40004",43406,critical,"2026-04-22T16:59:22.968148+00:00"
"CMD-9AA56AB378F8",User1,"PLC-001",read,"HR_40003",,critical,"2026-04-22T16:59:16.412989+00:00"
"CMD-4BCF314BBE85",Admin1,"PLC-001",read,"HR_40002",,critical,"2026-04-22T16:59:09.517228+00:00"
"CMD-BE4024CE830F",User1,"PLC-001",read,"HR_40004",,normal,"2026-04-22T16:59:02.774665+00:00"
"CMD-53D2FF82EA73",User1,"PLC-001",read,"HR_40005",,normal,"2026-04-22T16:58:57.437108+00:00"
"CMD-850AEE7D7EC4",User1,"PLC-001",read,"HR_40004",,normal,"2026-04-22T16:58:52.732511+00:00"
"CMD-490EB5999533",User1,"PLC-001",read,"HR_40003",,critical,"2026-04-22T16:58:48.080055+00:00"
"CMD-D0C5EBD2240D",Admin1,"PLC-001",read,"HR_40001",,critical,"2026-04-22T16:58:41.367257+00:00"
"CMD-94F52F7902AC",User1,"PLC-001",read,"HR_40004",,critical,"2026-04-22T16:58:34.249623+00:00"
"CMD-64AADA2B9B23",User1,"PLC-001",read,"HR_40002",,normal,"2026-04-22T16:58:29.527745+00:00"
"CMD-8489963CD5CB",User1,"PLC-001",read,"HR_40002",,critical,"2026-04-22T16:58:23.236169+00:00"
"CMD-A9B80262FBA2",Admin1,"PLC-001",read,"HR_40005",,critical,"2026-04-22T16:58:11.534711+00:00"
"CMD-669E9D4D69E5",Admin1,"PLC-001",write,"HR_40005",4982,critical,"2026-04-22T16:58:09.141309+00:00"
"CMD-A606E550D505",Admin1,"PLC-001",write,"HR_40005",681,normal,"2026-04-22T16:58:06.739138+00:00"
"CMD-751962611424",User1,"PLC-001",read,"HR_40001",,critical,"2026-04-22T16:58:00.154639+00:00"
"CMD-B0EEB3FC8C27",User1,"PLC-001",read,"HR_40003",,normal,"2026-04-22T16:57:55.435782+00:00"
"CMD-CF222E74E2E2",Admin1,"PLC-001",read,"HR_40005",,normal,"2026-04-22T16:57:48.198410+00:00"
"CMD-DFE8EA6959AA",Admin1,"PLC-001",read,"HR_40003",,critical,"2026-04-22T16:57:42.789919+00:00"
"CMD-1217EA6DE836",User1,"PLC-001",read,"HR_40004",,critical,"2026-04-22T16:57:35.920123+00:00"
"CMD-280C758621BE",Admin1,"PLC-001",read,"HR_40004",,critical,"2026-04-22T16:57:29.026362+00:00"
"CMD-9C37B6AA1158",User1,"PLC-001",read,"HR_40001",,normal,"2026-04-22T16:57:22.186520+00:00"
"CMD-60A7D77ACE38",Admin1,"PLC-001",read,"HR_40005",,normal,"2026-04-22T16:57:15.414208+00:00"
"CMD-1492519304D0",User1,"PLC-001",read,"HR_40004",,critical,"2026-04-22T16:57:08.240749+00:00"
"CMD-39ADD09FF628",Admin1,"PLC-001",read,"HR_40002",,critical,"2026-04-22T16:57:01.454143+00:00"
"CMD-7E82C6180CD8",User1,"PLC-001",read,"HR_40005",,normal,"2026-04-22T16:56:53.487884+00:00"
"CMD-04F6A144D685",Admin1,"PLC-001",write,"HR_40002",13533,critical,"2026-04-22T16:56:51.038967+00:00"
"CMD-3B5816A8AC46",User1,"PLC-001",read,"HR_40001",,critical,"2026-04-22T16:56:44.399303+00:00"
"CMD-A4A47FC8F15F",Admin1,"PLC-001",read,"HR_40001",,critical,"2026-04-22T16:56:36.679363+00:00"
"CMD-4A99690AF25F",Admin1,"PLC-001",write,"HR_40003",2526,critical,"2026-04-22T16:56:34.364845+00:00"
"CMD-393F2D172DD4",Admin1,"PLC-001",write,"HR_40004",1814,critical,"2026-04-22T16:56:32.054071+00:00"
"CMD-42E6E992AF0C",Admin1,"PLC-001",read,"HR_40004",,critical,"2026-04-22T16:56:27.579812+00:00"
"CMD-775E350DFB61",User1,"PLC-001",read,"HR_40003",,normal,"2026-04-22T16:56:20.993149+00:00"
"CMD-068B7521A993",Admin1,"PLC-001",read,"HR_40005",,critical,"2026-04-22T16:56:14.297214+00:00"
"CMD-E7D67A7E0002",User1,"PLC-001",read,"HR_40001",,critical,"2026-04-22T16:56:07.551411+00:00"
"CMD-B421C85556DE",User1,"PLC-001",read,"HR_40002",,critical,"2026-04-22T16:56:02.563742+00:00"
"CMD-B6D723356752",Admin1,"PLC-001",write,"HR_40004",911,normal,"2026-04-22T16:55:58.258115+00:00"
"CMD-0F3ACD81905E",Admin1,"PLC-001",read,"HR_40002",,normal,"2026-04-22T16:55:53.780138+00:00"
"CMD-5625D5119608",Admin1,"PLC-001",read,"HR_40004",,normal,"2026-04-22T16:55:47.377624+00:00"
"CMD-5ADE53783A58",Admin1,"PLC-001",write,"HR_40004",5561,critical,"2026-04-22T16:55:44.752215+00:00"
"CMD-9DB6132EEE54",User1,"PLC-001",read,"HR_40001",,normal,"2026-04-22T16:55:38.063053+00:00"
"CMD-C899204DC39C",User1,"PLC-001",read,"HR_40001",,critical,"2026-04-22T16:55:32.864699+00:00"
"CMD-5C0B27A2FC9A",User1,"PLC-001",read,"HR_40005",,normal,"2026-04-22T16:55:28.229023+00:00"
"CMD-1AA6C855D44E",User1,"PLC-001",read,"HR_40005",,normal,"2026-04-22T16:55:23.641831+00:00"
"CMD-1DAD4729F6DD",Admin1,"PLC-001",read,"HR_40003",,critical,"2026-04-22T16:55:16.050363+00:00"
"CMD-A9AA2BB46CD5",Admin1,"PLC-001",write,"HR_40004",23171,normal,"2026-04-22T16:55:13.553068+00:00"
"CMD-6315B833DAE7",User1,"PLC-001",read,"HR_40005",,normal,"2026-04-22T16:55:06.865220+00:00"
"CMD-66AA1FC99DEE",User1,"PLC-001",read,"HR_40003",,critical,"2026-04-22T16:55:00.862061+00:00"
"CMD-921D6820F8ED",Admin1,"PLC-001",write,"HR_40002",6257,critical,"2026-04-22T16:54:58.485556+00:00"
"CMD-C407ACA02F4D",User1,"PLC-001",read,"HR_40003",,normal,"2026-04-22T16:54:51.711519+00:00"
"CMD-C6A90A8EABB5",Admin1,"PLC-001",read,"HR_40003",,critical,"2026-04-22T16:54:44.971235+00:00"
"CMD-366365CCFB9D",Admin1,"PLC-001",read,"HR_40005",,critical,"2026-04-22T16:54:40.089888+00:00"
"CMD-2A1181ADE37E",User1,"PLC-001",read,"HR_40005",,normal,"2026-04-22T16:54:33.402183+00:00"
"CMD-3795687E9AF0",User1,"PLC-001",read,"HR_40003",,critical,"2026-04-22T16:54:28.350730+00:00"
"CMD-D7EEDF7F131E",Admin1,"PLC-001",read,"HR_40005",,normal,"2026-04-22T16:54:21.660596+00:00"
"CMD-474BDB42122A",User1,"PLC-001",read,"HR_40002",,critical,"2026-04-22T16:54:14.831730+00:00"
"CMD-A7F8C24D3CC5",User1,"PLC-001",read,"HR_40002",,normal,"2026-04-22T16:54:09.809988+00:00"
"CMD-081F41B59C38",Admin1,"PLC-001",write,"HR_40004",4377,critical,"2026-04-22T16:54:05.279730+00:00"
"CMD-C244E3CB23D9",Admin1,"PLC-001",read,"HR_40003",,critical,"2026-04-22T16:54:00.136125+00:00"
"CMD-003E97221798",User1,"PLC-001",read,"HR_40001",,normal,"2026-04-22T16:53:53.556374+00:00"
"CMD-9E1239E52C60",Admin1,"PLC-001",read,"HR_40004",,critical,"2026-04-22T16:53:46.839952+00:00"
"CMD-230D52471BE3",Admin1,"PLC-001",read,"HR_40005",,normal,"2026-04-22T16:53:42.268154+00:00"
"CMD-00E69ECBE5DF",Admin1,"PLC-001",read,"HR_40005",,critical,"2026-04-22T16:53:37.620509+00:00"
"CMD-604A0E309DB7",Admin1,"PLC-001",read,"HR_40005",,normal,"2026-04-22T16:53:33.125071+00:00"
"CMD-356D636D6F25",User1,"PLC-001",read,"HR_40002",,normal,"2026-04-22T16:53:25.382119+00:00"
"CMD-2395C4F50381",Admin1,"PLC-001",write,"HR_40005",1347,critical,"2026-04-22T16:53:23.193692+00:00"
"CMD-3E191D2BD2FF",User1,"PLC-001",read,"HR_40001",,critical,"2026-04-22T16:53:16.619497+00:00"
"CMD-13FCC6ED6A78",Admin1,"PLC-001",read,"HR_40004",,normal,"2026-04-22T16:53:10.015615+00:00"
"CMD-6CB64EB044E2",Admin1,"PLC-001",read,"HR_40004",,normal,"2026-04-22T16:53:04.119880+00:00"
"CMD-7FD1E8D9241D",Admin1,"PLC-001",write,"HR_40001",9594,critical,"2026-04-22T16:53:01.873072+00:00"
"CMD-EEF87D0F8CC1",User1,"PLC-001",read,"HR_40004",,normal,"2026-04-22T16:52:55.270064+00:00"
"CMD-1A723234E842",Admin1,"PLC-001",read,"HR_40002",,critical,"2026-04-22T16:52:48.592623+00:00"
"CMD-218510B4CC71",User1,"PLC-001",read,"HR_40003",,critical,"2026-04-22T16:52:41.117548+00:00"
"CMD-E2E0149A7501",Admin1,"PLC-001",read,"HR_40005",,normal,"2026-04-22T16:52:34.329684+00:00"
"CMD-69206A703A12",User1,"PLC-001",read,"HR_40005",,normal,"2026-04-22T16:52:27.049488+00:00"
"CMD-7427B3FE30BA",Admin1,"PLC-001",write,"HR_40003",4483,normal,"2026-04-22T16:52:22.786610+00:00"
"CMD-ED851BFE8889",Admin1,"PLC-001",write,"HR_40004",6236,critical,"2026-04-22T16:52:20.567754+00:00"
"CMD-9C341C7C796F",Admin1,"PLC-001",write,"HR_40005",5955,critical,"2026-04-22T16:52:18.396481+00:00"
"CMD-D87D127F6F9A",User1,"PLC-001",read,"HR_40001",,normal,"2026-04-22T16:52:12.116968+00:00"
"CMD-913510E6D99E",User1,"PLC-001",read,"HR_40004",,critical,"2026-04-22T16:52:07.653368+00:00"
"CMD-88713BFE62C9",Admin1,"PLC-001",read,"HR_40001",,normal,"2026-04-22T16:52:00.221981+00:00"
"CMD-7E2824BD449B",Admin1,"PLC-001",write,"HR_40004",17312,normal,"2026-04-22T16:51:57.775821+00:00"
"CMD-6B0E6FA8E1FF",User1,"PLC-001",read,"HR_40005",,critical,"2026-04-22T16:51:51.146988+00:00"
"CMD-7C6E03DA79F1",User1,"PLC-001",read,"HR_40002",,normal,"2026-04-22T16:51:46.083227+00:00"
"CMD-3B84A51EA4FA",User1,"PLC-001",read,"HR_40002",,critical,"2026-04-22T16:51:41.603865+00:00"
"CMD-A3CCEF89FD8B",User1,"PLC-001",read,"HR_40003",,critical,"2026-04-22T16:51:36.958713+00:00"
"CMD-BAE39D1EC61A",Admin1,"PLC-001",read,"HR_40002",,normal,"2026-04-22T16:51:30.468365+00:00"
"CMD-08577EE7A4D5",User1,"PLC-001",read,"HR_40003",,critical,"2026-04-22T16:51:24.008647+00:00"
"CMD-ACD383384E22",Admin1,"PLC-001",read,"HR_40004",,critical,"2026-04-22T16:51:17.210297+00:00"
"CMD-C4E350FDCCED",Admin1,"PLC-001",read,"HR_40002",,normal,"2026-04-22T16:51:11.649618+00:00"
"CMD-9DA1C82D8908",Admin1,"PLC-001",read,"HR_40002",,normal,"2026-04-22T16:51:05.871108+00:00"
"CMD-D8B56EDAD754",Admin1,"PLC-001",write,"HR_40003",9520,normal,"2026-04-22T16:51:03.318947+00:00"
"CMD-E0829086B279",Admin1,"PLC-001",write,"HR_40002",3446,normal,"2026-04-22T16:51:00.920208+00:00"
"CMD-DCC729A23237",Admin1,"PLC-001",read,"HR_40004",,normal,"2026-04-22T16:50:56.316608+00:00"
"CMD-0539B1CFBC4F",User1,"PLC-001",read,"HR_40003",,critical,"2026-04-22T16:50:49.689482+00:00"
"CMD-E17E75583548",Admin1,"PLC-001",read,"HR_40003",,normal,"2026-04-22T16:50:43.207178+00:00"
"CMD-DBA18636A625",User1,"PLC-001",read,"HR_40003",,normal,"2026-04-22T16:50:36.468654+00:00"
"CMD-8E9F1E8CDA94",User1,"PLC-001",read,"HR_40003",,normal,"2026-04-22T16:50:31.742783+00:00"
"CMD-395931489873",Admin1,"PLC-001",write,"HR_40005",17945,normal,"2026-04-22T16:50:26.919935+00:00"
"CMD-992AC74701E8",User1,"PLC-001",read,"HR_40005",,normal,"2026-04-22T16:50:20.112851+00:00"
"CMD-2195C6458092",Admin1,"PLC-001",read,"HR_40003",,normal,"2026-04-22T16:50:12.877347+00:00"
"CMD-D89CD59371E7",Admin1,"PLC-001",read,"HR_40001",,critical,"2026-04-22T16:50:08.203508+00:00"
"CMD-E7F92E94A2C6",Admin1,"PLC-001",read,"HR_40005",,normal,"2026-04-22T16:50:03.484518+00:00"
"CMD-492DB442D97D",User1,"PLC-001",read,"HR_40002",,normal,"2026-04-22T16:49:56.567979+00:00"
"CMD-29F8C8F23A9B",Admin1,"PLC-001",write,"HR_40002",3297,critical,"2026-04-22T16:49:51.905917+00:00"
"CMD-BFC78B067836",User1,"PLC-001",read,"HR_40001",,normal,"2026-04-22T16:49:44.595453+00:00"
"CMD-48D5F40B9BA4",Admin1,"PLC-001",read,"HR_40005",,normal,"2026-04-22T16:49:37.966344+00:00"
"CMD-0789895F3BBD",User1,"PLC-001",read,"HR_40005",,normal,"2026-04-22T16:49:31.117605+00:00"
"CMD-023AE8A00078",Admin1,"PLC-001",write,"HR_40005",2110,critical,"2026-04-22T16:49:26.413302+00:00"
"CMD-1CE9FAFA502F",Admin1,"PLC-001",read,"HR_40002",,normal,"2026-04-22T16:49:20.920082+00:00"
"CMD-00AFA23D5DA5",Admin1,"PLC-001",write,"HR_40004",2808,critical,"2026-04-22T16:49:18.477364+00:00"
"CMD-3A9492B954BD",User1,"PLC-001",read,"HR_40004",,normal,"2026-04-22T16:49:10.939074+00:00"
"CMD-B6385B705A3D",Admin1,"PLC-001",write,"HR_40002",4774,normal,"2026-04-22T16:49:08.458123+00:00"
"CMD-EB2585B742CA",User1,"PLC-001",read,"HR_40004",,normal,"2026-04-22T16:49:01.843263+00:00"
"CMD-C8509C00C97D",Admin1,"PLC-001",write,"HR_40001",2072,normal,"2026-04-22T16:48:57.288938+00:00"
"CMD-0C362C7BFC79",Admin1,"PLC-001",read,"HR_40005",,critical,"2026-04-22T16:48:52.407605+00:00"
"CMD-8C60AFEB770E",User1,"PLC-001",read,"HR_40005",,critical,"2026-04-22T16:48:45.626390+00:00"
"CMD-7A44C0E22211",User1,"PLC-001",read,"HR_40004",,critical,"2026-04-22T16:48:40.991714+00:00"
"CMD-029B53344044",User1,"PLC-001",read,"HR_40005",,critical,"2026-04-22T16:48:36.064644+00:00"
"CMD-E6BC56B606ED",User1,"PLC-001",read,"HR_40002",,normal,"2026-04-22T16:48:31.190456+00:00"
"CMD-BD12E8D4C153",Admin1,"PLC-001",read,"HR_40002",,normal,"2026-04-22T16:48:23.850979+00:00"
"CMD-C91B3F7A65FF",User1,"PLC-001",read,"HR_40001",,critical,"2026-04-22T16:48:17.058712+00:00"
"CMD-5E5199ECB76B",User1,"PLC-001",read,"HR_40004",,critical,"2026-04-22T16:48:12.307096+00:00"
"CMD-C93CBC960C69",Admin1,"PLC-001",write,"HR_40004",16809,critical,"2026-04-22T16:48:07.429091+00:00"
"CMD-50BACFC7769C",User1,"PLC-001",read,"HR_40003",,critical,"2026-04-22T16:48:00.686466+00:00"
"CMD-716D57B463BC",User1,"PLC-001",read,"HR_40002",,critical,"2026-04-22T16:47:55.815023+00:00"
"CMD-B41BE46409EB",Admin1,"PLC-001",read,"HR_40001",,normal,"2026-04-22T16:47:48.592528+00:00"
"CMD-539EA5AC2DB7",Admin1,"PLC-001",read,"HR_40002",,critical,"2026-04-22T16:47:43.577677+00:00"
"CMD-E84D02F0163D",User1,"PLC-001",read,"HR_40004",,normal,"2026-04-22T16:47:36.582933+00:00"
"CMD-A31A305C2AE3",Admin1,"PLC-001",read,"HR_40003",,normal,"2026-04-22T16:47:29.737812+00:00"
"CMD-A00F8D5A56F2",Admin1,"PLC-001",read,"HR_40005",,critical,"2026-04-22T16:47:24.784120+00:00"
"CMD-F17794FBF110",User1,"PLC-001",read,"HR_40001",,critical,"2026-04-22T16:47:17.729983+00:00"
"CMD-BE1736E087E0",User1,"PLC-001",read,"HR_40003",,normal,"2026-04-22T16:47:12.846106+00:00"
"CMD-61998883669B",User1,"PLC-001",read,"HR_40002",,normal,"2026-04-22T16:47:08.258983+00:00"
"CMD-0339C8709AE9",User1,"PLC-001",read,"HR_40004",,critical,"2026-04-22T16:47:03.697950+00:00"
"CMD-300E6A1759B9",User1,"PLC-001",read,"HR_40004",,normal,"2026-04-22T16:46:59.004834+00:00"
"CMD-D923C4BAAA51",User1,"PLC-001",read,"HR_40005",,normal,"2026-04-22T16:46:53.845443+00:00"
"CMD-E47B25EDAF29",Admin1,"PLC-001",write,"HR_40005",6628,normal,"2026-04-22T16:46:49.300679+00:00"
"CMD-760C08EC1EE7",User1,"PLC-001",read,"HR_40003",,normal,"2026-04-22T16:46:42.007090+00:00"
"CMD-2D393E45BB02",User1,"PLC-001",read,"HR_40002",,critical,"2026-04-22T16:46:36.983340+00:00"
"CMD-72D337E544FE",Admin1,"PLC-001",read,"HR_40003",,normal,"2026-04-22T16:46:29.804496+00:00"
"CMD-9E74FE16FE25",User1,"PLC-001",read,"HR_40004",,normal,"2026-04-22T16:46:23.262056+00:00"
"CMD-B503D6829354",User1,"PLC-001",read,"HR_40001",,normal,"2026-04-22T16:46:17.985222+00:00"
"CMD-E00D1B7850AA",Admin1,"PLC-001",read,"HR_40003",,critical,"2026-04-22T16:46:10.967232+00:00"
"CMD-42C00E86F549",Admin1,"PLC-001",read,"HR_40001",,normal,"2026-04-22T16:46:06.076674+00:00"
"CMD-79CD214506AA",User1,"PLC-001",read,"HR_40004",,normal,"2026-04-22T16:45:58.341967+00:00"
"CMD-98E428B583E2",Admin1,"PLC-001",write,"HR_40002",674,critical,"2026-04-22T16:45:53.878658+00:00"
"CMD-451ADE903AC0",Admin1,"PLC-001",write,"HR_40003",4794,normal,"2026-04-22T16:45:51.324497+00:00"
"CMD-6080F644C0A8",User1,"PLC-001",read,"HR_40004",,normal,"2026-04-22T16:45:44.010661+00:00"
"CMD-B5C0CB13C29F",User1,"PLC-001",read,"HR_40004",,normal,"2026-04-22T16:45:39.142312+00:00"
"CMD-1DF90304E896",User1,"PLC-001",read,"HR_40005",,critical,"2026-04-22T16:45:34.173285+00:00"
"CMD-66E532722A49",User1,"PLC-001",read,"HR_40002",,critical,"2026-04-22T16:45:29.067641+00:00"
"CMD-BEA897DCB2D9",Admin1,"PLC-001",read,"HR_40001",,critical,"2026-04-22T16:45:21.088099+00:00"
"CMD-A1360E2D5A07",User1,"PLC-001",read,"HR_40005",,critical,"2026-04-22T16:45:13.087617+00:00"
"CMD-5370CD9B5C53",Admin1,"PLC-001",read,"HR_40001",,normal,"2026-04-22T16:45:05.231743+00:00"
"CMD-8C862522DECD",Admin1,"PLC-001",write,"HR_40001",7112,normal,"2026-04-22T16:45:02.736943+00:00"
"CMD-BE5C3146D6AB",Admin1,"PLC-001",write,"HR_40002",2257,critical,"2026-04-22T16:44:59.986244+00:00"
"CMD-862648B43E2A",Admin1,"PLC-001",write,"HR_40005",31096,critical,"2026-04-22T16:44:56.746284+00:00"
"CMD-5B4C5BE0E37C",Admin1,"PLC-001",write,"HR_40002",27736,critical,"2026-04-22T16:44:53.467404+00:00"
"CMD-E6AB15CF5F76",Admin1,"PLC-001",write,"HR_40003",2539,critical,"2026-04-22T16:44:50.879464+00:00"
"CMD-206DBA44CC4C",Admin1,"PLC-001",write,"HR_40005",7756,critical,"2026-04-22T16:44:48.335293+00:00"
"CMD-805F15B2C44E",User1,"PLC-001",read,"HR_40002",,critical,"2026-04-22T16:44:41.119441+00:00"
"CMD-9AF96E7DC19A",Admin1,"PLC-001",read,"HR_40002",,critical,"2026-04-22T16:44:32.603761+00:00"
"CMD-043CC36E1E29",Admin1,"PLC-001",write,"HR_40004",21519,critical,"2026-04-22T16:44:30.353080+00:00"
"CMD-CFB4E0137BFB",User1,"PLC-001",read,"HR_40005",,critical,"2026-04-22T16:44:23.459256+00:00"
"CMD-28CF1712AB52",Admin1,"PLC-001",read,"HR_40002",,critical,"2026-04-22T16:44:16.758526+00:00"
"CMD-68892D2393D4",Admin1,"PLC-001",read,"HR_40002",,normal,"2026-04-22T16:44:11.176496+00:00"
"CMD-2DFCB38AC4D1",Admin1,"PLC-001",read,"HR_40003",,critical,"2026-04-22T16:44:06.060563+00:00"
"CMD-91F58E2FE289",User1,"PLC-001",read,"HR_40005",,critical,"2026-04-22T16:43:59.332580+00:00"
"CMD-A8929CE7A542",User1,"PLC-001",read,"HR_40005",,critical,"2026-04-22T16:43:54.133087+00:00"
"CMD-EBBC1452CD59",Admin1,"PLC-001",read,"HR_40001",,normal,"2026-04-22T16:43:47.145279+00:00"
"CMD-A4D80C993175",User1,"PLC-001",read,"HR_40002",,critical,"2026-04-22T16:43:40.209225+00:00"
"CMD-098026F3E59C",Admin1,"PLC-001",read,"HR_40005",,normal,"2026-04-22T16:43:33.582479+00:00"
"CMD-8DE9796E9F56",Admin1,"PLC-001",read,"HR_40003",,normal,"2026-04-22T16:43:27.911717+00:00"
"CMD-F9FB47E9B2E5",Admin1,"PLC-001",write,"HR_40002",2527,normal,"2026-04-22T16:43:25.530102+00:00"
"CMD-1C138810DF39",User1,"PLC-001",read,"HR_40004",,critical,"2026-04-22T16:43:18.841292+00:00"
"CMD-A5810B9F5B51",Admin1,"PLC-001",read,"HR_40004",,critical,"2026-04-22T16:43:11.555069+00:00"
"CMD-9F51E6944C5B",Admin1,"PLC-001",read,"HR_40004",,normal,"2026-04-22T16:43:05.481110+00:00"
"CMD-36C486736E38",Admin1,"PLC-001",write,"HR_40003",7394,normal,"2026-04-22T16:43:03.080263+00:00"
"CMD-ECD7874C4C91",Admin1,"PLC-001",read,"HR_40002",,normal,"2026-04-22T16:42:58.046599+00:00"
"CMD-C9848B9E0AC3",Admin1,"PLC-001",read,"HR_40001",,normal,"2026-04-22T16:42:52.679518+00:00"
"CMD-E013EA856EE2",Admin1,"PLC-001",write,"HR_40005",17093,normal,"2026-04-22T16:42:49.991613+00:00"
"CMD-D08FAB3F2C72",Admin1,"PLC-001",write,"HR_40004",16560,critical,"2026-04-22T16:42:47.379076+00:00"
"CMD-38C1FC6A74F4",User1,"PLC-001",read,"HR_40004",,normal,"2026-04-22T16:42:40.355218+00:00"
"CMD-71FA746E31F4",Admin1,"PLC-001",write,"HR_40002",13228,normal,"2026-04-22T16:42:35.758451+00:00"
"CMD-4E64F379CA6E",Admin1,"PLC-001",write,"HR_40004",5970,critical,"2026-04-22T16:42:32.884874+00:00"
"CMD-EEC383002E87",Admin1,"PLC-001",read,"HR_40002",,critical,"2026-04-22T16:42:27.583093+00:00"
"CMD-BF45B043379F",User1,"PLC-001",read,"HR_40003",,normal,"2026-04-22T16:42:20.119766+00:00"
"CMD-F766CCD7B506",User1,"PLC-001",read,"HR_40004",,normal,"2026-04-22T16:42:15.109087+00:00"
"CMD-9B8132E78FCA",User1,"PLC-001",read,"HR_40002",,normal,"2026-04-22T16:42:10.189022+00:00"
"CMD-8686EAAD63E6",User1,"PLC-001",read,"HR_40004",,critical,"2026-04-22T16:42:05.410642+00:00"
"CMD-2D7DB5BF623D",Admin1,"PLC-001",write,"HR_40001",33292,critical,"2026-04-22T16:42:00.653749+00:00"
"CMD-7D2E559108F6",Admin1,"PLC-001",read,"HR_40001",,normal,"2026-04-22T16:41:56.113744+00:00"
"CMD-244D46BAAFB7",User1,"PLC-001",read,"HR_40001",,critical,"2026-04-22T16:41:49.343013+00:00"
"CMD-A6D294936332",User1,"PLC-001",read,"HR_40004",,normal,"2026-04-22T16:41:44.652923+00:00"
"CMD-F12BD76C897D",User1,"PLC-001",read,"HR_40005",,normal,"2026-04-22T16:41:40.203561+00:00"
"CMD-465D25656214",Admin1,"PLC-001",read,"HR_40005",,critical,"2026-04-22T16:41:33.099154+00:00"
"CMD-80984FEBD018",User1,"PLC-001",read,"HR_40001",,critical,"2026-04-22T16:41:26.079114+00:00"
"CMD-8E8BEBF58186",Admin1,"PLC-001",write,"HR_40001",5507,critical,"2026-04-22T16:41:21.448741+00:00"
"CMD-7069FDF5F157",Admin1,"PLC-001",write,"HR_40001",42114,critical,"2026-04-22T16:41:19.068163+00:00"
"CMD-E3A0715A6D94",Admin1,"PLC-001",read,"HR_40001",,critical,"2026-04-22T16:41:14.487396+00:00"
"CMD-5F671ACF9DF6",User1,"PLC-001",read,"HR_40001",,critical,"2026-04-22T16:41:06.904153+00:00"
"CMD-036D8807C4B5",Admin1,"PLC-001",write,"HR_40002",21886,normal,"2026-04-22T16:41:02.372726+00:00"
"CMD-E4A886F5BAE6",Admin1,"PLC-001",read,"HR_40005",,critical,"2026-04-22T16:40:57.663000+00:00"
"CMD-A48E61AA26D9",User1,"PLC-001",read,"HR_40005",,normal,"2026-04-22T16:40:49.689352+00:00"
"CMD-35213B26CD9D",Admin1,"PLC-001",write,"HR_40005",19986,normal,"2026-04-22T16:40:47.280634+00:00"
"CMD-60B49905D7A6",User1,"PLC-001",read,"HR_40002",,critical,"2026-04-22T16:40:40.571005+00:00"
"CMD-543EF18051BA",Admin1,"PLC-001",read,"HR_40005",,normal,"2026-04-22T16:40:33.672732+00:00"
"CMD-F233BD332BDE",User1,"PLC-001",read,"HR_40005",,normal,"2026-04-22T16:40:26.293726+00:00"
"CMD-78EEA8250742",User1,"PLC-001",read,"HR_40002",,critical,"2026-04-22T16:40:21.637080+00:00"
"CMD-1C65BF72B89F",User1,"PLC-001",read,"HR_40002",,normal,"2026-04-22T16:40:17.011822+00:00"
"CMD-B6BD3DB3355E",Admin1,"PLC-001",read,"HR_40003",,critical,"2026-04-22T16:40:10.096988+00:00"
"CMD-D59C87736A85",User1,"PLC-001",read,"HR_40005",,normal,"2026-04-22T16:40:03.364572+00:00"
"CMD-8BD6F924EC77",User1,"PLC-001",read,"HR_40003",,critical,"2026-04-22T16:39:58.378484+00:00"
"CMD-BEC66AEDC288",Admin1,"PLC-001",write,"HR_40004",5198,critical,"2026-04-22T16:39:53.833101+00:00"
"CMD-CF6029AD03AA",Admin1,"PLC-001",read,"HR_40003",,critical,"2026-04-22T16:39:48.635887+00:00"
"CMD-13F0640D0615",User1,"PLC-001",read,"HR_40003",,normal,"2026-04-22T16:39:41.616386+00:00"
"CMD-FE9DEFCDC427",User1,"PLC-001",read,"HR_40005",,normal,"2026-04-22T16:39:37.060958+00:00"
"CMD-66BFF9C4FAC5",Admin1,"PLC-001",read,"HR_40001",,critical,"2026-04-22T16:39:29.042085+00:00"
"CMD-DFA70E29B353",Admin1,"PLC-001",write,"HR_40003",28868,critical,"2026-04-22T16:39:26.653562+00:00"
"CMD-9068FF02FDF0",User1,"PLC-001",read,"HR_40002",,critical,"2026-04-22T16:39:19.835372+00:00"
"CMD-6E8647FB773A",Admin1,"PLC-001",read,"HR_40002",,normal,"2026-04-22T16:39:12.841531+00:00"
"CMD-900F9E55B49F",Admin1,"PLC-001",read,"HR_40002",,normal,"2026-04-22T16:39:07.522216+00:00"
"CMD-E004D96A8755",User1,"PLC-001",read,"HR_40001",,critical,"2026-04-22T16:39:00.152355+00:00"
"CMD-962E4AC600D4",User1,"PLC-001",read,"HR_40002",,normal,"2026-04-22T16:38:55.307879+00:00"
"CMD-B033B9B29EE9",User1,"PLC-001",read,"HR_40001",,normal,"2026-04-22T16:38:50.435590+00:00"
"CMD-B3C21C19CD91",Admin1,"PLC-001",read,"HR_40003",,critical,"2026-04-22T16:38:42.625362+00:00"
"CMD-469EA8DDEF53",Admin1,"PLC-001",write,"HR_40003",42637,normal,"2026-04-22T16:38:40.110079+00:00"
"CMD-945084BF0572",Admin1,"PLC-001",read,"HR_40004",,normal,"2026-04-22T16:38:35.316126+00:00"
"CMD-32DADEBBF2E8",User1,"PLC-001",read,"HR_40002",,normal,"2026-04-22T16:38:28.321760+00:00"
"CMD-7894BAA4FE2E",Admin1,"PLC-001",read,"HR_40001",,critical,"2026-04-22T16:38:21.585342+00:00"
"CMD-192B942BA4E2",User1,"PLC-001",read,"HR_40001",,normal,"2026-04-22T16:38:14.918707+00:00"
"CMD-103F34447C2D",User1,"PLC-001",read,"HR_40001",,normal,"2026-04-22T16:38:09.589272+00:00"
"CMD-A8436387C569",Admin1,"PLC-001",read,"HR_40003",,normal,"2026-04-22T16:38:02.936606+00:00"
"CMD-38D924D9ABC8",User1,"PLC-001",read,"HR_40002",,normal,"2026-04-22T16:37:56.032959+00:00"
"CMD-B2B3966EB071",User1,"PLC-001",read,"HR_40005",,normal,"2026-04-22T16:37:51.276882+00:00"
"CMD-5892DD33A0DE",User1,"PLC-001",read,"HR_40002",,normal,"2026-04-22T16:37:46.179276+00:00"
"CMD-EE16925E8556",User1,"PLC-001",read,"HR_40001",,normal,"2026-04-22T16:37:41.376924+00:00"
"CMD-6CBD1B4B6A00",Admin1,"PLC-001",read,"HR_40002",,critical,"2026-04-22T16:37:33.539781+00:00"
"CMD-5CE30946E611",Admin1,"PLC-001",write,"HR_40004",6624,critical,"2026-04-22T16:37:30.836332+00:00"
"CMD-325628AFAB22",Admin1,"PLC-001",write,"HR_40003",1509,normal,"2026-04-22T16:37:28.143275+00:00"
"CMD-EF16BA84C6C2",Admin1,"PLC-001",read,"HR_40003",,normal,"2026-04-22T16:37:22.201866+00:00"
"CMD-FE13CC733518",Admin1,"PLC-001",write,"HR_40001",44620,critical,"2026-04-22T16:37:19.762516+00:00"
"CMD-2B0F89DA7B60",Admin1,"PLC-001",read,"HR_40004",,normal,"2026-04-22T16:37:14.099271+00:00"
"CMD-1789286AEF2C",Admin1,"PLC-001",write,"HR_40005",4068,critical,"2026-04-22T16:37:11.410074+00:00"
"CMD-E64D171A4A36",Admin1,"PLC-001",write,"HR_40005",1420,normal,"2026-04-22T16:37:09.081743+00:00"
"CMD-582AFEBC470F",User1,"PLC-001",read,"HR_40003",,normal,"2026-04-22T16:37:02.443423+00:00"
"CMD-AB656BDE1AFC",User1,"PLC-001",read,"HR_40005",,normal,"2026-04-22T16:36:57.092445+00:00"
"CMD-1902935C668D",User1,"PLC-001",read,"HR_40004",,critical,"2026-04-22T18:10:27.751045+00:00"
