"command_id",user,status,timestamp
"CMD-00200F4A2D18",Admin1,success,"2026-04-22T15:53:50.029631"
"CMD-003B6143B1B0",Admin1,success,"2026-04-22T17:42:17.920060"
"CMD-003E97221798",User1,success,"2026-04-22T16:53:56.039182"
"CMD-004BEE8D6E8A",Admin1,success,"2026-04-22T16:03:53.775274"
"CMD-006000070A4A",User1,success,"2026-04-22T15:06:13.303221"
"CMD-007F68DCDB59",User1,success,"2026-04-22T18:05:17.001496"
"CMD-00A7754B01D7",Admin1,success,"2026-04-22T15:17:14.089485"
"CMD-00AFA23D5DA5",Admin1,success,"2026-04-22T16:49:21.999418"
"CMD-00E580DB2B92",Admin1,success,"2026-04-22T15:31:07.202903"
"CMD-00E69ECBE5DF",Admin1,success,"2026-04-22T16:53:40.314690"
"CMD-0110B9FDB527",Admin1,success,"2026-04-22T16:25:35.240690"
"CMD-01168E62E7E6",Admin1,success,"2026-04-22T15:49:50.549994"
"CMD-011E1A4823A0",User1,success,"2026-04-22T15:27:53.181033"
"CMD-018B6C232953",Admin1,success,"2026-04-22T14:58:41.385175"
"CMD-01A3E2F10C5E",Admin1,success,"2026-04-22T17:48:54.110901"
"CMD-01B5E8508436",User1,success,"2026-04-22T17:53:09.310448"
"CMD-02190CB06D30",Admin1,success,"2026-04-22T16:19:30.880815"
"CMD-02236878A165",User1,success,"2026-04-22T16:36:54.938500"
"CMD-023AE8A00078",Admin1,success,"2026-04-22T16:49:30.338873"
"CMD-02690C5A3FCD",Admin1,success,"2026-04-22T16:17:25.598171"
"CMD-0270FEC40BCD",User1,success,"2026-04-22T15:45:02.558112"
"CMD-02828D3347A2",Admin1,success,"2026-04-22T16:26:08.527270"
"CMD-029269053309",Admin1,success,"2026-04-22T14:56:27.323520"
"CMD-029B53344044",User1,success,"2026-04-22T16:48:38.435530"
"CMD-02A2E499D06C",Admin1,success,"2026-04-22T15:43:39.385937"
"CMD-02D8A2DD75CF",Admin1,success,"2026-04-22T16:00:35.796709"
"CMD-02EF3C4665F0",Admin1,success,"2026-04-22T16:27:19.787312"
"CMD-0339C8709AE9",User1,success,"2026-04-22T16:47:06.063850"
"CMD-033C531BD1CB",Admin1,success,"2026-04-22T16:36:06.790013"
"CMD-03476E962D8C",User1,success,"2026-04-22T16:29:32.327112"
"CMD-0352221E7414",User1,success,"2026-04-22T15:18:25.992434"
"CMD-036D8807C4B5",Admin1,success,"2026-04-22T16:41:06.073117"
"CMD-04044E1274AF",Admin1,success,"2026-04-22T15:22:46.539483"
"CMD-0438A1D776BC",User1,success,"2026-04-22T15:44:08.510581"
"CMD-043CC36E1E29",Admin1,success,"2026-04-22T16:44:34.066535"
"CMD-043F9FF888AE",Admin1,success,"2026-04-22T16:03:23.908015"
"CMD-0451035422C6",Admin1,success,"2026-04-22T15:42:23.653881"
"CMD-045A994D3EAF",Admin1,success,"2026-04-22T14:48:44.199475"
"CMD-045D57EAB218",User1,success,"2026-04-22T16:07:13.402427"
"CMD-0460BABC23F2",Admin1,success,"2026-04-22T15:24:27.927952"
"CMD-04829715E6AA",User1,success,"2026-04-22T16:06:11.061146"
"CMD-04A6A206BEF8",Admin1,success,"2026-04-22T18:08:42.075429"
"CMD-04B0AD8CF9C4",User1,success,"2026-04-22T16:07:17.891810"
"CMD-04CE7C49AC98",Admin1,success,"2026-04-22T15:59:05.155110"
"CMD-04E0D7F6C639",Admin1,success,"2026-04-22T14:45:13.796631"
"CMD-04E2358CB8C9",User1,success,"2026-04-22T17:27:18.902922"
"CMD-04EB076F899E",Admin1,success,"2026-04-22T17:35:50.550346"
"CMD-04EF1835AD22",Admin1,success,"2026-04-22T16:25:24.771499"
"CMD-04F6A144D685",Admin1,success,"2026-04-22T16:56:54.837346"
"CMD-04FA106DCCE8",Admin1,success,"2026-04-22T17:11:54.306004"
"CMD-0507262BA93C",Admin1,success,"2026-04-22T15:13:55.077211"
"CMD-0519D043A223",Admin1,success,"2026-04-22T17:46:39.180859"
"CMD-0539B1CFBC4F",User1,success,"2026-04-22T16:50:52.075761"
"CMD-054731DDDF07",User1,success,"2026-04-22T15:02:48.543638"
"CMD-054E25ED1FFE",User1,success,"2026-04-22T14:49:46.299913"
"CMD-056EAAD4AB89",User1,success,"2026-04-22T15:23:03.235762"
"CMD-05767267016C",Admin1,success,"2026-04-22T17:02:23.884424"
"CMD-058E1A420B1B",Admin1,success,"2026-04-22T18:08:01.485495"
"CMD-058E1CD22C2C",Admin1,success,"2026-04-22T15:22:04.660739"
"CMD-059A84B2E9FB",User1,success,"2026-04-22T14:52:14.344155"
"CMD-06892F5FEFE1",Admin1,success,"2026-04-22T14:51:34.779735"
"CMD-068B7521A993",Admin1,success,"2026-04-22T16:56:16.639732"
"CMD-068B79E26525",Admin1,success,"2026-04-22T16:00:26.688855"
"CMD-0699726A395F",Admin1,success,"2026-04-22T15:11:18.446591"
"CMD-069979EE909C",Admin1,success,"2026-04-22T16:01:24.539453"
"CMD-06AF737D0B96",Admin1,success,"2026-04-22T15:54:11.199977"
"CMD-0715B8A92323",Admin1,success,"2026-04-22T16:12:10.487297"
"CMD-0730445ABDB5",User1,success,"2026-04-22T16:08:54.508576"
"CMD-0771384444C0",Admin1,success,"2026-04-22T17:00:24.297576"
"CMD-078205A99B3F",User1,success,"2026-04-22T18:05:27.386524"
"CMD-0789895F3BBD",User1,success,"2026-04-22T16:49:33.634467"
"CMD-07D7EFB4DDE6",User1,success,"2026-04-22T14:44:27.856572"
"CMD-07E0EE917E88",User1,success,"2026-04-22T17:05:59.522865"
"CMD-081488AAFBB3",Admin1,success,"2026-04-22T15:33:38.846721"
"CMD-081F41B59C38",Admin1,success,"2026-04-22T16:54:09.143373"
"CMD-0835ADACF833",User1,success,"2026-04-22T16:10:28.203880"
"CMD-083A791FC394",Admin1,success,"2026-04-22T15:31:58.959084"
"CMD-08577EE7A4D5",User1,success,"2026-04-22T16:51:26.340879"
"CMD-0896DDFF250B",Admin1,success,"2026-04-22T14:50:23.548195"
"CMD-089C4B9B5C12",User1,success,"2026-04-22T16:26:54.200135"
"CMD-08C035DBD6A1",Admin1,success,"2026-04-22T17:09:01.948489"
"CMD-09384FD1DBA9",User1,success,"2026-04-22T14:54:05.824200"
"CMD-093A5CA556AE",Admin1,success,"2026-04-22T16:03:29.651405"
"CMD-09507AADE439",User1,success,"2026-04-22T17:06:53.485791"
"CMD-095FF56C209A",Admin1,success,"2026-04-22T16:15:41.507832"
"CMD-0961C9BDA6AC",User1,success,"2026-04-22T17:18:34.657381"
"CMD-0974BDC276F9",User1,success,"2026-04-22T18:02:59.741722"
"CMD-098026F3E59C",Admin1,success,"2026-04-22T16:43:36.131907"
"CMD-09878A2E4986",Admin1,success,"2026-04-22T15:59:09.971013"
"CMD-099CD111AB6B",User1,success,"2026-04-22T17:37:23.241592"
"CMD-099FC84A31F7",User1,success,"2026-04-22T14:56:54.215784"
"CMD-09CB99587370",Admin1,success,"2026-04-22T17:15:34.537446"
"CMD-0A18C5E6924E",User1,success,"2026-04-22T14:48:29.139170"
"CMD-0A2E7FC9A0A7",Admin1,success,"2026-04-22T17:27:35.553824"
"CMD-0A48C599581E",User1,success,"2026-04-22T15:06:30.009594"
"CMD-0A48E2C62B69",User1,success,"2026-04-22T15:39:37.548668"
"CMD-0A563A346588",User1,success,"2026-04-22T15:58:41.057598"
"CMD-0A6A6F1A296F",Admin1,success,"2026-04-22T17:10:55.267476"
"CMD-0A93EB8AC158",User1,success,"2026-04-22T17:35:39.416769"
"CMD-0A9E4B114F2F",User1,success,"2026-04-22T17:13:34.860854"
"CMD-0AAB64C8A5E9",Admin1,success,"2026-04-22T18:06:37.015913"
"CMD-0ABC52200F71",Admin1,success,"2026-04-22T16:07:56.077497"
"CMD-0ABF67045084",Admin1,success,"2026-04-22T15:23:48.504278"
"CMD-0ACA930440FB",Admin1,success,"2026-04-22T17:09:37.694663"
"CMD-0B05E12DC5DE",User1,success,"2026-04-22T16:11:11.619951"
"CMD-0B9070645339",Admin1,success,"2026-04-22T14:55:17.004942"
"CMD-0C12A8C8FC07",User1,success,"2026-04-22T15:45:59.665577"
"CMD-0C362C7BFC79",Admin1,success,"2026-04-22T16:48:54.749834"
"CMD-0C8C0984AF2E",User1,success,"2026-04-22T14:42:37.243651"
"CMD-0C91577E4D56",Admin1,success,"2026-04-22T16:14:02.052437"
"CMD-0C9F549EE6C2",Admin1,success,"2026-04-22T15:42:50.184649"
"CMD-0CC5C39F7C79",Admin1,success,"2026-04-22T15:13:14.435675"
"CMD-0CC8FDCB083F",User1,success,"2026-04-22T15:24:16.371008"
"CMD-0CEC70B1B8F3",User1,success,"2026-04-22T17:36:45.731576"
"CMD-0D0EA0FE3365",Admin1,success,"2026-04-22T17:04:04.399370"
"CMD-0D1A5F4FE860",User1,success,"2026-04-22T17:34:15.870778"
"CMD-0D567533791A",Admin1,success,"2026-04-22T16:29:29.563023"
"CMD-0D7D67435904",User1,success,"2026-04-22T17:44:19.531531"
"CMD-0D9D60700993",Admin1,success,"2026-04-22T17:06:10.617113"
"CMD-0DA752D491B5",Admin1,success,"2026-04-22T17:19:15.952155"
"CMD-0DB4A5461BAF",Admin1,success,"2026-04-22T16:16:12.730653"
"CMD-0DBF1D2D494A",User1,success,"2026-04-22T15:03:29.143029"
"CMD-0DC7BDF55836",User1,success,"2026-04-22T16:06:24.904969"
"CMD-0DED505A997D",Admin1,success,"2026-04-22T17:33:05.922675"
"CMD-0E0A069656F7",Admin1,success,"2026-04-22T15:28:49.830390"
"CMD-0E1740EA19F1",Admin1,success,"2026-04-22T17:39:34.650955"
"CMD-0E7647197DA0",User1,success,"2026-04-22T15:00:00.582751"
"CMD-0EF08576C4B4",User1,success,"2026-04-22T15:48:15.269846"
"CMD-0EF0BADEA57E",Admin1,success,"2026-04-22T17:02:19.554119"
"CMD-0EFEBD7C8332",Admin1,success,"2026-04-22T15:02:12.818695"
"CMD-0F265DC41A93",Admin1,success,"2026-04-22T18:00:47.811053"
"CMD-0F3ACD81905E",Admin1,success,"2026-04-22T16:55:56.105090"
"CMD-0F5329D3EE46",User1,success,"2026-04-22T16:24:29.356502"
"CMD-0F684CE5A75C",Admin1,success,"2026-04-22T15:40:40.893140"
"CMD-0FC9274D192E",User1,success,"2026-04-22T14:58:48.146741"
"CMD-0FCA6130783C",Admin1,success,"2026-04-22T17:49:47.287041"
"CMD-0FD3D064AD3C",Admin1,success,"2026-04-22T17:41:10.187369"
"CMD-0FD93D5F6C75",User1,success,"2026-04-22T15:04:39.178084"
"CMD-1013094E3E13",User1,success,"2026-04-22T15:56:00.205263"
"CMD-101AB1266175",User1,success,"2026-04-22T15:17:25.387521"
"CMD-103F34447C2D",User1,success,"2026-04-22T16:38:12.062711"
"CMD-1070A63541DE",User1,success,"2026-04-22T14:57:13.262595"
"CMD-10A3775BD6C6",Admin1,success,"2026-04-22T18:01:18.182374"
"CMD-10C23C7D2C83",User1,success,"2026-04-22T14:52:49.443125"
"CMD-115F7AF772B4",Admin1,success,"2026-04-22T17:54:11.803236"
"CMD-116782583766",User1,success,"2026-04-22T15:02:05.925829"
"CMD-116848FD76E4",User1,success,"2026-04-22T16:02:03.881951"
"CMD-11CD2B43C7BF",Admin1,success,"2026-04-22T14:45:49.015055"
"CMD-11D2D342D447",User1,success,"2026-04-22T17:21:10.761737"
"CMD-11DE3BAD3B97",User1,success,"2026-04-22T15:10:29.305424"
"CMD-1217EA6DE836",User1,success,"2026-04-22T16:57:38.409637"
"CMD-123E8BC8E515",Admin1,success,"2026-04-22T16:16:30.257854"
"CMD-1262A0833653",User1,success,"2026-04-22T17:07:38.960771"
"CMD-126C43DFD253",Admin1,success,"2026-04-22T15:47:30.633145"
"CMD-127D6623C5FE",Admin1,success,"2026-04-22T15:08:11.445589"
"CMD-12824E5198FE",User1,success,"2026-04-22T15:44:58.098186"
"CMD-130235AB54E1",User1,success,"2026-04-22T17:50:37.171017"
"CMD-1312A4B42F0D",Admin1,success,"2026-04-22T16:20:21.598253"
"CMD-1332BDEAC2FF",Admin1,success,"2026-04-22T17:37:20.123092"
"CMD-136C2C71C52D",User1,success,"2026-04-22T14:54:01.298724"
"CMD-13783F12AEE3",User1,success,"2026-04-22T16:28:29.334233"
"CMD-1383BCACDAF5",Admin1,success,"2026-04-22T14:44:39.850433"
"CMD-13A94097E4E5",Admin1,success,"2026-04-22T17:24:32.803612"
"CMD-13BD895971D2",Admin1,success,"2026-04-22T18:00:50.069669"
"CMD-13DDC33397B9",Admin1,success,"2026-04-22T17:56:58.042281"
"CMD-13F0640D0615",User1,success,"2026-04-22T16:39:44.063872"
"CMD-13F440EA9334",Admin1,success,"2026-04-22T15:48:03.908699"
"CMD-13FCC6ED6A78",Admin1,success,"2026-04-22T16:53:12.554421"
"CMD-1432511634AE",User1,success,"2026-04-22T14:45:05.715699"
"CMD-1434A6F91E84",User1,success,"2026-04-22T15:55:14.694689"
"CMD-143C319A3EB6",User1,success,"2026-04-22T14:57:47.247437"
"CMD-144C1652F35C",User1,success,"2026-04-22T14:43:49.724236"
"CMD-145F91E3E674",Admin1,success,"2026-04-22T16:07:47.452642"
"CMD-1491E280ED52",User1,success,"2026-04-22T16:26:49.634770"
"CMD-1492519304D0",User1,success,"2026-04-22T16:57:10.921373"
"CMD-14CEDABCB4F9",Admin1,success,"2026-04-22T16:25:29.524715"
"CMD-14E8CC1700E5",User1,success,"2026-04-22T16:11:22.415564"
"CMD-15116EECD6C8",User1,success,"2026-04-22T15:10:24.197071"
"CMD-15392BCC89D5",Admin1,success,"2026-04-22T17:28:19.455245"
"CMD-1577EE3B8574",User1,success,"2026-04-22T16:33:10.906747"
"CMD-15E9059176F8",Admin1,success,"2026-04-22T17:35:36.191496"
"CMD-160D13918E95",User1,success,"2026-04-22T17:26:15.220900"
"CMD-164D04C1AFC9",Admin1,success,"2026-04-22T15:48:23.103181"
"CMD-166D20BC8030",Admin1,success,"2026-04-22T16:29:27.042685"
"CMD-168076F207D7",Admin1,success,"2026-04-22T17:19:46.831158"
"CMD-16926F61217B",Admin1,success,"2026-04-22T15:05:03.692574"
"CMD-169A9BE463A7",Admin1,success,"2026-04-22T15:24:04.891100"
"CMD-16A848DAF77D",Admin1,success,"2026-04-22T17:54:01.654472"
"CMD-16D1A876F971",User1,success,"2026-04-22T15:28:42.263411"
"CMD-17024456C3BF",Admin1,success,"2026-04-22T16:07:24.876515"
"CMD-172325AA891F",Admin1,success,"2026-04-22T14:52:26.279592"
"CMD-173BDA4D3385",Admin1,success,"2026-04-22T17:43:18.614616"
"CMD-175922B09C15",Admin1,success,"2026-04-22T15:09:53.795391"
"CMD-175E7189F519",Admin1,success,"2026-04-22T15:29:15.465915"
"CMD-176240C11094",Admin1,success,"2026-04-22T15:56:15.873716"
"CMD-176C29463823",User1,success,"2026-04-22T15:53:34.429017"
"CMD-1772F36582D1",Admin1,success,"2026-04-22T16:33:50.817664"
"CMD-17782D4FAF09",Admin1,success,"2026-04-22T14:55:12.534665"
"CMD-1789286AEF2C",Admin1,success,"2026-04-22T16:37:15.195492"
"CMD-17B0B4B2AACC",Admin1,success,"2026-04-22T15:26:19.899251"
"CMD-180CEE53AAB1",User1,success,"2026-04-22T17:41:42.810390"
"CMD-182668390DFB",User1,success,"2026-04-22T17:36:55.581983"
"CMD-183201F31F87",Admin1,success,"2026-04-22T15:30:11.264817"
"CMD-1846BA43E481",Admin1,success,"2026-04-22T17:44:16.272745"
"CMD-184F526D73A6",Admin1,success,"2026-04-22T14:59:42.932178"
"CMD-18509CEC5793",User1,success,"2026-04-22T15:08:19.888138"
"CMD-1861C2CBA9EA",Admin1,success,"2026-04-22T15:27:59.841699"
"CMD-187BAE97836C",User1,success,"2026-04-22T16:13:04.978689"
"CMD-188410964D02",Admin1,success,"2026-04-22T14:48:41.908034"
"CMD-18A0F038911F",User1,success,"2026-04-22T15:40:10.360981"
"CMD-18A28FDBD9DC",User1,success,"2026-04-22T15:04:43.858315"
"CMD-18AFC7373BB2",Admin1,success,"2026-04-22T14:47:25.693348"
"CMD-18E4CADEFC0F",Admin1,success,"2026-04-22T16:01:50.498151"
"CMD-18FC49505EB6",User1,success,"2026-04-22T15:18:15.938248"
"CMD-1902935C668D",User1,success,"2026-04-22T18:10:30.188331"
"CMD-192B942BA4E2",User1,success,"2026-04-22T16:38:17.402733"
"CMD-192BB1BCCD83",User1,success,"2026-04-22T17:28:31.319685"
"CMD-19632E73F5A1",User1,success,"2026-04-22T14:48:33.850606"
"CMD-1971715A1A29",User1,success,"2026-04-22T15:04:22.898702"
"CMD-197A612ED785",User1,success,"2026-04-22T16:59:34.955193"
"CMD-1986F1C37F0C",Admin1,success,"2026-04-22T16:10:49.589251"
"CMD-19E286511DE3",Admin1,success,"2026-04-22T17:21:22.711148"
"CMD-1A107D8C2673",User1,success,"2026-04-22T17:56:29.299886"
"CMD-1A211AFD2F0D",User1,success,"2026-04-22T15:33:49.688412"
"CMD-1A2265D984FB",Admin1,success,"2026-04-22T15:05:37.635366"
"CMD-1A3E0671B64E",User1,success,"2026-04-22T16:06:15.567137"
"CMD-1A6CD64E1287",Admin1,success,"2026-04-22T16:05:52.244763"
"CMD-1A723234E842",Admin1,success,"2026-04-22T16:52:51.162227"
"CMD-1A7AC8F16512",Admin1,success,"2026-04-22T14:58:36.841574"
"CMD-1A8BAFA65F08",User1,success,"2026-04-22T17:22:58.157204"
"CMD-1AA6C855D44E",User1,success,"2026-04-22T16:55:25.999380"
"CMD-1B2BC4D9694B",Admin1,success,"2026-04-22T15:44:39.239139"
"CMD-1B2D117D8E15",Admin1,success,"2026-04-22T16:15:13.870177"
"CMD-1B531D8941B0",Admin1,success,"2026-04-22T15:05:57.320238"
"CMD-1B8696F9669D",Admin1,success,"2026-04-22T17:48:30.613211"
"CMD-1B91B44898DF",User1,success,"2026-04-22T15:59:20.913614"
"CMD-1BDE1BA3EF26",User1,success,"2026-04-22T17:53:45.906196"
"CMD-1BEC4B392A2B",User1,success,"2026-04-22T15:28:52.097040"
"CMD-1C138810DF39",User1,success,"2026-04-22T16:43:21.522224"
"CMD-1C2C54C07435",User1,success,"2026-04-22T16:23:37.736706"
"CMD-1C65BF72B89F",User1,success,"2026-04-22T16:40:19.531006"
"CMD-1C7B41788E32",User1,success,"2026-04-22T16:04:01.134199"
"CMD-1C9340ABB335",User1,success,"2026-04-22T16:15:02.533383"
"CMD-1CBF76ABE975",Admin1,success,"2026-04-22T17:43:32.487954"
"CMD-1CD0F720D366",Admin1,success,"2026-04-22T17:08:10.777636"
"CMD-1CD5670C47DD",Admin1,success,"2026-04-22T17:54:52.156235"
"CMD-1CD8DE1CE75B",Admin1,success,"2026-04-22T17:20:49.884189"
"CMD-1CE004582AC8",Admin1,success,"2026-04-22T16:59:27.286821"
"CMD-1CE9FAFA502F",Admin1,success,"2026-04-22T16:49:24.258275"
"CMD-1D1668D6121B",User1,success,"2026-04-22T17:25:28.249201"
"CMD-1D4FC83614A4",User1,success,"2026-04-22T17:16:05.116085"
"CMD-1D66DBC54038",User1,success,"2026-04-22T17:06:31.894082"
"CMD-1D8116D25DC7",Admin1,success,"2026-04-22T17:40:13.717504"
"CMD-1D82C87CED70",User1,success,"2026-04-22T14:57:18.151719"
"CMD-1DAD4729F6DD",Admin1,success,"2026-04-22T16:55:19.505753"
"CMD-1DB8DAD0FC97",User1,success,"2026-04-22T17:10:02.202846"
"CMD-1DF90304E896",User1,success,"2026-04-22T16:45:36.684765"
"CMD-1E0DEFD00BED",User1,success,"2026-04-22T16:02:32.424314"
"CMD-1E157E083180",User1,success,"2026-04-22T15:03:15.530599"
"CMD-1E5FFDE8D009",Admin1,success,"2026-04-22T15:07:25.137181"
"CMD-1EF8B3F57615",User1,success,"2026-04-22T15:22:52.987740"
"CMD-1F1EA0D991B1",User1,success,"2026-04-22T17:28:11.278443"
"CMD-1F46B5A8777B",Admin1,success,"2026-04-22T18:05:45.321285"
"CMD-1F6519BC8814",Admin1,success,"2026-04-22T15:26:07.851578"
"CMD-1F7DB3A86C3A",Admin1,success,"2026-04-22T15:37:27.504295"
"CMD-1FBF72DA1EEA",User1,success,"2026-04-22T16:28:01.384695"
"CMD-1FC9D14B6B63",User1,success,"2026-04-22T16:29:16.812343"
"CMD-1FF253663607",Admin1,success,"2026-04-22T14:44:10.907130"
"CMD-1FFCEA4B216D",User1,success,"2026-04-22T15:36:14.986532"
"CMD-20283D0AC06C",Admin1,success,"2026-04-22T17:23:20.479840"
"CMD-2032C9F8C13B",User1,success,"2026-04-22T15:31:42.984491"
"CMD-204817D39E62",Admin1,success,"2026-04-22T15:11:45.718426"
"CMD-205E2981BA0B",User1,success,"2026-04-22T17:19:09.116834"
"CMD-2062EE656806",User1,success,"2026-04-22T17:34:06.226591"
"CMD-206DBA44CC4C",Admin1,success,"2026-04-22T16:44:52.122186"
"CMD-206F3422E39C",User1,success,"2026-04-22T17:32:47.978509"
"CMD-2080B7C2ACCA",User1,success,"2026-04-22T16:31:52.389436"
"CMD-20A66830FFA5",Admin1,success,"2026-04-22T15:10:36.266153"
"CMD-20B2C78EE8A9",User1,success,"2026-04-22T15:58:01.012242"
"CMD-20EFC0B99F8B",User1,success,"2026-04-22T14:52:09.476182"
"CMD-21486499E3A2",Admin1,success,"2026-04-22T16:35:42.668503"
"CMD-215564BCE419",Admin1,success,"2026-04-22T15:02:31.650222"
"CMD-2159506F09F3",User1,success,"2026-04-22T16:31:38.430369"
"CMD-218510B4CC71",User1,success,"2026-04-22T16:52:44.101908"
"CMD-2195C6458092",Admin1,success,"2026-04-22T16:50:15.692118"
"CMD-21AE6447EBB8",User1,success,"2026-04-22T15:02:24.551345"
"CMD-21B3672ABB26",Admin1,success,"2026-04-22T17:30:54.933214"
"CMD-21C2925E7777",User1,success,"2026-04-22T18:03:16.186138"
"CMD-21EB307BB847",User1,success,"2026-04-22T15:31:14.317107"
"CMD-21F9CBE7CB42",User1,success,"2026-04-22T16:02:27.659319"
"CMD-2217CF80E163",User1,success,"2026-04-22T15:43:24.468094"
"CMD-2260452293C0",Admin1,success,"2026-04-22T17:23:57.691973"
"CMD-22D441BC77CA",User1,success,"2026-04-22T14:52:19.255813"
"CMD-22DCF38B4F49",Admin1,success,"2026-04-22T16:20:26.232835"
"CMD-22DD7A72BDB2",Admin1,success,"2026-04-22T15:43:34.524563"
"CMD-22E4F8A723F1",Admin1,success,"2026-04-22T16:27:54.674703"
"CMD-230417E45293",Admin1,success,"2026-04-22T15:50:02.638197"
"CMD-230D52471BE3",Admin1,success,"2026-04-22T16:53:44.734239"
"CMD-231C38F81797",User1,success,"2026-04-22T16:18:19.576841"
"CMD-232430ACA5F7",Admin1,success,"2026-04-22T16:05:42.911535"
"CMD-23321A25E457",Admin1,success,"2026-04-22T15:24:59.078218"
"CMD-2343D2785A44",Admin1,success,"2026-04-22T15:38:23.377984"
"CMD-2395C4F50381",Admin1,success,"2026-04-22T16:53:26.873699"
"CMD-23B5B7FC0FFC",User1,success,"2026-04-22T15:03:50.882975"
"CMD-23C20A4EB4C5",Admin1,success,"2026-04-22T17:22:50.855353"
"CMD-23C33D315829",User1,success,"2026-04-22T15:37:58.757569"
"CMD-23D6147C9A69",User1,success,"2026-04-22T14:55:23.553485"
"CMD-23EC8F33ADB1",Admin1,success,"2026-04-22T17:10:38.833788"
"CMD-23ECACEA9924",Admin1,success,"2026-04-22T14:40:39.531775"
"CMD-2403A8BCE0FC",User1,success,"2026-04-22T15:35:29.310240"
"CMD-2403C5F39919",Admin1,success,"2026-04-22T15:16:11.886486"
"CMD-240C4900F6F7",User1,success,"2026-04-22T15:47:00.634934"
"CMD-244CF716F7D3",Admin1,success,"2026-04-22T18:01:43.072208"
"CMD-244D46BAAFB7",User1,success,"2026-04-22T16:41:51.704147"
"CMD-244E460953E7",Admin1,success,"2026-04-22T15:54:25.760719"
"CMD-248018D925FF",User1,success,"2026-04-22T16:32:27.345157"
"CMD-2512236D8B83",User1,success,"2026-04-22T16:26:45.092751"
"CMD-2528438B7B57",User1,success,"2026-04-22T14:44:32.828792"
"CMD-254C21ABEA64",Admin1,success,"2026-04-22T15:21:40.527084"
"CMD-256E5E197B4F",Admin1,success,"2026-04-22T17:50:05.299048"
"CMD-25DA33920652",User1,success,"2026-04-22T17:08:55.142845"
"CMD-25F47FBE5E35",User1,success,"2026-04-22T16:07:31.558558"
"CMD-25F90640E278",Admin1,success,"2026-04-22T17:17:23.611340"
"CMD-2609BE3CD83B",User1,success,"2026-04-22T18:05:32.003181"
"CMD-260C9ED91653",User1,success,"2026-04-22T15:24:52.530713"
"CMD-261841CE43F6",User1,success,"2026-04-22T17:59:55.654892"
"CMD-2642D6FA6AA9",Admin1,success,"2026-04-22T16:23:23.692448"
"CMD-2664D57B96CD",User1,success,"2026-04-22T15:55:33.759484"
"CMD-26852C34679C",Admin1,success,"2026-04-22T16:32:24.095822"
"CMD-26AE1400D45B",Admin1,success,"2026-04-22T16:01:06.014566"
"CMD-26E9181562F7",User1,success,"2026-04-22T14:50:13.365288"
"CMD-26FB6CF427B9",User1,success,"2026-04-22T15:35:33.894133"
"CMD-2755FD89AA83",User1,success,"2026-04-22T17:35:27.749559"
"CMD-27660ACB0C5B",User1,success,"2026-04-22T17:28:21.966875"
"CMD-27B818094717",User1,success,"2026-04-22T15:08:59.634392"
"CMD-27D429B9E70E",User1,success,"2026-04-22T15:13:47.343592"
"CMD-27D7356190FF",Admin1,success,"2026-04-22T17:32:02.227169"
"CMD-27E62982996F",User1,success,"2026-04-22T17:25:52.215869"
"CMD-280C758621BE",Admin1,success,"2026-04-22T16:57:31.602500"
"CMD-28279692A803",Admin1,success,"2026-04-22T17:33:38.118449"
"CMD-2843D718D718",User1,success,"2026-04-22T16:23:52.218610"
"CMD-287128649681",Admin1,success,"2026-04-22T15:53:45.404670"
"CMD-2872DFD7CB68",User1,success,"2026-04-22T16:03:03.355822"
"CMD-287A43212CB6",User1,success,"2026-04-22T17:58:52.409829"
"CMD-289C9286D649",Admin1,success,"2026-04-22T18:05:49.990788"
"CMD-28A784181A30",Admin1,success,"2026-04-22T17:08:13.324964"
"CMD-28AA18BDBDE9",Admin1,success,"2026-04-22T14:56:08.964629"
"CMD-28CF1712AB52",Admin1,success,"2026-04-22T16:44:19.296556"
"CMD-28D17FAFA05E",User1,success,"2026-04-22T15:49:08.805768"
"CMD-28D657217666",User1,success,"2026-04-22T17:07:43.622928"
"CMD-28F72C57581F",User1,success,"2026-04-22T16:19:09.546963"
"CMD-291A43422A03",Admin1,success,"2026-04-22T17:43:34.737194"
"CMD-293D666F68C5",Admin1,success,"2026-04-22T16:28:17.678977"
"CMD-294B4385D7D0",User1,success,"2026-04-22T16:35:58.789250"
"CMD-2975FCC2D7E0",Admin1,success,"2026-04-22T17:30:39.345272"
"CMD-29A7FDB965A3",User1,success,"2026-04-22T16:12:03.844454"
"CMD-29B3840A6902",User1,success,"2026-04-22T15:58:52.560643"
"CMD-29EC5A7565E7",Admin1,success,"2026-04-22T16:25:37.566931"
"CMD-29F8C8F23A9B",Admin1,success,"2026-04-22T16:49:55.656618"
"CMD-2A1181ADE37E",User1,success,"2026-04-22T16:54:35.897601"
"CMD-2A12B0F9D56F",Admin1,success,"2026-04-22T16:09:09.781546"
"CMD-2A2C66A1739D",Admin1,success,"2026-04-22T15:55:03.413457"
"CMD-2A37469E1BF7",User1,success,"2026-04-22T17:52:28.009693"
"CMD-2A380EFCBA67",Admin1,success,"2026-04-22T14:59:07.617203"
"CMD-2A5CF6C01025",Admin1,success,"2026-04-22T15:01:49.411746"
"CMD-2A8A35443BCE",User1,success,"2026-04-22T18:08:29.852480"
"CMD-2AF10C9645E4",Admin1,success,"2026-04-22T17:11:20.081951"
"CMD-2B0F89DA7B60",Admin1,success,"2026-04-22T16:37:17.546086"
"CMD-2B481CE8BA0D",User1,success,"2026-04-22T16:07:36.111530"
"CMD-2B6C60C846EE",Admin1,success,"2026-04-22T15:03:57.573962"
"CMD-2BA481705B35",Admin1,success,"2026-04-22T15:56:06.857191"
"CMD-2BB0C6517887",User1,success,"2026-04-22T15:46:31.268212"
"CMD-2BC89649556A",User1,success,"2026-04-22T18:02:50.066497"
"CMD-2BD7E30EA031",User1,success,"2026-04-22T15:41:44.975100"
"CMD-2C154091BA6C",User1,success,"2026-04-22T14:45:37.930008"
"CMD-2C1700EEDF15",User1,success,"2026-04-22T18:02:11.226488"
"CMD-2C2A406CE9D1",User1,success,"2026-04-22T17:56:04.374618"
"CMD-2C2A8BB0DCDE",User1,success,"2026-04-22T15:47:52.420035"
"CMD-2C33667165BE",User1,success,"2026-04-22T17:33:31.304256"
"CMD-2C7E8A84118A",User1,success,"2026-04-22T17:04:27.075402"
"CMD-2C86348CDA1C",User1,success,"2026-04-22T16:04:10.180210"
"CMD-2C9D45835A3C",Admin1,success,"2026-04-22T18:02:38.341629"
"CMD-2CDA70A3E78A",Admin1,success,"2026-04-22T17:19:55.752387"
"CMD-2CF6B1493300",Admin1,success,"2026-04-22T16:04:29.274694"
"CMD-2D001F2CF1AD",Admin1,success,"2026-04-22T17:06:25.095068"
"CMD-2D1906DBF6C2",User1,success,"2026-04-22T15:58:57.295797"
"CMD-2D197ED4ADB3",User1,success,"2026-04-22T14:57:08.761612"
"CMD-2D1DAC0A52E8",Admin1,success,"2026-04-22T15:19:10.008611"
"CMD-2D291FF704AA",Admin1,success,"2026-04-22T17:04:38.398820"
"CMD-2D355F99249A",User1,success,"2026-04-22T15:09:08.463820"
"CMD-2D393E45BB02",User1,success,"2026-04-22T16:46:39.448025"
"CMD-2D45BDA55DCB",Admin1,success,"2026-04-22T17:09:40.005283"
"CMD-2D6414176AA0",Admin1,success,"2026-04-22T15:08:49.036071"
"CMD-2D7DB5BF623D",Admin1,success,"2026-04-22T16:42:04.537964"
"CMD-2DCE2A4F9176",User1,success,"2026-04-22T17:57:47.019228"
"CMD-2DDAF99103DE",Admin1,success,"2026-04-22T17:33:08.375420"
"CMD-2DFCB38AC4D1",Admin1,success,"2026-04-22T16:44:08.793443"
"CMD-2E0BBBAA6849",Admin1,success,"2026-04-22T15:26:24.411553"
"CMD-2E0E4459C74D",User1,success,"2026-04-22T14:55:52.665943"
"CMD-2E15F970FD40",Admin1,success,"2026-04-22T15:30:53.777434"
"CMD-2E1900FF01AF",Admin1,success,"2026-04-22T14:59:30.246628"
"CMD-2E23FCAD44DA",Admin1,success,"2026-04-22T14:54:18.305901"
"CMD-2E42C615CFD7",User1,success,"2026-04-22T17:03:52.990514"
"CMD-2E4CE785DEE6",Admin1,success,"2026-04-22T15:51:21.207836"
"CMD-2E7154519178",User1,success,"2026-04-22T15:33:21.608717"
"CMD-2E9505999049",User1,success,"2026-04-22T15:47:47.652958"
"CMD-2EB5BB3B42D8",Admin1,success,"2026-04-22T16:00:44.330183"
"CMD-2EC3B8C72381",Admin1,success,"2026-04-22T18:07:06.729093"
"CMD-2ED5E97290D8",User1,success,"2026-04-22T16:17:38.736498"
"CMD-2EF84953CC70",User1,success,"2026-04-22T15:08:55.309072"
"CMD-2F0C4B103FFA",Admin1,success,"2026-04-22T17:20:22.181902"
"CMD-2F5315255BF1",User1,success,"2026-04-22T17:23:27.383480"
"CMD-2F9658C531E9",Admin1,success,"2026-04-22T17:57:02.691888"
"CMD-2FB395BEFBCD",User1,success,"2026-04-22T15:25:41.061987"
"CMD-2FDCE4A736CF",User1,success,"2026-04-22T17:55:38.709488"
"CMD-2FECFCFD17CC",Admin1,success,"2026-04-22T15:23:51.086120"
"CMD-300B24C19904",Admin1,success,"2026-04-22T14:58:03.883681"
"CMD-300C581CA465",User1,success,"2026-04-22T15:10:48.332519"
"CMD-300E6A1759B9",User1,success,"2026-04-22T16:47:01.479667"
"CMD-3036048C986F",User1,success,"2026-04-22T18:06:53.922954"
"CMD-303E422448E4",Admin1,success,"2026-04-22T16:35:34.691062"
"CMD-30473E343335",Admin1,success,"2026-04-22T16:27:24.735186"
"CMD-3049966ECA92",Admin1,success,"2026-04-22T17:33:24.490715"
"CMD-30951316BFF1",User1,success,"2026-04-22T14:51:23.824395"
"CMD-30BFC6BADFB0",Admin1,success,"2026-04-22T15:09:36.068841"
"CMD-30C57CD543BE",User1,success,"2026-04-22T16:18:10.247750"
"CMD-313D5B452A4D",User1,success,"2026-04-22T17:57:20.165508"
"CMD-316B6786F0E3",User1,success,"2026-04-22T15:59:16.397103"
"CMD-31C99268BE4B",User1,success,"2026-04-22T17:47:18.386937"
"CMD-31D41DDB9731",User1,success,"2026-04-22T15:58:14.314074"
"CMD-31E0F2355E3B",Admin1,success,"2026-04-22T16:33:01.125604"
"CMD-31FA36E20C8B",Admin1,success,"2026-04-22T15:07:41.344010"
"CMD-32194438B0C7",Admin1,success,"2026-04-22T14:59:20.469705"
"CMD-3223458C9DC7",Admin1,success,"2026-04-22T14:44:15.786583"
"CMD-325628AFAB22",Admin1,success,"2026-04-22T16:37:32.063703"
"CMD-32647FAFE7CF",User1,success,"2026-04-22T15:14:34.780493"
"CMD-328A295A43CB",User1,success,"2026-04-22T16:04:58.491674"
"CMD-328F84DE9D7D",User1,success,"2026-04-22T16:08:21.862709"
"CMD-32966856167F",User1,success,"2026-04-22T15:04:48.491857"
"CMD-329CE16EAED3",User1,success,"2026-04-22T17:44:24.114718"
"CMD-32CBDFE4D0ED",Admin1,success,"2026-04-22T16:09:48.380625"
"CMD-32D1D879AA9E",User1,success,"2026-04-22T16:09:18.350714"
"CMD-32DADEBBF2E8",User1,success,"2026-04-22T16:38:30.821904"
"CMD-32E57754FF59",User1,success,"2026-04-22T14:53:23.348638"
"CMD-3385C385EC9B",User1,success,"2026-04-22T17:13:21.231901"
"CMD-3387ED0EAAE9",User1,success,"2026-04-22T16:12:42.515141"
"CMD-33D8130095D6",Admin1,success,"2026-04-22T15:27:39.482935"
"CMD-33D8B00FD7C7",User1,success,"2026-04-22T14:51:19.073290"
"CMD-33E412BA1EB0",Admin1,success,"2026-04-22T14:42:44.821116"
"CMD-33F69EFE9303",User1,success,"2026-04-22T14:47:44.104577"
"CMD-33FC40556CD4",Admin1,success,"2026-04-22T17:20:54.447520"
"CMD-33FE96BC004B",Admin1,success,"2026-04-22T17:40:09.040419"
"CMD-3434229D0456",User1,success,"2026-04-22T15:01:32.754575"
"CMD-343946B038E9",Admin1,success,"2026-04-22T15:26:17.613164"
"CMD-347DA1469783",User1,success,"2026-04-22T15:34:41.244803"
"CMD-347E1C3632B4",Admin1,success,"2026-04-22T14:56:22.505880"
"CMD-34806065F76F",User1,success,"2026-04-22T16:15:34.778546"
"CMD-34A9D11AA49A",User1,success,"2026-04-22T16:06:01.179678"
"CMD-34AB99DA3F40",User1,success,"2026-04-22T17:12:16.975460"
"CMD-34B923DA2C3B",User1,success,"2026-04-22T15:08:00.729904"
"CMD-34CFE105FAC8",Admin1,success,"2026-04-22T17:43:21.125989"
"CMD-34D3CF9BD24D",User1,success,"2026-04-22T18:02:01.636137"
"CMD-34EA37F57B7D",User1,success,"2026-04-22T16:29:07.448112"
"CMD-3515EAECB340",User1,success,"2026-04-22T17:43:41.657893"
"CMD-351CE1778F88",Admin1,success,"2026-04-22T15:16:16.483303"
"CMD-351E67DF87ED",Admin1,success,"2026-04-22T14:45:44.628869"
"CMD-35213B26CD9D",Admin1,success,"2026-04-22T16:40:51.008057"
"CMD-354F8AD648BA",User1,success,"2026-04-22T18:01:01.773455"
"CMD-355CD678606D",Admin1,success,"2026-04-22T16:28:40.922001"
"CMD-356D636D6F25",User1,success,"2026-04-22T16:53:29.147282"
"CMD-3581597406C7",User1,success,"2026-04-22T17:14:12.361494"
"CMD-359C9EBB7268",User1,success,"2026-04-22T15:42:39.054100"
"CMD-35A40AD69F3A",Admin1,success,"2026-04-22T16:04:18.041905"
"CMD-35BEDFB39C18",User1,success,"2026-04-22T16:26:31.541116"
"CMD-35D3E5779CEC",Admin1,success,"2026-04-22T17:30:45.338391"
"CMD-35DAF9921365",Admin1,success,"2026-04-22T18:10:23.440827"
"CMD-35E7BF966E96",Admin1,success,"2026-04-22T16:13:38.665395"
"CMD-35FC66883DFC",User1,success,"2026-04-22T16:18:49.833672"
"CMD-3601807E4E2B",User1,success,"2026-04-22T17:12:43.284774"
"CMD-3611F0BA1C2E",User1,success,"2026-04-22T15:29:59.369357"
"CMD-36545ECB5835",User1,success,"2026-04-22T17:29:35.475752"
"CMD-366365CCFB9D",Admin1,success,"2026-04-22T16:54:42.697614"
"CMD-36693E6A464B",Admin1,success,"2026-04-22T17:54:29.614015"
"CMD-366967BEA8E9",Admin1,success,"2026-04-22T14:45:53.707384"
"CMD-36C486736E38",Admin1,success,"2026-04-22T16:43:07.010882"
"CMD-36C7DFB0F7CC",Admin1,success,"2026-04-22T17:40:26.873143"
"CMD-36CC4162898E",Admin1,success,"2026-04-22T18:08:37.098500"
"CMD-36D55D036EB9",User1,success,"2026-04-22T16:16:43.113477"
"CMD-37523524EB67",Admin1,success,"2026-04-22T15:21:27.384710"
"CMD-3762E481F64A",User1,success,"2026-04-22T16:30:56.980579"
"CMD-3795687E9AF0",User1,success,"2026-04-22T16:54:31.110211"
"CMD-37986A0BD156",Admin1,success,"2026-04-22T17:24:30.422014"
"CMD-37AF995D744E",User1,success,"2026-04-22T15:19:26.838019"
"CMD-37D6C32FB8F5",Admin1,success,"2026-04-22T14:53:21.181656"
"CMD-37E1DE850642",Admin1,success,"2026-04-22T15:20:45.649631"
"CMD-38273DA44C21",Admin1,success,"2026-04-22T14:59:05.463230"
"CMD-3829DAC025B8",Admin1,success,"2026-04-22T16:16:35.771252"
"CMD-3853B971B6D4",Admin1,success,"2026-04-22T18:07:01.956827"
"CMD-3867BB253AB3",User1,success,"2026-04-22T15:20:51.722003"
"CMD-387C667BADD7",Admin1,success,"2026-04-22T16:20:40.407497"
"CMD-389863B7C5C1",User1,success,"2026-04-22T15:32:54.945690"
"CMD-38BDDC37355F",User1,success,"2026-04-22T17:58:57.208037"
"CMD-38C1FC6A74F4",User1,success,"2026-04-22T16:42:42.904226"
"CMD-38D924D9ABC8",User1,success,"2026-04-22T16:37:58.496374"
"CMD-38E8FB6B9B55",User1,success,"2026-04-22T17:49:02.983376"
"CMD-38EC3DF24AFF",User1,success,"2026-04-22T16:19:14.063717"
"CMD-390DBA95FEBD",Admin1,success,"2026-04-22T15:58:27.302774"
"CMD-391640F8EE35",User1,success,"2026-04-22T15:04:04.704378"
"CMD-392C66A839A7",User1,success,"2026-04-22T17:45:09.618499"
"CMD-393F2D172DD4",Admin1,success,"2026-04-22T16:56:35.643192"
"CMD-395931489873",Admin1,success,"2026-04-22T16:50:30.881964"
"CMD-39746D53C060",User1,success,"2026-04-22T17:24:08.968122"
"CMD-397901D0D9AE",User1,success,"2026-04-22T15:57:11.231635"
"CMD-399E2CD3B1E8",Admin1,success,"2026-04-22T17:21:17.055445"
"CMD-39ADD09FF628",Admin1,success,"2026-04-22T16:57:03.935216"
"CMD-39C72E5F64EA",User1,success,"2026-04-22T15:56:57.746635"
"CMD-39DD4C9EC669",User1,success,"2026-04-22T17:59:46.744375"
"CMD-3A1C464CF0FB",User1,success,"2026-04-22T18:08:19.744093"
"CMD-3A334867EB4F",User1,success,"2026-04-22T15:37:53.062004"
"CMD-3A3E835311AE",Admin1,success,"2026-04-22T15:20:58.336310"
"CMD-3A3EBC038C25",Admin1,success,"2026-04-22T16:12:30.111147"
"CMD-3A9492B954BD",User1,success,"2026-04-22T16:49:14.270618"
"CMD-3ABE47BEB12A",Admin1,success,"2026-04-22T17:38:01.354375"
"CMD-3AF92F3B508F",User1,success,"2026-04-22T17:34:32.668158"
"CMD-3B5816A8AC46",User1,success,"2026-04-22T16:56:46.755733"
"CMD-3B5A4BA2BB20",Admin1,success,"2026-04-22T17:46:41.431176"
"CMD-3B5A5E6A77F8",User1,success,"2026-04-22T14:59:13.982633"
"CMD-3B5BB4033CC3",Admin1,success,"2026-04-22T17:57:08.252440"
"CMD-3B653B64A16C",Admin1,success,"2026-04-22T15:55:31.500041"
"CMD-3B84A51EA4FA",User1,success,"2026-04-22T16:51:43.928938"
"CMD-3BAE59103A8B",Admin1,success,"2026-04-22T17:11:45.318288"
"CMD-3BC7823E43AB",Admin1,success,"2026-04-22T15:14:42.614922"
"CMD-3BDF2B22DA90",Admin1,success,"2026-04-22T18:09:05.798575"
"CMD-3BF3864AB68A",User1,success,"2026-04-22T14:50:47.984352"
"CMD-3C619E08E5C2",Admin1,success,"2026-04-22T14:41:26.852255"
"CMD-3C66BD5CD7A1",User1,success,"2026-04-22T17:29:45.761162"
"CMD-3C6EAF1ABD9C",Admin1,success,"2026-04-22T17:55:29.815471"
"CMD-3C79FD111F43",Admin1,success,"2026-04-22T16:27:22.316679"
"CMD-3C7DCF04192B",User1,success,"2026-04-22T17:39:41.138806"
"CMD-3C84C63985F6",User1,success,"2026-04-22T17:15:53.107423"
"CMD-3C992DF26D0A",Admin1,success,"2026-04-22T17:59:19.849263"
"CMD-3C9EF0D3CE77",User1,success,"2026-04-22T14:52:36.023520"
"CMD-3CE3EC160DAC",Admin1,success,"2026-04-22T18:06:26.901714"
"CMD-3CF0466C45F6",Admin1,success,"2026-04-22T15:40:36.009777"
"CMD-3D25CFA57AD0",Admin1,success,"2026-04-22T15:00:40.632137"
"CMD-3D8903A5E2C3",User1,success,"2026-04-22T17:11:31.680531"
"CMD-3DCF14755510",Admin1,success,"2026-04-22T17:39:11.471442"
"CMD-3DF7798C6914",User1,success,"2026-04-22T15:31:38.499010"
"CMD-3DFFE32549AD",User1,success,"2026-04-22T18:09:21.255720"
"CMD-3E0251AFEDA6",Admin1,success,"2026-04-22T14:51:12.509249"
"CMD-3E1650E07C40",User1,success,"2026-04-22T14:54:30.941691"
"CMD-3E191D2BD2FF",User1,success,"2026-04-22T16:53:19.131737"
"CMD-3E1DC38A804C",Admin1,success,"2026-04-22T17:27:59.453362"
"CMD-3E744039B5F9",Admin1,success,"2026-04-22T16:14:06.612750"
"CMD-3EA25D29E9F2",Admin1,success,"2026-04-22T15:52:45.081108"
"CMD-3EB12C2F5C87",Admin1,success,"2026-04-22T14:48:17.882454"
"CMD-3EE277C27F91",Admin1,success,"2026-04-22T17:41:57.872903"
"CMD-3EFEAC09CA11",User1,success,"2026-04-22T17:53:36.432719"
"CMD-3F0FFD564909",Admin1,success,"2026-04-22T16:18:08.009032"
"CMD-3F7539281854",Admin1,success,"2026-04-22T16:09:12.039623"
"CMD-3F7D6ED7BF8D",Admin1,success,"2026-04-22T18:07:43.397157"
"CMD-3FBD6DFD5E8E",User1,success,"2026-04-22T17:10:26.177400"
"CMD-3FCBD606F4E4",User1,success,"2026-04-22T15:09:04.047329"
"CMD-3FD53A39B56A",User1,success,"2026-04-22T17:12:47.989797"
"CMD-400A5B7A19EE",Admin1,success,"2026-04-22T15:30:17.326011"
"CMD-40395AFFD21C",User1,success,"2026-04-22T15:17:29.817828"
"CMD-404BE20A7853",User1,success,"2026-04-22T17:31:24.294208"
"CMD-4067F5FBBD5B",User1,success,"2026-04-22T17:22:06.645883"
"CMD-407776051461",Admin1,success,"2026-04-22T15:45:13.680898"
"CMD-4094FEAF7469",Admin1,success,"2026-04-22T17:12:54.893744"
"CMD-40A5BC232923",User1,success,"2026-04-22T17:07:53.783589"
"CMD-40B6AB0BCC0B",Admin1,success,"2026-04-22T17:26:36.386551"
"CMD-40C607B659E3",Admin1,success,"2026-04-22T18:00:20.926079"
"CMD-40D99D6030C9",Admin1,success,"2026-04-22T15:28:35.510235"
"CMD-40DC14424EF1",User1,success,"2026-04-22T14:48:07.049578"
"CMD-40FE4DADA60E",User1,success,"2026-04-22T17:00:39.119708"
"CMD-41283670EF65",User1,success,"2026-04-22T17:17:32.257069"
"CMD-4188725E412A",Admin1,success,"2026-04-22T17:55:46.515675"
"CMD-41CD3656651D",User1,success,"2026-04-22T17:18:03.072472"
"CMD-41E288869866",Admin1,success,"2026-04-22T15:09:58.431726"
"CMD-41F20C874FC0",User1,success,"2026-04-22T14:47:03.787263"
"CMD-42009DA83321",User1,success,"2026-04-22T16:13:18.440586"
"CMD-4217F9193E81",Admin1,success,"2026-04-22T16:22:39.704805"
"CMD-421D1797E077",Admin1,success,"2026-04-22T15:49:28.923268"
"CMD-42230DA98C2D",Admin1,success,"2026-04-22T15:05:52.509790"
"CMD-42238A694D27",Admin1,success,"2026-04-22T15:05:31.866046"
"CMD-427C920E2FC4",Admin1,success,"2026-04-22T17:21:33.535875"
"CMD-427FD7C063B9",Admin1,success,"2026-04-22T15:26:26.677344"
"CMD-42C00E86F549",Admin1,success,"2026-04-22T16:46:08.629138"
"CMD-42D47468A07A",Admin1,success,"2026-04-22T16:09:35.028660"
"CMD-42DC2DFFCBC5",User1,success,"2026-04-22T15:23:54.289831"
"CMD-42E6E992AF0C",Admin1,success,"2026-04-22T16:56:29.926815"
"CMD-42EA556D2873",User1,success,"2026-04-22T15:20:37.836234"
"CMD-430E2FCF1C98",Admin1,success,"2026-04-22T17:29:01.714476"
"CMD-4343FA100FD9",User1,success,"2026-04-22T15:26:42.129004"
"CMD-435584263746",Admin1,success,"2026-04-22T17:20:00.108411"
"CMD-436C50505E8D",Admin1,success,"2026-04-22T18:00:25.492818"
"CMD-4376107FDD9E",Admin1,success,"2026-04-22T16:03:19.332354"
"CMD-43A38505BA94",User1,success,"2026-04-22T16:22:31.812524"
"CMD-43B5BB29AA11",Admin1,success,"2026-04-22T16:05:19.677667"
"CMD-43B7CA3357DF",Admin1,success,"2026-04-22T17:39:47.792387"
"CMD-43BBD4020D50",Admin1,success,"2026-04-22T14:43:28.634232"
"CMD-4425972EA89E",Admin1,success,"2026-04-22T18:04:30.982967"
"CMD-4437C0D05A0D",Admin1,success,"2026-04-22T18:00:36.017229"
"CMD-446A947FCB63",Admin1,success,"2026-04-22T18:05:25.037686"
"CMD-44CDA56B3FF7",User1,success,"2026-04-22T14:53:37.841714"
"CMD-451ADE903AC0",Admin1,success,"2026-04-22T16:45:55.131088"
"CMD-4535ABB5ECD1",User1,success,"2026-04-22T18:07:14.132575"
"CMD-453B93B31E4A",Admin1,success,"2026-04-22T16:13:26.108083"
"CMD-4541B45DA974",Admin1,success,"2026-04-22T15:01:58.994302"
"CMD-454A31417643",Admin1,success,"2026-04-22T16:19:58.764760"
"CMD-4550215FFFFB",Admin1,success,"2026-04-22T17:20:08.015341"
"CMD-4554385A7549",Admin1,success,"2026-04-22T16:03:31.898191"
"CMD-4569DBF10BA9",User1,success,"2026-04-22T17:25:47.328419"
"CMD-45C287CE5BEB",Admin1,success,"2026-04-22T15:11:26.972727"
"CMD-45C9C1A34F6D",Admin1,success,"2026-04-22T15:00:57.615063"
"CMD-45D5400172C2",User1,success,"2026-04-22T17:40:43.668840"
"CMD-45EBB5EA6091",Admin1,success,"2026-04-22T14:51:57.851147"
"CMD-4613724FA7DA",User1,success,"2026-04-22T17:14:06.726643"
"CMD-4637C7F78E23",User1,success,"2026-04-22T15:57:34.163123"
"CMD-463B8FAFC75C",Admin1,success,"2026-04-22T17:49:34.451393"
"CMD-464510D3D9F8",Admin1,success,"2026-04-22T15:49:34.469603"
"CMD-465D25656214",Admin1,success,"2026-04-22T16:41:36.037614"
"CMD-46727690C682",Admin1,success,"2026-04-22T16:06:40.811678"
"CMD-46948AAFF9D5",User1,success,"2026-04-22T15:55:05.704453"
"CMD-46998C3858B7",Admin1,success,"2026-04-22T16:22:13.204535"
"CMD-469EA8DDEF53",Admin1,success,"2026-04-22T16:38:43.897562"
"CMD-46BF09425B75",Admin1,success,"2026-04-22T16:30:20.075375"
"CMD-46C9E379D946",Admin1,success,"2026-04-22T16:21:58.040632"
"CMD-46CF3C087BB8",Admin1,success,"2026-04-22T14:40:42.259096"
"CMD-474BDB42122A",User1,success,"2026-04-22T16:54:17.414917"
"CMD-477FF665D118",Admin1,success,"2026-04-22T14:53:31.105407"
"CMD-47A71C2BCDBB",User1,success,"2026-04-22T18:10:12.086515"
"CMD-47A8AED472E5",User1,success,"2026-04-22T17:38:45.221351"
"CMD-47B919FF15F0",Admin1,success,"2026-04-22T17:21:43.278010"
"CMD-47F3C1A09FA1",Admin1,success,"2026-04-22T15:43:15.782985"
"CMD-48024611B3C2",Admin1,success,"2026-04-22T17:09:54.581445"
"CMD-4802E5F24F55",Admin1,success,"2026-04-22T17:31:40.203678"
"CMD-48090F10980F",User1,success,"2026-04-22T14:42:18.177862"
"CMD-48B5C56FB5CD",Admin1,success,"2026-04-22T16:35:07.671497"
"CMD-48C435B909D3",User1,success,"2026-04-22T15:15:47.187295"
"CMD-48CB57648A65",User1,success,"2026-04-22T15:33:17.009907"
"CMD-48D5F40B9BA4",Admin1,success,"2026-04-22T16:49:40.440711"
"CMD-48DF3B4001BE",User1,success,"2026-04-22T14:56:15.771204"
"CMD-490EB5999533",User1,success,"2026-04-22T16:58:50.510645"
"CMD-4918D1EB1F35",User1,success,"2026-04-22T17:16:14.767559"
"CMD-492DB442D97D",User1,success,"2026-04-22T16:49:59.106993"
"CMD-49529646F961",User1,success,"2026-04-22T15:57:16.010354"
"CMD-49AD38D53DDB",User1,success,"2026-04-22T15:23:07.829356"
"CMD-49ED4B490274",Admin1,success,"2026-04-22T16:28:58.356560"
"CMD-49EF49DF95C0",User1,success,"2026-04-22T17:28:06.549841"
"CMD-4A108672FF2A",User1,success,"2026-04-22T17:41:12.430958"
"CMD-4A4291FCD2BE",User1,success,"2026-04-22T15:23:17.924296"
"CMD-4A56F61876A3",Admin1,success,"2026-04-22T18:01:58.197714"
"CMD-4A642BD03D50",User1,success,"2026-04-22T14:47:18.400298"
"CMD-4A684C1AAFA9",Admin1,success,"2026-04-22T15:56:24.293637"
"CMD-4A7B0004A278",User1,success,"2026-04-22T14:42:51.619582"
"CMD-4A99690AF25F",Admin1,success,"2026-04-22T16:56:37.962085"
"CMD-4AF381287D13",User1,success,"2026-04-22T15:38:48.432584"
"CMD-4B273590CC8D",Admin1,success,"2026-04-22T15:23:15.634937"
"CMD-4B584C6B2A0B",User1,success,"2026-04-22T17:46:31.130365"
"CMD-4B751B4FEB90",User1,success,"2026-04-22T15:38:43.685026"
"CMD-4B7C59C9A19C",Admin1,success,"2026-04-22T17:47:11.839162"
"CMD-4BCF314BBE85",Admin1,success,"2026-04-22T16:59:11.849789"
"CMD-4BD207CAB491",Admin1,success,"2026-04-22T15:06:21.257985"
"CMD-4C0DAA615A39",User1,success,"2026-04-22T14:46:04.858722"
"CMD-4C151BC9D4C2",Admin1,success,"2026-04-22T15:26:22.273099"
"CMD-4C5F10391D4A",Admin1,success,"2026-04-22T16:34:09.864035"
"CMD-4C61EA4D38CF",User1,success,"2026-04-22T15:29:50.089755"
"CMD-4C71F5ABE944",User1,success,"2026-04-22T15:59:25.654904"
"CMD-4C8490E87126",Admin1,success,"2026-04-22T15:52:30.614531"
"CMD-4C89DC8F2277",User1,success,"2026-04-22T15:13:38.150504"
"CMD-4CA5FA0E2C5D",Admin1,success,"2026-04-22T15:13:19.078537"
"CMD-4CD15FFEE65C",User1,success,"2026-04-22T15:20:19.777038"
"CMD-4CD2CFD2B6E1",Admin1,success,"2026-04-22T17:55:48.759561"
"CMD-4D03601DCC8C",Admin1,success,"2026-04-22T14:41:13.697120"
"CMD-4D1B38D9DEEA",Admin1,success,"2026-04-22T14:47:30.579433"
"CMD-4D5CEDAAF9E1",User1,success,"2026-04-22T15:41:15.532061"
"CMD-4D731D6AF977",Admin1,success,"2026-04-22T17:48:24.719843"
"CMD-4D96383F5CBD",Admin1,success,"2026-04-22T17:05:01.592177"
"CMD-4DA7879756AC",Admin1,success,"2026-04-22T17:01:31.414023"
"CMD-4DAC1948981D",Admin1,success,"2026-04-22T16:14:39.864459"
"CMD-4DE2226CA625",User1,success,"2026-04-22T15:01:19.398467"
"CMD-4DE914E10250",User1,success,"2026-04-22T17:14:54.687944"
"CMD-4DEFB8492105",User1,success,"2026-04-22T16:28:34.163271"
"CMD-4E05D415F016",Admin1,success,"2026-04-22T15:03:39.538492"
"CMD-4E0E572944C7",Admin1,success,"2026-04-22T15:30:38.185602"
"CMD-4E0EB1DEDDF9",User1,success,"2026-04-22T15:31:24.554584"
"CMD-4E34DE8BABDD",Admin1,success,"2026-04-22T15:43:13.605613"
"CMD-4E495F65D37F",Admin1,success,"2026-04-22T15:12:42.307346"
"CMD-4E5B5FF87577",User1,success,"2026-04-22T17:14:17.404197"
"CMD-4E64F379CA6E",Admin1,success,"2026-04-22T16:42:37.014715"
"CMD-4E6C01DBCB35",Admin1,success,"2026-04-22T15:38:10.685591"
"CMD-4E8AF99DD041",User1,success,"2026-04-22T15:43:45.881190"
"CMD-4F03508ECC05",Admin1,success,"2026-04-22T14:51:39.621688"
"CMD-4F23FD3E7592",Admin1,success,"2026-04-22T16:21:20.574894"
"CMD-4F533AE4F4DC",Admin1,success,"2026-04-22T16:28:45.476597"
"CMD-4F7FD356CB5A",Admin1,success,"2026-04-22T16:33:23.384865"
"CMD-4F8654E1DD1F",Admin1,success,"2026-04-22T16:12:48.957106"
"CMD-4FE6AB292B6F",Admin1,success,"2026-04-22T15:27:41.725443"
"CMD-4FFF79D9CE26",Admin1,success,"2026-04-22T18:04:52.978885"
"CMD-50038CC916C2",Admin1,success,"2026-04-22T15:44:16.657789"
"CMD-501B3B4D3855",Admin1,success,"2026-04-22T17:27:15.666492"
"CMD-502991539F5C",Admin1,success,"2026-04-22T16:31:58.991803"
"CMD-503CA4E0F67C",User1,success,"2026-04-22T14:54:35.353489"
"CMD-5055A8497B7B",Admin1,success,"2026-04-22T14:40:33.515226"
"CMD-508CF4A230D6",User1,success,"2026-04-22T17:11:02.334789"
"CMD-50906552198D",Admin1,success,"2026-04-22T16:30:05.434599"
"CMD-50BACFC7769C",User1,success,"2026-04-22T16:48:03.200077"
"CMD-50DCEEC756F3",User1,success,"2026-04-22T15:00:32.306455"
"CMD-50E0667A596A",User1,success,"2026-04-22T17:47:56.766229"
"CMD-50EC3D630910",Admin1,success,"2026-04-22T15:15:40.393382"
"CMD-510A83B3C5D9",Admin1,success,"2026-04-22T15:19:48.114077"
"CMD-518A689AA250",User1,success,"2026-04-22T17:01:15.914969"
"CMD-519B29645F1F",User1,success,"2026-04-22T17:08:36.422660"
"CMD-51DCA8C08AA1",Admin1,success,"2026-04-22T18:02:23.372112"
"CMD-51E0DF6CBC63",User1,success,"2026-04-22T15:29:26.737673"
"CMD-51E2BD12EAAD",User1,success,"2026-04-22T16:08:31.934038"
"CMD-51F62722B062",User1,success,"2026-04-22T17:57:15.562320"
"CMD-523154FEAF65",Admin1,success,"2026-04-22T15:48:25.537712"
"CMD-5262195F3C9E",User1,success,"2026-04-22T17:43:24.333825"
"CMD-528572D04787",User1,success,"2026-04-22T15:35:08.373723"
"CMD-528D8443DF97",User1,success,"2026-04-22T15:24:11.694866"
"CMD-529C4552AF3F",Admin1,success,"2026-04-22T17:53:24.469874"
"CMD-52BB61487A6F",Admin1,success,"2026-04-22T15:51:16.743634"
"CMD-52BDD2E1991E",User1,success,"2026-04-22T17:48:33.867556"
"CMD-52D6FD184CF5",User1,success,"2026-04-22T16:08:08.973604"
"CMD-52DB41DD05FA",User1,success,"2026-04-22T17:56:24.417604"
"CMD-53378C8ED06D",User1,success,"2026-04-22T14:49:07.512653"
"CMD-5370CD9B5C53",Admin1,success,"2026-04-22T16:45:08.843020"
"CMD-537E54F44380",Admin1,success,"2026-04-22T14:55:45.678200"
"CMD-5396A46B5B6E",Admin1,success,"2026-04-22T17:19:34.026036"
"CMD-539EA5AC2DB7",Admin1,success,"2026-04-22T16:47:46.179135"
"CMD-53BF39835190",Admin1,success,"2026-04-22T14:50:41.358428"
"CMD-53D2FF82EA73",User1,success,"2026-04-22T16:59:00.290490"
"CMD-53F15370DF56",User1,success,"2026-04-22T17:04:45.479911"
"CMD-53F1A4678384",User1,success,"2026-04-22T16:03:07.896972"
"CMD-53F65DA4B806",Admin1,success,"2026-04-22T17:11:08.839883"
"CMD-541D2E9CDE8E",User1,success,"2026-04-22T15:52:47.278918"
"CMD-543EF18051BA",Admin1,success,"2026-04-22T16:40:36.224339"
"CMD-544228B90740",User1,success,"2026-04-22T15:32:59.503770"
"CMD-54487F2C2D1D",Admin1,success,"2026-04-22T16:11:47.630681"
"CMD-54E460ECAED5",User1,success,"2026-04-22T15:01:05.988617"
"CMD-54F8A2456944",User1,success,"2026-04-22T15:42:07.231609"
"CMD-5503131D75D6",Admin1,success,"2026-04-22T15:17:05.392452"
"CMD-5514D3C337FB",Admin1,success,"2026-04-22T15:22:37.455615"
"CMD-5546C0AD6A81",User1,success,"2026-04-22T17:06:17.191237"
"CMD-5550540A4785",User1,success,"2026-04-22T16:04:45.036781"
"CMD-555B7245E3A9",User1,success,"2026-04-22T15:12:20.430193"
"CMD-556A713A5A78",User1,success,"2026-04-22T15:07:15.296426"
"CMD-556E73572083",User1,success,"2026-04-22T15:10:19.518871"
"CMD-557CEC5356F3",Admin1,success,"2026-04-22T16:13:28.369942"
"CMD-55830837E4BC",User1,success,"2026-04-22T14:48:02.406126"
"CMD-55BA2C620EAF",Admin1,success,"2026-04-22T17:39:32.393574"
"CMD-56027342EA11",User1,success,"2026-04-22T16:29:12.236008"
"CMD-5602ACFA86A1",User1,success,"2026-04-22T15:17:38.750460"
"CMD-560B782C5B74",User1,success,"2026-04-22T16:00:14.282919"
"CMD-561BDAC52CCB",Admin1,success,"2026-04-22T16:10:40.667702"
"CMD-5625D5119608",Admin1,success,"2026-04-22T16:55:51.515063"
"CMD-564ACE4AC515",Admin1,success,"2026-04-22T17:56:15.494191"
"CMD-564F6E367419",Admin1,success,"2026-04-22T15:30:44.013054"
"CMD-56550956888D",Admin1,success,"2026-04-22T16:26:06.054778"
"CMD-566851ACEA33",User1,success,"2026-04-22T15:37:20.738300"
"CMD-5675B90BA376",User1,success,"2026-04-22T15:45:46.432123"
"CMD-56C86C14F2CA",User1,success,"2026-04-22T17:46:55.857320"
"CMD-571E1CAF6282",Admin1,success,"2026-04-22T17:12:09.073477"
"CMD-5769731879D2",Admin1,success,"2026-04-22T15:36:26.406828"
"CMD-577EA37F96E8",Admin1,success,"2026-04-22T17:58:16.235418"
"CMD-57FDEE9D1116",Admin1,success,"2026-04-22T16:35:32.187136"
"CMD-580670019D9D",Admin1,success,"2026-04-22T15:24:45.895869"
"CMD-581C14205D4E",User1,success,"2026-04-22T18:09:26.370193"
"CMD-582AFEBC470F",User1,success,"2026-04-22T16:37:04.943195"
"CMD-583859F09E51",User1,success,"2026-04-22T16:36:45.176488"
"CMD-583EC6B1D80D",Admin1,success,"2026-04-22T14:52:32.684232"
"CMD-584833A87A58",Admin1,success,"2026-04-22T17:46:10.735107"
"CMD-5892DD33A0DE",User1,success,"2026-04-22T16:37:48.713873"
"CMD-5898BD76811D",Admin1,success,"2026-04-22T15:38:15.398251"
"CMD-58A3BB28E788",User1,success,"2026-04-22T15:02:58.839914"
"CMD-58B4751A1F0D",Admin1,success,"2026-04-22T14:57:44.780756"
"CMD-58B769AB7158",Admin1,success,"2026-04-22T17:38:56.797895"
"CMD-58CCC07613B0",Admin1,success,"2026-04-22T16:01:29.171679"
"CMD-58D5B22BA8EC",User1,success,"2026-04-22T17:11:36.679352"
"CMD-58ED9FCC4430",Admin1,success,"2026-04-22T14:49:39.808561"
"CMD-594A877C14D3",User1,success,"2026-04-22T17:49:58.516064"
"CMD-5957047BE7C9",User1,success,"2026-04-22T16:01:36.103586"
"CMD-596C8977BCB1",Admin1,success,"2026-04-22T17:56:55.795679"
"CMD-598EE5517EC2",User1,success,"2026-04-22T17:01:59.308848"
"CMD-5991C09DC284",Admin1,success,"2026-04-22T15:14:17.926399"
"CMD-59B56C7CD02F",Admin1,success,"2026-04-22T16:26:24.159428"
"CMD-59BB106749F5",Admin1,success,"2026-04-22T17:01:22.987032"
"CMD-59DD36085266",Admin1,success,"2026-04-22T18:02:18.009975"
"CMD-59E0528B7F80",Admin1,success,"2026-04-22T15:44:49.728277"
"CMD-5A3AE7B18CE9",Admin1,success,"2026-04-22T15:06:23.520986"
"CMD-5A41DCDE8346",User1,success,"2026-04-22T15:00:20.002423"
"CMD-5A4490DABCB7",Admin1,success,"2026-04-22T16:30:50.411329"
"CMD-5A5D60C62564",Admin1,success,"2026-04-22T16:15:54.648033"
"CMD-5A72B1F0E1DD",Admin1,success,"2026-04-22T15:23:37.552424"
"CMD-5A839FD65C38",Admin1,success,"2026-04-22T16:17:31.525285"
"CMD-5A8B9ABDB633",Admin1,success,"2026-04-22T15:18:45.565478"
"CMD-5ABCD1B5730D",Admin1,success,"2026-04-22T15:54:13.463907"
"CMD-5ABF9A44B267",User1,success,"2026-04-22T16:17:14.558835"
"CMD-5AC1328FAB31",Admin1,success,"2026-04-22T15:36:51.819490"
"CMD-5AC94BA8DCF6",Admin1,success,"2026-04-22T16:35:40.357238"
"CMD-5ACCE37D5239",Admin1,success,"2026-04-22T17:03:33.411309"
"CMD-5ADC67DF410A",User1,success,"2026-04-22T17:37:38.783294"
"CMD-5ADE53783A58",Admin1,success,"2026-04-22T16:55:48.614421"
"CMD-5AED10CF6634",User1,success,"2026-04-22T17:33:52.181719"
"CMD-5AEE3EAA84AE",Admin1,success,"2026-04-22T17:54:38.841776"
"CMD-5AEF27DC92B3",User1,success,"2026-04-22T17:10:07.406507"
"CMD-5AF119CBD8DA",User1,success,"2026-04-22T17:57:29.495798"
"CMD-5AF1E33A78BB",User1,success,"2026-04-22T16:16:05.959957"
"CMD-5AF527CF7AE9",User1,success,"2026-04-22T16:32:15.897521"
"CMD-5AFA1F6BAC87",User1,success,"2026-04-22T17:36:50.593993"
"CMD-5B25D0A4FB2A",User1,success,"2026-04-22T17:20:43.513250"
"CMD-5B2DB9551ECC",Admin1,success,"2026-04-22T16:16:58.396463"
"CMD-5B31953D9A68",Admin1,success,"2026-04-22T14:40:24.259540"
"CMD-5B4C5BE0E37C",Admin1,success,"2026-04-22T16:44:59.410276"
"CMD-5B7B891737F4",User1,success,"2026-04-22T15:48:28.533452"
"CMD-5BCF33AE0D8F",User1,success,"2026-04-22T17:41:37.982224"
"CMD-5BD224E12730",User1,success,"2026-04-22T14:43:59.438303"
"CMD-5BDA6EB504A4",Admin1,success,"2026-04-22T16:00:29.033133"
"CMD-5BE64D6A7B70",Admin1,success,"2026-04-22T14:40:22.054069"
"CMD-5BE7B168D14C",User1,success,"2026-04-22T17:24:35.797050"
"CMD-5BF48B899C82",User1,success,"2026-04-22T17:50:41.759705"
"CMD-5C0AC1A7D141",User1,success,"2026-04-22T14:43:35.415554"
"CMD-5C0B27A2FC9A",User1,success,"2026-04-22T16:55:30.574133"
"CMD-5C0C490ACC83",User1,success,"2026-04-22T16:29:54.752888"
"CMD-5C107C7D67C8",Admin1,success,"2026-04-22T18:04:50.428478"
"CMD-5C4777553E22",User1,success,"2026-04-22T14:43:30.798507"
"CMD-5C6A93E283D9",User1,success,"2026-04-22T17:44:56.082336"
"CMD-5C6A9ED55B56",Admin1,success,"2026-04-22T15:51:55.213479"
"CMD-5C8F637B717F",User1,success,"2026-04-22T16:15:48.103896"
"CMD-5C8F63CD1B3A",User1,success,"2026-04-22T17:44:33.836206"
"CMD-5CB9AB664A02",Admin1,success,"2026-04-22T14:46:52.045442"
"CMD-5CE30946E611",Admin1,success,"2026-04-22T16:37:34.681423"
"CMD-5CE74834BD94",User1,success,"2026-04-22T14:54:58.245020"
"CMD-5D19E4658A0E",User1,success,"2026-04-22T14:42:13.725340"
"CMD-5D3887A6858F",User1,success,"2026-04-22T17:36:27.541780"
"CMD-5D4EF3CD937B",User1,success,"2026-04-22T16:26:27.201765"
"CMD-5D76F7C8CFE7",Admin1,success,"2026-04-22T15:03:05.689450"
"CMD-5D878253242F",User1,success,"2026-04-22T14:58:10.844529"
"CMD-5DAB1A0EEA59",Admin1,success,"2026-04-22T14:54:41.920266"
"CMD-5DDCE6B8CA51",User1,success,"2026-04-22T15:41:55.980976"
"CMD-5DDEC26889A1",Admin1,success,"2026-04-22T16:33:32.317325"
"CMD-5DF509B76FFD",Admin1,success,"2026-04-22T17:11:14.323243"
"CMD-5DF9B96E77FD",User1,success,"2026-04-22T14:41:03.403315"
"CMD-5E02CBE6DB7B",User1,success,"2026-04-22T16:15:30.200352"
"CMD-5E0D26770053",User1,success,"2026-04-22T14:49:12.413347"
"CMD-5E2197AF1654",Admin1,success,"2026-04-22T14:58:23.277874"
"CMD-5E5199ECB76B",User1,success,"2026-04-22T16:48:14.892424"
"CMD-5E787C4A520F",Admin1,success,"2026-04-22T17:35:48.002943"
"CMD-5E8D97F398EA",User1,success,"2026-04-22T18:08:24.462485"
"CMD-5ED74CC5DD30",Admin1,success,"2026-04-22T17:42:00.152073"
"CMD-5EE7C2E70F99",Admin1,success,"2026-04-22T15:55:44.568162"
"CMD-5F05FC253A54",Admin1,success,"2026-04-22T14:54:51.651522"
"CMD-5F2E8DEA27F2",Admin1,success,"2026-04-22T15:26:49.942481"
"CMD-5F671ACF9DF6",User1,success,"2026-04-22T16:41:09.341805"
"CMD-5F8A2B0D570C",User1,success,"2026-04-22T17:17:15.841351"
"CMD-5F8C1AF90D60",Admin1,success,"2026-04-22T16:21:37.644211"
"CMD-5F8FD6CFB8AE",Admin1,success,"2026-04-22T17:30:50.198172"
"CMD-5F9A7BB30B95",Admin1,success,"2026-04-22T16:36:09.282539"
"CMD-5FA1FC92E196",User1,success,"2026-04-22T16:30:39.264019"
"CMD-5FBDA63B841A",Admin1,success,"2026-04-22T15:07:54.370445"
"CMD-5FD2755A71FE",User1,success,"2026-04-22T15:56:27.752873"
"CMD-5FDBBD5A6626",User1,success,"2026-04-22T17:30:29.088187"
"CMD-5FF4281BC5A5",Admin1,success,"2026-04-22T15:51:26.279429"
"CMD-6015B20E98B5",User1,success,"2026-04-22T17:26:28.980580"
"CMD-6017E51CDB8A",Admin1,success,"2026-04-22T17:01:52.983554"
"CMD-60277B9F1496",User1,success,"2026-04-22T15:44:23.534137"
"CMD-60415CC50263",User1,success,"2026-04-22T15:36:19.654024"
"CMD-604604901B42",Admin1,success,"2026-04-22T17:05:29.810741"
"CMD-604A0E309DB7",Admin1,success,"2026-04-22T16:53:35.656866"
"CMD-6052FBFC8F86",User1,success,"2026-04-22T15:48:50.884202"
"CMD-6080F644C0A8",User1,success,"2026-04-22T16:45:46.525034"
"CMD-60A7D77ACE38",Admin1,success,"2026-04-22T16:57:17.928898"
"CMD-60B49905D7A6",User1,success,"2026-04-22T16:40:43.081365"
"CMD-60BD861195CC",User1,success,"2026-04-22T15:11:08.028793"
"CMD-60DB8EBFC05E",Admin1,success,"2026-04-22T15:31:22.294619"
"CMD-60F5628982D7",Admin1,success,"2026-04-22T17:17:44.905120"
"CMD-611FBD66CFD7",Admin1,success,"2026-04-22T15:50:21.503079"
"CMD-6125DF5DDCDF",Admin1,success,"2026-04-22T17:23:42.741977"
"CMD-61998883669B",User1,success,"2026-04-22T16:47:10.591716"
"CMD-619BDC45FD8F",User1,success,"2026-04-22T15:22:25.514285"
"CMD-61B1A20E4DB9",Admin1,success,"2026-04-22T14:59:47.252723"
"CMD-61B4BB89A6E4",User1,success,"2026-04-22T15:32:37.005344"
"CMD-61D20B58A53C",Admin1,success,"2026-04-22T15:13:31.532366"
"CMD-61D39432D02D",Admin1,success,"2026-04-22T15:33:56.006613"
"CMD-61D91E21FE67",Admin1,success,"2026-04-22T17:32:41.093356"
"CMD-61EFEA5B4CD4",User1,success,"2026-04-22T17:58:09.548693"
"CMD-61FCDC9E0381",User1,success,"2026-04-22T17:34:27.549060"
"CMD-620545C8B063",User1,success,"2026-04-22T18:03:04.552662"
"CMD-621A95BD3FF5",Admin1,success,"2026-04-22T17:40:32.164997"
"CMD-623F8B3B84B0",User1,success,"2026-04-22T15:25:12.179268"
"CMD-6292BF72E8E7",User1,success,"2026-04-22T15:07:06.253572"
"CMD-62BC6B71C318",User1,success,"2026-04-22T15:32:05.517411"
"CMD-6301EC12513A",User1,success,"2026-04-22T14:52:04.589048"
"CMD-630665E63E1A",Admin1,success,"2026-04-22T15:46:41.304233"
"CMD-6315B833DAE7",User1,success,"2026-04-22T16:55:09.435171"
"CMD-63176CB4DB8D",Admin1,success,"2026-04-22T15:35:44.111852"
"CMD-635D51CC4C37",User1,success,"2026-04-22T16:10:56.498647"
"CMD-6361ABA2E5BB",User1,success,"2026-04-22T16:59:30.421995"
"CMD-637C9DA29770",User1,success,"2026-04-22T14:41:20.314345"
"CMD-638CAD5D7E6A",Admin1,success,"2026-04-22T15:44:33.624465"
"CMD-63BAC74A70C8",User1,success,"2026-04-22T15:45:41.854425"
"CMD-63C9FDE8FF87",Admin1,success,"2026-04-22T15:56:54.447526"
"CMD-63EB70D82E7C",Admin1,success,"2026-04-22T17:38:24.633129"
"CMD-64010A61C568",Admin1,success,"2026-04-22T17:52:16.279440"
"CMD-64192A52D70E",Admin1,success,"2026-04-22T18:09:00.916484"
"CMD-643881039452",Admin1,success,"2026-04-22T15:15:53.998671"
"CMD-645A7607C70F",User1,success,"2026-04-22T17:24:40.223110"
"CMD-648B884534C8",User1,success,"2026-04-22T14:43:06.228429"
"CMD-648C7218BCBA",Admin1,success,"2026-04-22T15:36:32.316526"
"CMD-64AADA2B9B23",User1,success,"2026-04-22T16:58:32.086034"
"CMD-64C3571E40D3",User1,success,"2026-04-22T15:50:34.647616"
"CMD-64CBD4339CA0",User1,success,"2026-04-22T16:26:35.814458"
"CMD-64DCE33AC00D",User1,success,"2026-04-22T18:05:03.479910"
"CMD-64F5D9A5080D",Admin1,success,"2026-04-22T16:21:45.004380"
"CMD-651A37E3AA20",User1,success,"2026-04-22T15:23:22.491086"
"CMD-65292E220865",User1,success,"2026-04-22T17:14:22.590679"
"CMD-653AB0670B3E",User1,success,"2026-04-22T15:37:48.494147"
"CMD-6547840ED185",Admin1,success,"2026-04-22T17:34:44.598931"
"CMD-655F3C5DB293",Admin1,success,"2026-04-22T15:29:20.160567"
"CMD-656069857B86",User1,success,"2026-04-22T17:02:34.995043"
"CMD-65A29C7C475B",User1,success,"2026-04-22T15:43:59.307177"
"CMD-65B9D2B236EC",User1,success,"2026-04-22T14:43:54.539476"
"CMD-6609DB8596DF",User1,success,"2026-04-22T18:09:38.140185"
"CMD-661490DE40A3",Admin1,success,"2026-04-22T14:49:29.410638"
"CMD-6637D87095AF",User1,success,"2026-04-22T16:05:36.177714"
"CMD-663CFCADD320",User1,success,"2026-04-22T17:28:26.614945"
"CMD-665558BA665C",Admin1,success,"2026-04-22T16:34:30.785646"
"CMD-6673B855BBA9",Admin1,success,"2026-04-22T14:54:12.503080"
"CMD-66899ABD29E0",User1,success,"2026-04-22T16:22:56.810313"
"CMD-668BB633BB1F",User1,success,"2026-04-22T15:16:22.985338"
"CMD-669E9D4D69E5",Admin1,success,"2026-04-22T16:58:13.361669"
"CMD-66AA1FC99DEE",User1,success,"2026-04-22T16:55:04.492256"
"CMD-66BFF9C4FAC5",Admin1,success,"2026-04-22T16:39:32.623924"
"CMD-66DC7E090818",User1,success,"2026-04-22T17:00:16.000986"
"CMD-66E532722A49",User1,success,"2026-04-22T16:45:31.628915"
"CMD-66F558AF34C3",User1,success,"2026-04-22T17:06:27.348122"
"CMD-66F85980BBAB",Admin1,success,"2026-04-22T15:57:22.639291"
"CMD-670A29B99B57",Admin1,success,"2026-04-22T15:26:05.606420"
"CMD-674ADC1A6D20",User1,success,"2026-04-22T15:44:18.906348"
"CMD-674E7FDEF3E6",User1,success,"2026-04-22T15:39:59.815309"
"CMD-678D2D07A315",User1,success,"2026-04-22T14:47:13.181118"
"CMD-67AC31130C86",Admin1,success,"2026-04-22T18:05:54.730434"
"CMD-67B834CD0828",Admin1,success,"2026-04-22T16:59:57.003318"
"CMD-67BD59945F86",Admin1,success,"2026-04-22T15:56:34.641021"
"CMD-67F1BF71E5A2",User1,success,"2026-04-22T16:03:38.584384"
"CMD-6864B20B72F3",Admin1,success,"2026-04-22T16:15:23.524247"
"CMD-688076D2DE0C",Admin1,success,"2026-04-22T17:29:32.924283"
"CMD-688169B0D025",User1,success,"2026-04-22T18:06:08.717838"
"CMD-688492889122",User1,success,"2026-04-22T15:57:56.581426"
"CMD-68892D2393D4",Admin1,success,"2026-04-22T16:44:13.796122"
"CMD-688AD5C90989",User1,success,"2026-04-22T15:24:34.615496"
"CMD-689B4D4D77F6",User1,success,"2026-04-22T15:00:05.207704"
"CMD-68B61ED6DDDE",Admin1,success,"2026-04-22T15:44:31.369982"
"CMD-68BEC844ADAB",User1,success,"2026-04-22T14:45:16.065378"
"CMD-68E910F7B48B",Admin1,success,"2026-04-22T15:40:45.971817"
"CMD-68E9F7C79F0E",Admin1,success,"2026-04-22T16:13:11.955661"
"CMD-68F163723608",Admin1,success,"2026-04-22T15:35:01.934796"
"CMD-69077BD96849",User1,success,"2026-04-22T15:17:34.157339"
"CMD-69206A703A12",User1,success,"2026-04-22T16:52:29.392875"
"CMD-692EA86478B0",User1,success,"2026-04-22T14:50:52.669280"
"CMD-693329B27837",Admin1,success,"2026-04-22T15:34:34.787690"
"CMD-69335D0CF898",Admin1,success,"2026-04-22T17:25:20.291562"
"CMD-695D5ECD5296",User1,success,"2026-04-22T14:57:36.641480"
"CMD-697BB0728EF5",User1,success,"2026-04-22T17:43:05.953962"
"CMD-697D510994AB",Admin1,success,"2026-04-22T15:15:31.424694"
"CMD-69D050BB5750",User1,success,"2026-04-22T17:06:58.317507"
"CMD-69E8536A91BB",Admin1,success,"2026-04-22T17:17:25.861671"
"CMD-69E8854D08FA",Admin1,success,"2026-04-22T17:01:09.283696"
"CMD-6A03A3EC0041",Admin1,success,"2026-04-22T17:10:33.648340"
"CMD-6A0A56BEE8BD",Admin1,success,"2026-04-22T17:05:24.036105"
"CMD-6A21F0135ED9",Admin1,success,"2026-04-22T15:58:29.554429"
"CMD-6A3F1C2C4C28",Admin1,success,"2026-04-22T17:41:25.208917"
"CMD-6A5D715C95CE",User1,success,"2026-04-22T14:41:51.948521"
"CMD-6A6B664AC2D2",User1,success,"2026-04-22T15:11:38.827887"
"CMD-6A9E57F07F95",User1,success,"2026-04-22T15:00:49.523801"
"CMD-6AA78A45E193",User1,success,"2026-04-22T15:10:43.249754"
"CMD-6AB406ECBE0A",Admin1,success,"2026-04-22T15:06:41.198028"
"CMD-6AC9E4DB8408",Admin1,success,"2026-04-22T17:06:40.082757"
"CMD-6AFFD8C601E2",User1,success,"2026-04-22T15:56:46.237800"
"CMD-6B0E6FA8E1FF",User1,success,"2026-04-22T16:51:53.631071"
"CMD-6B29A4E071DC",Admin1,success,"2026-04-22T15:08:26.332980"
"CMD-6B442A8514A2",Admin1,success,"2026-04-22T14:48:50.253686"
"CMD-6B930EC285B7",Admin1,success,"2026-04-22T16:00:41.635867"
"CMD-6B9BB73A97C9",User1,success,"2026-04-22T15:46:09.266474"
"CMD-6BEB34C787B7",Admin1,success,"2026-04-22T16:36:38.558714"
"CMD-6BFC0FB09688",User1,success,"2026-04-22T15:26:37.595763"
"CMD-6C0D554F0D93",User1,success,"2026-04-22T15:48:37.674314"
"CMD-6C188F2D9FF2",User1,success,"2026-04-22T16:29:41.430428"
"CMD-6C1AD3FEF47A",Admin1,success,"2026-04-22T15:22:14.220095"
"CMD-6C21770A12CC",User1,success,"2026-04-22T18:02:54.941076"
"CMD-6C2D93DDA149",User1,success,"2026-04-22T15:27:26.140793"
"CMD-6C434DF78CAE",Admin1,success,"2026-04-22T16:09:32.783682"
"CMD-6C4661AFDDB4",User1,success,"2026-04-22T15:55:19.284181"
"CMD-6C4C305696F0",User1,success,"2026-04-22T15:22:07.489949"
"CMD-6C4CEA82435D",Admin1,success,"2026-04-22T14:45:29.047198"
"CMD-6C6156016707",User1,success,"2026-04-22T14:48:24.440635"
"CMD-6C9E2079A970",User1,success,"2026-04-22T15:37:43.981091"
"CMD-6CA13F9F5D3C",Admin1,success,"2026-04-22T15:56:21.807040"
"CMD-6CB64EB044E2",Admin1,success,"2026-04-22T16:53:07.920326"
"CMD-6CBD1B4B6A00",Admin1,success,"2026-04-22T16:37:36.953922"
"CMD-6CE07DF2BD85",Admin1,success,"2026-04-22T14:45:31.321314"
"CMD-6CEED105133B",Admin1,success,"2026-04-22T15:19:04.341152"
"CMD-6D104A6E7573",User1,success,"2026-04-22T16:27:43.112829"
"CMD-6D310BA60457",Admin1,success,"2026-04-22T17:07:14.160502"
"CMD-6D76F6D723D7",User1,success,"2026-04-22T15:46:04.739063"
"CMD-6DAD120198E4",User1,success,"2026-04-22T16:14:13.141352"
"CMD-6DE6F5C47F69",User1,success,"2026-04-22T15:50:44.510532"
"CMD-6E5F605FFC0C",User1,success,"2026-04-22T14:52:54.143969"
"CMD-6E750C22A726",Admin1,success,"2026-04-22T15:37:09.139702"
"CMD-6E8647FB773A",Admin1,success,"2026-04-22T16:39:15.564916"
"CMD-6E99DDC32640",User1,success,"2026-04-22T15:45:26.902322"
"CMD-6F0C41ACED67",Admin1,success,"2026-04-22T15:10:12.606996"
"CMD-6F0ECFE8A3D3",Admin1,success,"2026-04-22T18:04:55.515184"
"CMD-6F522272CEC9",Admin1,success,"2026-04-22T14:56:46.720453"
"CMD-6F8FE11348B4",User1,success,"2026-04-22T17:48:38.719756"
"CMD-6FE6DD1F44EC",Admin1,success,"2026-04-22T14:51:44.175013"
"CMD-7013D3560EF9",Admin1,success,"2026-04-22T17:27:54.241468"
"CMD-70367434CB7E",Admin1,success,"2026-04-22T15:28:15.300179"
"CMD-7069FDF5F157",Admin1,success,"2026-04-22T16:41:22.746334"
"CMD-70D6ED2D50B8",User1,success,"2026-04-22T17:12:38.742268"
"CMD-70D85D4A646E",Admin1,success,"2026-04-22T17:24:46.836475"
"CMD-70DA8076AE95",User1,success,"2026-04-22T14:55:57.588021"
"CMD-70DEDACBE91B",Admin1,success,"2026-04-22T16:10:16.984891"
"CMD-70F474E567D7",Admin1,success,"2026-04-22T18:07:20.704550"
"CMD-710AFCD9F580",User1,success,"2026-04-22T14:56:02.185387"
"CMD-7123AFA4EB3A",User1,success,"2026-04-22T17:59:01.944741"
"CMD-714926E930F9",User1,success,"2026-04-22T15:22:20.967933"
"CMD-7156DA751506",Admin1,success,"2026-04-22T15:26:12.151971"
"CMD-716D57B463BC",User1,success,"2026-04-22T16:47:58.303197"
"CMD-716ECAAD991B",User1,success,"2026-04-22T18:03:43.762107"
"CMD-71C56F806F2C",Admin1,success,"2026-04-22T17:23:11.233487"
"CMD-71D8B06E9D12",Admin1,success,"2026-04-22T15:21:11.932635"
"CMD-71D9887C395D",Admin1,success,"2026-04-22T17:57:53.659509"
"CMD-71E4F84952FE",Admin1,success,"2026-04-22T17:16:22.899193"
"CMD-71F47072974F",Admin1,success,"2026-04-22T17:42:30.840022"
"CMD-71FA746E31F4",Admin1,success,"2026-04-22T16:42:39.501411"
"CMD-722C138DE432",User1,success,"2026-04-22T16:33:15.542174"
"CMD-72321C86A6C4",Admin1,success,"2026-04-22T17:24:02.232622"
"CMD-7236C1F38F51",Admin1,success,"2026-04-22T15:23:00.977588"
"CMD-726C43F633D1",Admin1,success,"2026-04-22T15:02:56.572047"
"CMD-726E7835A4DF",Admin1,success,"2026-04-22T17:20:24.444157"
"CMD-727BF6F13F61",Admin1,success,"2026-04-22T15:04:56.584178"
"CMD-72830E205AD3",User1,success,"2026-04-22T16:17:55.864382"
"CMD-72914E5526EA",Admin1,success,"2026-04-22T16:27:35.539651"
"CMD-729BB6AB07AD",Admin1,success,"2026-04-22T18:06:42.019205"
"CMD-72A2EE16964D",User1,success,"2026-04-22T18:07:27.450653"
"CMD-72D337E544FE",Admin1,success,"2026-04-22T16:46:32.589243"
"CMD-72DC3F2AA72C",Admin1,success,"2026-04-22T15:14:04.316716"
"CMD-72EF9585CEBE",Admin1,success,"2026-04-22T17:13:57.329353"
"CMD-7316883000F4",User1,success,"2026-04-22T17:26:47.833312"
"CMD-732410D08B5F",User1,success,"2026-04-22T15:39:32.764547"
"CMD-73364F1F7323",Admin1,success,"2026-04-22T17:03:44.957739"
"CMD-735017F44D25",User1,success,"2026-04-22T15:13:42.810000"
"CMD-7363554163AC",Admin1,success,"2026-04-22T17:31:04.225287"
"CMD-73669DD988AB",User1,success,"2026-04-22T17:32:09.563878"
"CMD-737744756727",User1,success,"2026-04-22T17:51:25.029686"
"CMD-7387197E2D96",Admin1,success,"2026-04-22T17:20:38.456088"
"CMD-7387F4CEA8E2",Admin1,success,"2026-04-22T16:11:33.872345"
"CMD-738A03DBE34A",Admin1,success,"2026-04-22T17:56:21.367168"
"CMD-7419DA0EBF28",User1,success,"2026-04-22T17:59:06.661939"
"CMD-7427B3FE30BA",Admin1,success,"2026-04-22T16:52:26.835522"
"CMD-7434F55B92E1",Admin1,success,"2026-04-22T17:34:24.355159"
"CMD-744B3CF501C9",User1,success,"2026-04-22T17:11:27.255242"
"CMD-7480F54EE57B",User1,success,"2026-04-22T14:46:45.196671"
"CMD-748963D3A2AB",User1,success,"2026-04-22T17:38:31.050012"
"CMD-74BD09A9B77F",User1,success,"2026-04-22T17:11:22.867779"
"CMD-74F1F133C846",Admin1,success,"2026-04-22T17:51:11.251196"
"CMD-74FE468C3041",User1,success,"2026-04-22T18:04:18.232704"
"CMD-75140881BCE6",Admin1,success,"2026-04-22T17:26:54.672084"
"CMD-751962611424",User1,success,"2026-04-22T16:58:02.501255"
"CMD-7539BD0DE79F",User1,success,"2026-04-22T17:22:02.042556"
"CMD-754130EF7FFA",User1,success,"2026-04-22T17:53:04.636125"
"CMD-754F1ADC7ABA",Admin1,success,"2026-04-22T15:59:07.715554"
"CMD-75529CD210EB",User1,success,"2026-04-22T15:25:20.834817"
"CMD-755908062E0A",Admin1,success,"2026-04-22T17:17:51.789024"
"CMD-756DA81BED49",User1,success,"2026-04-22T15:53:56.452032"
"CMD-75EDD2B7EFA0",Admin1,success,"2026-04-22T17:19:44.254694"
"CMD-760BF37570D9",User1,success,"2026-04-22T17:16:34.558560"
"CMD-760C08EC1EE7",User1,success,"2026-04-22T16:46:44.619460"
"CMD-76108F44A5AB",Admin1,success,"2026-04-22T15:17:57.319369"
"CMD-762BE8F617FD",Admin1,success,"2026-04-22T17:58:21.807510"
"CMD-7633FA74AA67",User1,success,"2026-04-22T17:59:51.123959"
"CMD-763E63605683",Admin1,success,"2026-04-22T16:19:40.769105"
"CMD-7647A1B7BF6D",Admin1,success,"2026-04-22T17:10:19.085734"
"CMD-766427E86933",Admin1,success,"2026-04-22T17:45:55.241342"
"CMD-7677DEAE5881",User1,success,"2026-04-22T15:11:03.018622"
"CMD-7679AAD5EFB3",Admin1,success,"2026-04-22T17:34:51.072848"
"CMD-76B476E68FF7",User1,success,"2026-04-22T17:04:31.687115"
"CMD-76D2B6B6C5B9",Admin1,success,"2026-04-22T16:05:06.524217"
"CMD-77290A53FAE4",User1,success,"2026-04-22T16:00:05.312631"
"CMD-772F87CACCCD",Admin1,success,"2026-04-22T15:00:42.787773"
"CMD-775E350DFB61",User1,success,"2026-04-22T16:56:23.320396"
"CMD-7762D8CC475F",User1,success,"2026-04-22T14:50:29.964967"
"CMD-77967DF41122",User1,success,"2026-04-22T15:17:07.701908"
"CMD-779A4AB30749",User1,success,"2026-04-22T16:35:19.172605"
"CMD-77B8A5D11568",User1,success,"2026-04-22T15:57:29.423253"
"CMD-780484B2FE03",Admin1,success,"2026-04-22T17:54:25.126249"
"CMD-781D00F7AD7D",Admin1,success,"2026-04-22T18:00:30.155335"
"CMD-788017970A75",User1,success,"2026-04-22T17:28:36.166817"
"CMD-788116DA6DEA",User1,success,"2026-04-22T17:38:18.235901"
"CMD-7893AB2BD0F9",Admin1,success,"2026-04-22T17:55:32.232077"
"CMD-7894BAA4FE2E",Admin1,success,"2026-04-22T16:38:24.064069"
"CMD-78A61C5D950F",Admin1,success,"2026-04-22T16:20:03.552068"
"CMD-78AB9CB09484",Admin1,success,"2026-04-22T17:52:40.129707"
"CMD-78E5D5EEC402",Admin1,success,"2026-04-22T17:51:31.690142"
"CMD-78E79E58AA8B",Admin1,success,"2026-04-22T17:58:26.542261"
"CMD-78EEA8250742",User1,success,"2026-04-22T16:40:24.099353"
"CMD-791AA55EA6AE",User1,success,"2026-04-22T17:45:24.491041"
"CMD-792014BB5742",Admin1,success,"2026-04-22T16:33:47.593559"
"CMD-7932D1163D95",Admin1,success,"2026-04-22T15:06:02.034443"
"CMD-7934AF75E8F6",Admin1,success,"2026-04-22T14:50:36.860722"
"CMD-793E764283E7",User1,success,"2026-04-22T15:37:16.066113"
"CMD-7953A859F8F1",User1,success,"2026-04-22T17:18:59.847215"
"CMD-795EF2E6A642",User1,success,"2026-04-22T14:52:58.860065"
"CMD-79781FDC11C4",User1,success,"2026-04-22T17:22:43.864154"
"CMD-7979B152A32D",Admin1,success,"2026-04-22T15:49:52.931360"
"CMD-79B0F7BCC5E5",Admin1,success,"2026-04-22T14:55:04.804065"
"CMD-79BA22C70C91",Admin1,success,"2026-04-22T15:21:07.289360"
"CMD-79CD214506AA",User1,success,"2026-04-22T16:46:01.337717"
"CMD-79F980518005",Admin1,success,"2026-04-22T17:30:12.165268"
"CMD-7A0706440369",User1,success,"2026-04-22T17:31:11.037853"
"CMD-7A246A3CC96D",User1,success,"2026-04-22T16:27:11.775502"
"CMD-7A34022415B9",Admin1,success,"2026-04-22T15:08:34.053236"
"CMD-7A44C0E22211",User1,success,"2026-04-22T16:48:43.402562"
"CMD-7A4B5938CFD5",Admin1,success,"2026-04-22T15:18:01.568591"
"CMD-7A661FEE93F3",Admin1,success,"2026-04-22T15:21:02.926047"
"CMD-7A8667374079",User1,success,"2026-04-22T17:37:54.874181"
"CMD-7AAD9048C5EC",User1,success,"2026-04-22T17:32:57.555148"
"CMD-7AB0C663F4CF",User1,success,"2026-04-22T15:31:47.652824"
"CMD-7AD5458EC0F3",User1,success,"2026-04-22T15:34:19.504091"
"CMD-7B566B96B7CA",User1,success,"2026-04-22T15:12:53.759080"
"CMD-7B5E8D315C3C",User1,success,"2026-04-22T17:29:08.420281"
"CMD-7B787DBB92BE",Admin1,success,"2026-04-22T17:41:19.077666"
"CMD-7BAC71E7D6F6",Admin1,success,"2026-04-22T15:33:34.136754"
"CMD-7BDD13061CA7",Admin1,success,"2026-04-22T17:55:01.498791"
"CMD-7BE2D455B4E3",Admin1,success,"2026-04-22T16:00:31.304556"
"CMD-7C4C1CBA4FEA",Admin1,success,"2026-04-22T18:09:12.147412"
"CMD-7C5AC7EE1796",Admin1,success,"2026-04-22T15:58:07.634855"
"CMD-7C6E03DA79F1",User1,success,"2026-04-22T16:51:48.898053"
"CMD-7C7F31355E31",Admin1,success,"2026-04-22T17:48:18.100842"
"CMD-7C86CE9B95C6",User1,success,"2026-04-22T15:52:08.224234"
"CMD-7C9B340EC362",Admin1,success,"2026-04-22T15:18:09.460050"
"CMD-7CA4CDFF23BD",Admin1,success,"2026-04-22T15:18:50.284538"
"CMD-7CA8FE98BF24",User1,success,"2026-04-22T16:24:41.034874"
"CMD-7CAE40F773FD",Admin1,success,"2026-04-22T15:57:49.952200"
"CMD-7CB5742ED9DE",Admin1,success,"2026-04-22T15:15:58.635610"
"CMD-7CDA614E182C",Admin1,success,"2026-04-22T16:20:42.656089"
"CMD-7CE2D978C910",Admin1,success,"2026-04-22T17:17:09.267960"
"CMD-7CE6B2E0BADA",User1,success,"2026-04-22T15:45:22.508889"
"CMD-7D2E559108F6",Admin1,success,"2026-04-22T16:41:58.425020"
"CMD-7D3295FFAF86",Admin1,success,"2026-04-22T16:12:40.256947"
"CMD-7D3A0FAA2455",User1,success,"2026-04-22T16:01:59.483232"
"CMD-7D474B0603C9",Admin1,success,"2026-04-22T15:20:30.860834"
"CMD-7D4A689E9447",Admin1,success,"2026-04-22T15:07:22.977600"
"CMD-7D5B99F4AFAA",User1,success,"2026-04-22T16:59:39.680001"
"CMD-7DCF00273450",User1,success,"2026-04-22T16:05:13.083163"
"CMD-7DF359C04A95",Admin1,success,"2026-04-22T15:13:01.216555"
"CMD-7E02F589AF2F",User1,success,"2026-04-22T16:59:44.343401"
"CMD-7E2824BD449B",Admin1,success,"2026-04-22T16:52:01.291517"
"CMD-7E407FB95608",User1,success,"2026-04-22T17:49:21.373165"
"CMD-7E82C6180CD8",User1,success,"2026-04-22T16:56:57.153485"
"CMD-7E930219EB9F",User1,success,"2026-04-22T15:15:23.684996"
"CMD-7E9473449EAB",Admin1,success,"2026-04-22T17:57:36.026704"
"CMD-7ED60D32C8B7",Admin1,success,"2026-04-22T18:07:47.971847"
"CMD-7EF7C7ED9ADD",Admin1,success,"2026-04-22T15:53:40.925499"
"CMD-7EF922CD66E3",Admin1,success,"2026-04-22T17:52:55.737442"
"CMD-7EFFB7BCDB52",Admin1,success,"2026-04-22T17:51:18.296114"
"CMD-7F0A975529C2",User1,success,"2026-04-22T15:34:55.445906"
"CMD-7F15EFC956A4",User1,success,"2026-04-22T17:39:03.470071"
"CMD-7F4B630B51CE",User1,success,"2026-04-22T16:32:05.745287"
"CMD-7F7170FD4D47",Admin1,success,"2026-04-22T16:32:13.631569"
"CMD-7FB088077392",Admin1,success,"2026-04-22T16:11:20.161940"
"CMD-7FBAA447533A",User1,success,"2026-04-22T15:25:53.798642"
"CMD-7FBFA6BF5105",User1,success,"2026-04-22T16:11:27.114811"
"CMD-7FD1E8D9241D",Admin1,success,"2026-04-22T16:53:05.587677"
"CMD-7FD5F224FC6D",User1,success,"2026-04-22T16:18:40.828362"
"CMD-7FE089539256",Admin1,success,"2026-04-22T15:32:43.617357"
"CMD-7FE43C3A152F",Admin1,success,"2026-04-22T15:11:56.750998"
"CMD-8020309CDB67",User1,success,"2026-04-22T16:26:40.261646"
"CMD-8037BBCB6619",User1,success,"2026-04-22T17:25:02.884689"
"CMD-80545AA9F98F",User1,success,"2026-04-22T15:17:43.204777"
"CMD-805F15B2C44E",User1,success,"2026-04-22T16:44:43.661460"
"CMD-807B9B8D6A32",User1,success,"2026-04-22T15:19:55.061635"
"CMD-808E645C4533",Admin1,success,"2026-04-22T17:37:45.579751"
"CMD-8095CD4730AC",User1,success,"2026-04-22T15:26:33.083331"
"CMD-80984FEBD018",User1,success,"2026-04-22T16:41:28.783272"
"CMD-80991DD5213C",User1,success,"2026-04-22T17:46:50.623290"
"CMD-80B2DB292E9E",Admin1,success,"2026-04-22T17:15:02.072517"
"CMD-80BDE1C6DAAB",Admin1,success,"2026-04-22T17:31:17.638696"
"CMD-80C6CF7F8AB0",Admin1,success,"2026-04-22T17:05:17.360029"
"CMD-80D0C26C036C",Admin1,success,"2026-04-22T16:09:30.360630"
"CMD-80DB3906AE93",User1,success,"2026-04-22T17:14:48.898476"
"CMD-80F6B7BB46FE",User1,success,"2026-04-22T17:27:06.773273"
"CMD-81324D049674",Admin1,success,"2026-04-22T17:06:46.978675"
"CMD-8153CF8C4EAD",Admin1,success,"2026-04-22T17:07:11.781713"
"CMD-815F045D71ED",User1,success,"2026-04-22T17:00:57.174132"
"CMD-8174FFE9880F",Admin1,success,"2026-04-22T18:08:56.213948"
"CMD-81999142CF47",Admin1,success,"2026-04-22T18:04:25.081659"
"CMD-81C1AE770661",Admin1,success,"2026-04-22T15:47:45.408009"
"CMD-81F24E1F3542",User1,success,"2026-04-22T15:20:15.314488"
"CMD-8238EEDEFA64",User1,success,"2026-04-22T17:12:33.858498"
"CMD-823EB93381BC",Admin1,success,"2026-04-22T15:46:28.187866"
"CMD-82467248A3AE",Admin1,success,"2026-04-22T17:26:59.786277"
"CMD-824CCCD1F4C4",Admin1,success,"2026-04-22T15:13:26.926796"
"CMD-825D2C9F043A",User1,success,"2026-04-22T17:55:59.806818"
"CMD-8271F0C57B0B",User1,success,"2026-04-22T16:34:51.153933"
"CMD-827E65A66D38",Admin1,success,"2026-04-22T17:18:44.628450"
"CMD-82904A99E3E2",User1,success,"2026-04-22T15:53:16.676647"
"CMD-82A0C0E18865",Admin1,success,"2026-04-22T16:29:48.204882"
"CMD-82FA112F0B4E",User1,success,"2026-04-22T14:54:26.326436"
"CMD-83038E3E1C76",Admin1,success,"2026-04-22T16:25:46.817620"
"CMD-831D44F572FD",Admin1,success,"2026-04-22T17:43:48.865550"
"CMD-8341C486A04C",User1,success,"2026-04-22T17:35:57.408122"
"CMD-835D9B86C673",Admin1,success,"2026-04-22T14:49:57.454817"
"CMD-8391A3C58903",User1,success,"2026-04-22T18:10:07.187535"
"CMD-839C05172847",User1,success,"2026-04-22T14:41:43.324163"
"CMD-83B9A4D52D1F",User1,success,"2026-04-22T15:27:03.253759"
"CMD-83DB3ED06D19",Admin1,success,"2026-04-22T15:10:03.018109"
"CMD-83DDDDFED675",User1,success,"2026-04-22T15:31:34.105052"
"CMD-83F977E199C0",Admin1,success,"2026-04-22T16:00:50.199312"
"CMD-8415FA52DEC7",Admin1,success,"2026-04-22T17:53:16.231819"
"CMD-84545AAF29F2",Admin1,success,"2026-04-22T16:27:00.772905"
"CMD-8465DB0E03FC",User1,success,"2026-04-22T15:14:11.069000"
"CMD-8489963CD5CB",User1,success,"2026-04-22T16:58:26.094119"
"CMD-848EF80C1B01",User1,success,"2026-04-22T15:30:04.588295"
"CMD-849BBED3786B",Admin1,success,"2026-04-22T15:37:41.676317"
"CMD-84F647A202DB",Admin1,success,"2026-04-22T16:25:19.350713"
"CMD-850AEE7D7EC4",User1,success,"2026-04-22T16:58:55.125966"
"CMD-858838690B52",User1,success,"2026-04-22T17:08:21.665482"
"CMD-858C3BDD117C",User1,success,"2026-04-22T17:43:01.099756"
"CMD-85A3048CD208",User1,success,"2026-04-22T18:09:43.219854"
"CMD-85A98DE20512",Admin1,success,"2026-04-22T16:02:39.079991"
"CMD-85D6F5BAA3E6",User1,success,"2026-04-22T17:32:43.334128"
"CMD-85F91C3571C9",User1,success,"2026-04-22T14:47:39.394478"
"CMD-862648B43E2A",Admin1,success,"2026-04-22T16:45:01.865247"
"CMD-86302C7F2E20",Admin1,success,"2026-04-22T16:35:26.036057"
"CMD-863D1861DC88",User1,success,"2026-04-22T15:05:45.665175"
"CMD-86652C9B0AA6",User1,success,"2026-04-22T15:49:13.361230"
"CMD-8686EAAD63E6",User1,success,"2026-04-22T16:42:07.949520"
"CMD-86B03DDF7F31",Admin1,success,"2026-04-22T16:12:53.481906"
"CMD-86C097571DF3",Admin1,success,"2026-04-22T17:19:51.411622"
"CMD-86E42F08BFFD",Admin1,success,"2026-04-22T15:48:57.723939"
"CMD-87033FDF4A81",Admin1,success,"2026-04-22T16:59:59.291764"
"CMD-870A45686F33",User1,success,"2026-04-22T17:02:30.411262"
"CMD-870EBEC8E50A",Admin1,success,"2026-04-22T15:07:39.043989"
"CMD-871E72B71DB9",Admin1,success,"2026-04-22T15:27:33.779469"
"CMD-8735BDD9A742",Admin1,success,"2026-04-22T17:37:52.022270"
"CMD-874575931B95",User1,success,"2026-04-22T16:18:14.812568"
"CMD-87658E5B0CF8",User1,success,"2026-04-22T17:15:09.428450"
"CMD-876E046F4538",Admin1,success,"2026-04-22T15:35:18.207650"
"CMD-87B809630409",User1,success,"2026-04-22T18:03:39.002452"
"CMD-87BEFF004EBB",User1,success,"2026-04-22T16:29:36.977824"
"CMD-87BFA14B1DAB",Admin1,success,"2026-04-22T16:34:17.026691"
"CMD-87C3D29FDEB5",Admin1,success,"2026-04-22T17:09:30.667862"
"CMD-87D0CD5A2F00",Admin1,success,"2026-04-22T17:28:44.133741"
"CMD-87E4477FFE4E",Admin1,success,"2026-04-22T15:11:32.163000"
"CMD-87E5807BB65A",Admin1,success,"2026-04-22T15:21:53.906411"
"CMD-87FE03D6276A",Admin1,success,"2026-04-22T16:00:20.777484"
"CMD-8813F1510B0D",Admin1,success,"2026-04-22T17:13:13.343595"
"CMD-88487878AA8C",User1,success,"2026-04-22T15:57:43.372431"
"CMD-8852E6A2649A",User1,success,"2026-04-22T17:01:46.416273"
"CMD-88713BFE62C9",Admin1,success,"2026-04-22T16:52:03.548318"
"CMD-889BBC0CE2DF",User1,success,"2026-04-22T14:53:13.303479"
"CMD-88C89EA233E8",Admin1,success,"2026-04-22T17:34:56.680406"
"CMD-88E460CD0625",Admin1,success,"2026-04-22T15:06:36.660810"
"CMD-88F40FA53195",User1,success,"2026-04-22T15:12:34.771256"
"CMD-88FE82A6DF2A",Admin1,success,"2026-04-22T17:47:28.941332"
"CMD-89208A9E6997",Admin1,success,"2026-04-22T16:19:35.454224"
"CMD-895C6FD17C9A",Admin1,success,"2026-04-22T18:05:10.123010"
"CMD-8961243E1210",Admin1,success,"2026-04-22T17:17:47.158821"
"CMD-8989DD631C12",User1,success,"2026-04-22T17:32:52.770044"
"CMD-89BAFDE1FA84",User1,success,"2026-04-22T14:51:28.264206"
"CMD-89F071E699B9",Admin1,success,"2026-04-22T15:42:58.186338"
"CMD-89F43A1C798B",Admin1,success,"2026-04-22T17:20:05.757826"
"CMD-89F9891536DB",User1,success,"2026-04-22T17:56:08.927945"
"CMD-89FBDF947173",User1,success,"2026-04-22T18:09:53.012379"
"CMD-8A2AE17E57E0",User1,success,"2026-04-22T17:34:10.959628"
"CMD-8A2B2D6AE8EF",User1,success,"2026-04-22T15:38:39.139569"
"CMD-8A4385E48BE6",User1,success,"2026-04-22T17:13:39.973747"
"CMD-8A51B9002049",User1,success,"2026-04-22T15:23:26.863631"
"CMD-8A6A8CABC309",User1,success,"2026-04-22T16:24:07.260647"
"CMD-8A820F23E2BC",Admin1,success,"2026-04-22T15:47:08.588718"
"CMD-8AC6CBAD5BD2",User1,success,"2026-04-22T17:56:34.354477"
"CMD-8AF40428C8E2",Admin1,success,"2026-04-22T17:43:12.680555"
"CMD-8B0688011B60",User1,success,"2026-04-22T16:35:09.993093"
"CMD-8B39191544A1",Admin1,success,"2026-04-22T17:03:03.076697"
"CMD-8B511BBB1EC8",User1,success,"2026-04-22T16:31:11.124834"
"CMD-8B55F1330B7B",Admin1,success,"2026-04-22T15:58:21.256138"
"CMD-8B5EC25E6B74",Admin1,success,"2026-04-22T17:03:59.787967"
"CMD-8B5EF899F458",User1,success,"2026-04-22T17:07:58.333539"
"CMD-8B9DAADA31B8",User1,success,"2026-04-22T14:42:23.260736"
"CMD-8BC152242C29",Admin1,success,"2026-04-22T17:26:03.547084"
"CMD-8BD6F924EC77",User1,success,"2026-04-22T16:40:00.953902"
"CMD-8C144B4DEA1F",User1,success,"2026-04-22T17:12:01.106151"
"CMD-8C5BB53FE392",User1,success,"2026-04-22T16:21:27.233838"
"CMD-8C60AFEB770E",User1,success,"2026-04-22T16:48:48.072787"
"CMD-8C7562CC17E7",Admin1,success,"2026-04-22T17:53:53.799111"
"CMD-8C862522DECD",Admin1,success,"2026-04-22T16:45:06.475529"
"CMD-8CA51959E1C5",User1,success,"2026-04-22T15:29:05.239037"
"CMD-8CDB0699ABC7",User1,success,"2026-04-22T14:48:53.409902"
"CMD-8CDB5F60D578",User1,success,"2026-04-22T15:21:47.271737"
"CMD-8D3B38AA120A",User1,success,"2026-04-22T15:52:52.337626"
"CMD-8D7639748782",User1,success,"2026-04-22T18:00:08.886443"
"CMD-8D7ABB7A2001",Admin1,success,"2026-04-22T15:32:17.905343"
"CMD-8DA2494A1E83",User1,success,"2026-04-22T16:07:40.753919"
"CMD-8DAE0E14FB2B",Admin1,success,"2026-04-22T16:04:51.637982"
"CMD-8DB852F77F6A",User1,success,"2026-04-22T15:36:58.785297"
"CMD-8DC188E488BB",Admin1,success,"2026-04-22T16:24:17.650865"
"CMD-8DE9796E9F56",Admin1,success,"2026-04-22T16:43:31.599864"
"CMD-8E34A6FD3D51",Admin1,success,"2026-04-22T15:38:05.631928"
"CMD-8E7CC81C471D",Admin1,success,"2026-04-22T15:26:52.215117"
"CMD-8E8BEBF58186",Admin1,success,"2026-04-22T16:41:25.341274"
"CMD-8E9F1E8CDA94",User1,success,"2026-04-22T16:50:34.071009"
"CMD-8EA16698FD66",User1,success,"2026-04-22T17:51:47.575026"
"CMD-8EDAE9FC1B36",User1,success,"2026-04-22T17:22:38.998411"
"CMD-8EE5CC6C1F48",User1,success,"2026-04-22T15:53:29.956941"
"CMD-8EFFEE1A9177",Admin1,success,"2026-04-22T15:50:59.504884"
"CMD-8F3A8EDC5D1F",User1,success,"2026-04-22T17:22:11.399595"
"CMD-8F503CFF84D5",User1,success,"2026-04-22T15:07:48.120534"
"CMD-8FB458EE11C3",Admin1,success,"2026-04-22T17:36:36.290443"
"CMD-8FB9E0BCF4FE",Admin1,success,"2026-04-22T15:32:28.299991"
"CMD-8FCEA659DD82",Admin1,success,"2026-04-22T18:04:14.754103"
"CMD-8FDA0F1BE54E",User1,success,"2026-04-22T17:02:08.269147"
"CMD-8FF45E463BBD",Admin1,success,"2026-04-22T16:02:56.745556"
"CMD-900DFF8738FF",User1,success,"2026-04-22T16:14:28.687813"
"CMD-900F9E55B49F",Admin1,success,"2026-04-22T16:39:10.164744"
"CMD-9025662CC0AB",Admin1,success,"2026-04-22T17:57:40.493240"
"CMD-9035DEF9B09A",Admin1,success,"2026-04-22T17:56:40.992727"
"CMD-904E78F1B550",User1,success,"2026-04-22T15:39:28.145111"
"CMD-90539ED8E985",Admin1,success,"2026-04-22T16:09:04.288702"
"CMD-9068FF02FDF0",User1,success,"2026-04-22T16:39:22.289956"
"CMD-9086397AE778",User1,success,"2026-04-22T18:02:06.398862"
"CMD-908857186747",User1,success,"2026-04-22T15:35:57.598377"
"CMD-909A476EE10C",User1,success,"2026-04-22T15:29:54.882083"
"CMD-90B1A46910F5",User1,success,"2026-04-22T14:46:18.571759"
"CMD-90B6F3E0C7EE",User1,success,"2026-04-22T14:40:48.826138"
"CMD-90D7D15BA23E",Admin1,success,"2026-04-22T15:09:40.681023"
"CMD-90F17B87BB15",Admin1,success,"2026-04-22T17:38:52.419242"
"CMD-90FD095DA4AF",Admin1,success,"2026-04-22T17:16:25.475457"
"CMD-910B22CD76BF",User1,success,"2026-04-22T14:53:08.573422"
"CMD-911A35E7C7CA",User1,success,"2026-04-22T16:34:23.607639"
"CMD-913510E6D99E",User1,success,"2026-04-22T16:52:09.978808"
"CMD-9178EA6B65C0",User1,success,"2026-04-22T16:21:51.435554"
"CMD-917DCC689657",User1,success,"2026-04-22T15:25:49.587982"
"CMD-91A9AF0DC785",Admin1,success,"2026-04-22T17:36:38.755254"
"CMD-91C3721F49A6",User1,success,"2026-04-22T15:25:16.529698"
"CMD-91F58E2FE289",User1,success,"2026-04-22T16:44:01.837133"
"CMD-91FFF9CA96BF",User1,success,"2026-04-22T15:39:09.618471"
"CMD-921D6820F8ED",Admin1,success,"2026-04-22T16:55:02.126715"
"CMD-92329F6A3224",User1,success,"2026-04-22T16:35:49.177803"
"CMD-92808713DA8A",Admin1,success,"2026-04-22T15:30:22.082764"
"CMD-928C8E092771",User1,success,"2026-04-22T16:20:10.333004"
"CMD-929F90B0E4AA",Admin1,success,"2026-04-22T17:35:16.018078"
"CMD-92B2975BB9F7",Admin1,success,"2026-04-22T17:53:59.360203"
"CMD-92DCEEA05221",Admin1,success,"2026-04-22T15:29:13.196041"
"CMD-93199D3C87DE",User1,success,"2026-04-22T17:41:33.224494"
"CMD-9325FC35D179",Admin1,success,"2026-04-22T16:14:19.707282"
"CMD-93436480E55B",Admin1,success,"2026-04-22T17:48:45.463621"
"CMD-9369E7A4521B",User1,success,"2026-04-22T15:28:08.706523"
"CMD-9387DD3FA42D",User1,success,"2026-04-22T16:19:24.314764"
"CMD-93910BD39DB2",User1,success,"2026-04-22T15:15:33.561493"
"CMD-93B3B111307E",Admin1,success,"2026-04-22T17:37:30.971492"
"CMD-93B700854994",Admin1,success,"2026-04-22T15:49:36.922206"
"CMD-93F8761D7438",User1,success,"2026-04-22T17:43:56.000319"
"CMD-942AC7A648F2",User1,success,"2026-04-22T16:06:51.827827"
"CMD-945084BF0572",Admin1,success,"2026-04-22T16:38:37.825585"
"CMD-94B20E05C1AC",Admin1,success,"2026-04-22T15:36:04.158267"
"CMD-94B23D516C38",Admin1,success,"2026-04-22T17:45:02.868149"
"CMD-94B645D6DEDC",Admin1,success,"2026-04-22T15:30:35.920561"
"CMD-94DBB730314E",User1,success,"2026-04-22T18:06:30.183183"
"CMD-94E7DC8FA29C",Admin1,success,"2026-04-22T16:04:24.706130"
"CMD-94EDF11A885A",Admin1,success,"2026-04-22T15:42:04.890917"
"CMD-94F52F7902AC",User1,success,"2026-04-22T16:58:36.900204"
"CMD-950466410DA1",Admin1,success,"2026-04-22T17:00:26.594717"
"CMD-951EA49DDCE0",Admin1,success,"2026-04-22T18:03:22.901620"
"CMD-9525653E02EE",Admin1,success,"2026-04-22T17:07:51.507106"
"CMD-9580266E7092",User1,success,"2026-04-22T17:25:23.218243"
"CMD-95CF26F96B5C",Admin1,success,"2026-04-22T14:47:55.299991"
"CMD-95E2D06A9A84",User1,success,"2026-04-22T17:45:42.553522"
"CMD-95FF8A9B8428",User1,success,"2026-04-22T17:05:08.241538"
"CMD-960B2F2ECB70",Admin1,success,"2026-04-22T17:13:03.791708"
"CMD-960F664A7722",Admin1,success,"2026-04-22T15:00:28.973635"
"CMD-962E4AC600D4",User1,success,"2026-04-22T16:38:57.904404"
"CMD-965C4104459C",User1,success,"2026-04-22T16:16:19.231741"
"CMD-9664435DCC75",Admin1,success,"2026-04-22T16:02:10.705405"
"CMD-96C9B0F1C88F",Admin1,success,"2026-04-22T16:10:45.178088"
"CMD-9717BE8F5245",User1,success,"2026-04-22T15:07:31.499031"
"CMD-971E5B1EF777",Admin1,success,"2026-04-22T17:47:50.027727"
"CMD-973B59BAEE2A",Admin1,success,"2026-04-22T15:42:55.914440"
"CMD-9742FA1BF628",Admin1,success,"2026-04-22T16:20:47.116362"
"CMD-9776E9B6BF64",Admin1,success,"2026-04-22T17:16:51.216414"
"CMD-978AA0577560",Admin1,success,"2026-04-22T15:02:36.944865"
"CMD-97B34AA8BEFD",Admin1,success,"2026-04-22T15:25:09.252172"
"CMD-97B8014068BB",User1,success,"2026-04-22T16:31:01.479913"
"CMD-9800A0194BB9",Admin1,success,"2026-04-22T15:30:30.218010"
"CMD-98212EBEBC48",User1,success,"2026-04-22T17:23:50.073485"
"CMD-98295AA303F1",Admin1,success,"2026-04-22T16:36:33.472415"
"CMD-982D3289C28C",Admin1,success,"2026-04-22T14:52:42.916054"
"CMD-98365AB0B4C9",Admin1,success,"2026-04-22T17:58:45.686733"
"CMD-985D20EAFA5F",User1,success,"2026-04-22T15:16:05.279775"
"CMD-985F1724DCDD",Admin1,success,"2026-04-22T16:11:53.427439"
"CMD-986377393495",Admin1,success,"2026-04-22T17:39:13.910497"
"CMD-987F15AA63C4",User1,success,"2026-04-22T17:48:05.740204"
"CMD-989F794732D4",User1,success,"2026-04-22T16:28:06.222570"
"CMD-98A6285D3A39",Admin1,success,"2026-04-22T15:37:06.817583"
"CMD-98E428B583E2",Admin1,success,"2026-04-22T16:45:57.684794"
"CMD-9911C5663BEA",User1,success,"2026-04-22T14:55:28.214663"
"CMD-992AC74701E8",User1,success,"2026-04-22T16:50:22.581340"
"CMD-992D02EDE693",Admin1,success,"2026-04-22T16:26:18.145206"
"CMD-993C590B6FE9",User1,success,"2026-04-22T14:40:58.290259"
"CMD-996B68A90C8B",Admin1,success,"2026-04-22T15:18:07.157454"
"CMD-998ACE6C2DCA",Admin1,success,"2026-04-22T16:27:49.871008"
"CMD-999380D4C138",Admin1,success,"2026-04-22T14:46:25.479303"
"CMD-99A4E6438474",Admin1,success,"2026-04-22T17:18:14.414069"
"CMD-99C02A67E8AA",Admin1,success,"2026-04-22T16:09:39.486238"
"CMD-9A34C6AF6BC4",Admin1,success,"2026-04-22T16:05:47.665264"
"CMD-9A58278E8F89",User1,success,"2026-04-22T17:51:03.226542"
"CMD-9A7DED389748",Admin1,success,"2026-04-22T14:59:45.038694"
"CMD-9AA56AB378F8",User1,success,"2026-04-22T16:59:18.773698"
"CMD-9AC7C5E622C7",User1,success,"2026-04-22T15:52:32.869879"
"CMD-9ACA4643B1FF",User1,success,"2026-04-22T16:14:48.783540"
"CMD-9AE2C0DC022F",User1,success,"2026-04-22T17:59:23.117309"
"CMD-9AF545AFD4C0",Admin1,success,"2026-04-22T17:37:13.320496"
"CMD-9AF96E7DC19A",Admin1,success,"2026-04-22T16:44:36.734337"
"CMD-9B00219DF0CE",Admin1,success,"2026-04-22T15:11:59.049258"
"CMD-9B11F9D6C771",Admin1,success,"2026-04-22T17:52:35.270464"
"CMD-9B292ACF5A52",Admin1,success,"2026-04-22T18:01:33.139055"
"CMD-9B8132E78FCA",User1,success,"2026-04-22T16:42:12.676477"
"CMD-9B9FF1D367AC",Admin1,success,"2026-04-22T17:32:16.432350"
"CMD-9BA4E42BDD2A",Admin1,success,"2026-04-22T15:55:49.181910"
"CMD-9BB31D166E42",User1,success,"2026-04-22T15:08:42.624400"
"CMD-9BEC5A37D409",User1,success,"2026-04-22T15:15:05.553051"
"CMD-9BFEFD9E8660",Admin1,success,"2026-04-22T16:09:54.020158"
"CMD-9C09BE30675A",User1,success,"2026-04-22T15:47:20.173924"
"CMD-9C0ACAF60125",Admin1,success,"2026-04-22T14:49:31.693985"
"CMD-9C341C7C796F",Admin1,success,"2026-04-22T16:52:22.134081"
"CMD-9C37B6AA1158",User1,success,"2026-04-22T16:57:24.668324"
"CMD-9C94718313CE",Admin1,success,"2026-04-22T17:06:42.351019"
"CMD-9C9984263BF9",Admin1,success,"2026-04-22T17:46:25.257571"
"CMD-9CA75894EA6A",User1,success,"2026-04-22T16:35:54.193574"
"CMD-9CB1AD0171E5",User1,success,"2026-04-22T18:01:50.010888"
"CMD-9CB2A782570F",User1,success,"2026-04-22T15:34:23.804139"
"CMD-9CB3958BD8AC",Admin1,success,"2026-04-22T15:34:48.843372"
"CMD-9CCA127A12F9",Admin1,success,"2026-04-22T15:20:07.404433"
"CMD-9CD8E01B71F4",User1,success,"2026-04-22T15:20:24.335288"
"CMD-9CEE5750673A",User1,success,"2026-04-22T15:19:13.060838"
"CMD-9CFFC13A7193",Admin1,success,"2026-04-22T17:50:59.863717"
"CMD-9D31797E4ED6",Admin1,success,"2026-04-22T16:30:03.169507"
"CMD-9D54923C16ED",Admin1,success,"2026-04-22T17:03:25.227273"
"CMD-9D5D85BFABBE",Admin1,success,"2026-04-22T17:23:37.936662"
"CMD-9D77E5A7E929",User1,success,"2026-04-22T17:07:03.606345"
"CMD-9DA1C82D8908",Admin1,success,"2026-04-22T16:51:09.262828"
"CMD-9DB6132EEE54",User1,success,"2026-04-22T16:55:40.394902"
"CMD-9DD6FD1792D1",User1,success,"2026-04-22T17:29:25.182237"
"CMD-9E02CB39AE91",Admin1,success,"2026-04-22T17:11:51.278406"
"CMD-9E09E340B428",Admin1,success,"2026-04-22T17:08:04.886063"
"CMD-9E1239E52C60",Admin1,success,"2026-04-22T16:53:49.320567"
"CMD-9E3127CE280E",User1,success,"2026-04-22T16:16:38.730198"
"CMD-9E6E76C27952",User1,success,"2026-04-22T15:04:27.625185"
"CMD-9E708AEFB4E4",User1,success,"2026-04-22T17:04:17.046560"
"CMD-9E74FE16FE25",User1,success,"2026-04-22T16:46:25.614609"
"CMD-9E75AE57EE54",Admin1,success,"2026-04-22T17:54:56.771999"
"CMD-9EA7DBB91BBF",Admin1,success,"2026-04-22T17:47:43.221899"
"CMD-9EA94F6D4FEE",Admin1,success,"2026-04-22T14:44:44.503111"
"CMD-9EA99AC50C94",User1,success,"2026-04-22T17:42:56.362578"
"CMD-9EB9A601D50B",Admin1,success,"2026-04-22T15:01:12.666386"
"CMD-9EB9C4CC6264",User1,success,"2026-04-22T15:05:25.273826"
"CMD-9EE21550C93E",User1,success,"2026-04-22T16:00:00.833454"
"CMD-9EEB1B65140C",Admin1,success,"2026-04-22T15:46:25.872913"
"CMD-9EEEE1BA287A",User1,success,"2026-04-22T15:07:43.904830"
"CMD-9EF734B49FFB",Admin1,success,"2026-04-22T17:18:50.940702"
"CMD-9EF9BE703959",User1,success,"2026-04-22T16:28:24.580157"
"CMD-9EFDF9E5D9B4",Admin1,success,"2026-04-22T17:48:20.420370"
"CMD-9F0618FD0338",Admin1,success,"2026-04-22T17:49:14.524870"
"CMD-9F0D18EABBB1",Admin1,success,"2026-04-22T17:28:46.464921"
"CMD-9F3CDBA48DD9",Admin1,success,"2026-04-22T17:31:59.711583"
"CMD-9F51E6944C5B",Admin1,success,"2026-04-22T16:43:09.550917"
"CMD-9F675A503648",Admin1,success,"2026-04-22T17:52:02.330380"
"CMD-9F6944DBFE67",Admin1,success,"2026-04-22T15:52:00.745950"
"CMD-9F8CA47269B8",User1,success,"2026-04-22T18:04:42.320347"
"CMD-9F8DFEFC1420",Admin1,success,"2026-04-22T14:59:49.439637"
"CMD-9F8FF8CC44DE",User1,success,"2026-04-22T14:56:59.139330"
"CMD-9FA69092ADF9",Admin1,success,"2026-04-22T14:53:50.083919"
"CMD-9FDA95BC470B",User1,success,"2026-04-22T17:52:59.263105"
"CMD-9FF67FF22711",Admin1,success,"2026-04-22T17:02:46.263518"
"CMD-9FF767D67D28",User1,success,"2026-04-22T15:09:47.144426"
"CMD-A00F8D5A56F2",Admin1,success,"2026-04-22T16:47:27.245655"
"CMD-A05463B0EE8C",Admin1,success,"2026-04-22T17:44:40.716858"
"CMD-A055F4149BE1",Admin1,success,"2026-04-22T17:15:43.923260"
"CMD-A058EFDFC0F3",Admin1,success,"2026-04-22T15:41:23.549231"
"CMD-A081B3EF8A72",Admin1,success,"2026-04-22T17:20:40.907118"
"CMD-A0D9EF4C5A3B",User1,success,"2026-04-22T16:20:56.193224"
"CMD-A0F4F80B77AF",Admin1,success,"2026-04-22T15:25:34.776307"
"CMD-A105A1465F71",User1,success,"2026-04-22T17:38:40.034128"
"CMD-A1098C547E2F",Admin1,success,"2026-04-22T15:21:17.607492"
"CMD-A110EA5945C6",User1,success,"2026-04-22T17:24:22.448248"
"CMD-A112F84EC3D3",Admin1,success,"2026-04-22T17:40:01.068212"
"CMD-A117B2928941",User1,success,"2026-04-22T14:43:11.328564"
"CMD-A1360E2D5A07",User1,success,"2026-04-22T16:45:16.676093"
"CMD-A144C40D88B3",User1,success,"2026-04-22T17:21:52.436746"
"CMD-A17CD680D7CF",User1,success,"2026-04-22T15:19:31.367315"
"CMD-A1854895EA91",User1,success,"2026-04-22T15:34:02.298689"
"CMD-A189D6BE933A",Admin1,success,"2026-04-22T17:05:52.775401"
"CMD-A1D3EEF611F6",Admin1,success,"2026-04-22T15:38:56.274395"
"CMD-A1E2A1D7A47C",User1,success,"2026-04-22T15:23:40.576349"
"CMD-A1E5A8477A3C",Admin1,success,"2026-04-22T15:47:28.373110"
"CMD-A1F0EB77671F",Admin1,success,"2026-04-22T16:01:10.915780"
"CMD-A1FA02C32D27",Admin1,success,"2026-04-22T15:29:43.433358"
"CMD-A20897282741",Admin1,success,"2026-04-22T17:33:48.858370"
"CMD-A22C3E0B12E1",Admin1,success,"2026-04-22T17:35:10.974803"
"CMD-A24F859B29B3",Admin1,success,"2026-04-22T16:17:21.221235"
"CMD-A274688EF81B",Admin1,success,"2026-04-22T15:46:20.170777"
"CMD-A27BFB5E56D2",Admin1,success,"2026-04-22T14:55:40.834439"
"CMD-A2B57F8603ED",Admin1,success,"2026-04-22T18:02:28.555530"
"CMD-A2CED7633985",Admin1,success,"2026-04-22T16:25:22.496452"
"CMD-A2D0183EDD9A",Admin1,success,"2026-04-22T15:52:59.061519"
"CMD-A30981495177",User1,success,"2026-04-22T15:12:24.991381"
"CMD-A3183EA2D6EE",User1,success,"2026-04-22T14:41:33.468142"
"CMD-A31A305C2AE3",Admin1,success,"2026-04-22T16:47:32.340071"
"CMD-A3283B500B1D",Admin1,success,"2026-04-22T15:08:31.844212"
"CMD-A33328D780D5",User1,success,"2026-04-22T17:12:11.389945"
"CMD-A3CCEF89FD8B",User1,success,"2026-04-22T16:51:39.266631"
"CMD-A3F24E019657",Admin1,success,"2026-04-22T15:49:02.369223"
"CMD-A3FFFA865364",Admin1,success,"2026-04-22T15:33:36.708686"
"CMD-A42DDF50A240",Admin1,success,"2026-04-22T15:45:56.473813"
"CMD-A462570AABEB",Admin1,success,"2026-04-22T17:51:13.507680"
"CMD-A46C38DEE827",Admin1,success,"2026-04-22T15:10:07.538780"
"CMD-A48E61AA26D9",User1,success,"2026-04-22T16:40:53.277708"
"CMD-A4A47FC8F15F",Admin1,success,"2026-04-22T16:56:40.281366"
"CMD-A4B3800AAE0F",User1,success,"2026-04-22T16:16:47.451696"
"CMD-A4D80C993175",User1,success,"2026-04-22T16:43:43.075400"
"CMD-A50F06CF9B20",Admin1,success,"2026-04-22T14:50:59.294967"
"CMD-A51D2AAD9B42",User1,success,"2026-04-22T17:37:00.534773"
"CMD-A57C2160AA38",User1,success,"2026-04-22T17:03:36.821372"
"CMD-A5810B9F5B51",Admin1,success,"2026-04-22T16:43:14.046606"
"CMD-A5826EF8376D",Admin1,success,"2026-04-22T15:38:21.119240"
"CMD-A5A1803604CB",User1,success,"2026-04-22T17:55:21.684550"
"CMD-A5BC13836E9B",User1,success,"2026-04-22T15:06:52.922060"
"CMD-A606E550D505",Admin1,success,"2026-04-22T16:58:10.420238"
"CMD-A63454FA779A",Admin1,success,"2026-04-22T14:54:46.893072"
"CMD-A641DC274A51",Admin1,success,"2026-04-22T16:09:43.942102"
"CMD-A6464CE42151",User1,success,"2026-04-22T16:23:47.374032"
"CMD-A687773B7941",User1,success,"2026-04-22T14:57:03.919579"
"CMD-A692423D8145",User1,success,"2026-04-22T18:01:24.893610"
"CMD-A6A521E7A8F9",Admin1,success,"2026-04-22T17:40:50.471605"
"CMD-A6BD25F8AF28",User1,success,"2026-04-22T17:16:44.401154"
"CMD-A6D294936332",User1,success,"2026-04-22T16:41:46.971759"
"CMD-A6FD4B4A3AED",Admin1,success,"2026-04-22T15:50:15.752316"
"CMD-A709C0DE2D24",User1,success,"2026-04-22T17:13:16.106660"
"CMD-A71CD03E14F2",User1,success,"2026-04-22T14:50:03.922260"
"CMD-A72C2A7BC1CD",User1,success,"2026-04-22T16:18:36.256743"
"CMD-A75ED72EF469",User1,success,"2026-04-22T17:47:35.376295"
"CMD-A782D202B59F",Admin1,success,"2026-04-22T17:00:45.853930"
"CMD-A785C78733F9",User1,success,"2026-04-22T16:20:32.752228"
"CMD-A7A09FE4582C",User1,success,"2026-04-22T18:08:49.093914"
"CMD-A7A67A8B4283",User1,success,"2026-04-22T15:39:18.932611"
"CMD-A7F6162DA4A8",User1,success,"2026-04-22T17:29:03.996539"
"CMD-A7F8C24D3CC5",User1,success,"2026-04-22T16:54:12.450891"
"CMD-A7FD27E9539B",User1,success,"2026-04-22T15:43:54.806016"
"CMD-A809AB3F6835",User1,success,"2026-04-22T15:00:14.451076"
"CMD-A837DEF8C02B",User1,success,"2026-04-22T16:06:56.435126"
"CMD-A8436387C569",Admin1,success,"2026-04-22T16:38:05.394561"
"CMD-A88C96B86902",Admin1,success,"2026-04-22T16:09:02.034992"
"CMD-A8929CE7A542",User1,success,"2026-04-22T16:43:56.727222"
"CMD-A89C6112C35F",Admin1,success,"2026-04-22T16:10:35.951261"
"CMD-A8A08CADF0CB",User1,success,"2026-04-22T15:01:23.806514"
"CMD-A8FD63860390",User1,success,"2026-04-22T15:18:39.068458"
"CMD-A909A879EF73",Admin1,success,"2026-04-22T17:23:35.695324"
"CMD-A9889D761A39",Admin1,success,"2026-04-22T16:30:22.509949"
"CMD-A99D0BB560FF",User1,success,"2026-04-22T16:36:12.677390"
"CMD-A9AA2BB46CD5",Admin1,success,"2026-04-22T16:55:17.220338"
"CMD-A9B80262FBA2",Admin1,success,"2026-04-22T16:58:17.525349"
"CMD-A9BA0AC7E1B3",User1,success,"2026-04-22T17:07:20.967223"
"CMD-A9CD82D9FED2",User1,success,"2026-04-22T15:29:36.777166"
"CMD-AA6A30B29278",Admin1,success,"2026-04-22T17:03:00.803708"
"CMD-AA99CB9DDD8B",User1,success,"2026-04-22T16:25:11.141995"
"CMD-AAB4F033678E",User1,success,"2026-04-22T16:18:54.540695"
"CMD-AAC6C9CCFEF2",Admin1,success,"2026-04-22T15:39:43.959470"
"CMD-AADCFDC04C10",User1,success,"2026-04-22T16:23:42.525247"
"CMD-AB191F3C0690",Admin1,success,"2026-04-22T15:51:39.097077"
"CMD-AB5528379914",Admin1,success,"2026-04-22T15:25:30.551259"
"CMD-AB656BDE1AFC",User1,success,"2026-04-22T16:36:59.573324"
"CMD-AB99CAF1ACB2",User1,success,"2026-04-22T17:22:33.917736"
"CMD-AB9FE3FCB792",User1,success,"2026-04-22T17:02:03.728455"
"CMD-ABC4DBB3CEAF",User1,success,"2026-04-22T14:57:22.979482"
"CMD-ABC5E09B5505",User1,success,"2026-04-22T17:18:21.189233"
"CMD-ABE2F4D9B732",User1,success,"2026-04-22T17:19:04.450725"
"CMD-ABED6B35FEC9",User1,success,"2026-04-22T18:09:57.753858"
"CMD-ABFDC4530394",Admin1,success,"2026-04-22T15:42:32.639425"
"CMD-AC03AB42F8CB",User1,success,"2026-04-22T18:03:34.361222"
"CMD-AC04B6972B50",User1,success,"2026-04-22T17:09:47.390447"
"CMD-AC286DBC4828",Admin1,success,"2026-04-22T17:08:51.658104"
"CMD-AC3E136415E3",Admin1,success,"2026-04-22T17:36:09.615234"
"CMD-AC5D39C82BE7",Admin1,success,"2026-04-22T16:24:49.175823"
"CMD-AC6E94A7ECA6",Admin1,success,"2026-04-22T15:43:07.916730"
"CMD-AC7D5BAC4C04",Admin1,success,"2026-04-22T15:09:15.023897"
"CMD-AC7FAC978D49",User1,success,"2026-04-22T16:35:14.578342"
"CMD-AC9415994DE3",User1,success,"2026-04-22T17:45:14.252574"
"CMD-AC9F1CF3BD5F",Admin1,success,"2026-04-22T16:32:46.979368"
"CMD-ACA2BDD50632",Admin1,success,"2026-04-22T17:16:02.131385"
"CMD-ACA84C3DD00A",Admin1,success,"2026-04-22T16:04:20.228707"
"CMD-ACD383384E22",Admin1,success,"2026-04-22T16:51:19.620178"
"CMD-ACE266AFFE34",User1,success,"2026-04-22T17:25:12.043765"
"CMD-ACE77A6339B3",User1,success,"2026-04-22T16:30:12.097970"
"CMD-AD2E730E858A",Admin1,success,"2026-04-22T15:20:49.161814"
"CMD-AD2F3BC65E19",Admin1,success,"2026-04-22T17:01:35.760719"
"CMD-AD33A9188FD0",Admin1,success,"2026-04-22T15:02:17.789718"
"CMD-AD647992AB59",Admin1,success,"2026-04-22T17:33:42.828797"
"CMD-AD66A2F3AC35",Admin1,success,"2026-04-22T16:32:35.651702"
"CMD-AD9D7F5F028A",User1,success,"2026-04-22T15:14:44.826489"
"CMD-ADA5C36D4AEB",Admin1,success,"2026-04-22T17:25:40.378934"
"CMD-ADD7D3349785",Admin1,success,"2026-04-22T14:56:32.087973"
"CMD-ADE0BBB90EFB",Admin1,success,"2026-04-22T15:45:19.450940"
"CMD-AE119F084DDB",Admin1,success,"2026-04-22T18:02:33.370073"
"CMD-AE3C7AFA15A9",Admin1,success,"2026-04-22T15:06:06.633593"
"CMD-AE46EDC46FFD",User1,success,"2026-04-22T17:13:45.135363"
"CMD-AE499BA78E4C",Admin1,success,"2026-04-22T14:49:19.081037"
"CMD-AE5D7A06853A",User1,success,"2026-04-22T16:19:47.285843"
"CMD-AE714D63FB47",Admin1,success,"2026-04-22T15:17:18.447637"
"CMD-AE8B9D1182D1",User1,success,"2026-04-22T16:06:47.422872"
"CMD-AEDB54D98ED7",User1,success,"2026-04-22T16:13:50.785562"
"CMD-AEE6A7318E9B",Admin1,success,"2026-04-22T16:18:29.690352"
"CMD-AF31099FD05A",Admin1,success,"2026-04-22T17:50:09.994948"
"CMD-AF5E495BDA67",Admin1,success,"2026-04-22T17:08:43.860439"
"CMD-AF7B71133B5B",User1,success,"2026-04-22T17:31:51.611822"
"CMD-AF8FC3885AC6",User1,success,"2026-04-22T17:00:33.384621"
"CMD-AFB5A1E5137D",Admin1,success,"2026-04-22T17:59:44.492558"
"CMD-AFDBD0D619C1",User1,success,"2026-04-22T16:02:22.877957"
"CMD-B033B9B29EE9",User1,success,"2026-04-22T16:38:52.905968"
"CMD-B0383D7AC54D",User1,success,"2026-04-22T17:21:36.561763"
"CMD-B048B05E3B65",User1,success,"2026-04-22T14:58:16.379299"
"CMD-B0582ED74E96",Admin1,success,"2026-04-22T17:18:09.737911"
"CMD-B06ABC4D1791",Admin1,success,"2026-04-22T17:53:56.455029"
"CMD-B09AD8EA425E",Admin1,success,"2026-04-22T17:29:43.368683"
"CMD-B0B8D0C25833",Admin1,success,"2026-04-22T17:26:21.934083"
"CMD-B0EEB3FC8C27",User1,success,"2026-04-22T16:57:57.941983"
"CMD-B0FE175BFD43",Admin1,success,"2026-04-22T15:13:57.547453"
"CMD-B13921D1DD6D",Admin1,success,"2026-04-22T15:42:21.147159"
"CMD-B13FBF86B338",Admin1,success,"2026-04-22T17:03:27.437178"
"CMD-B1560E095C42",User1,success,"2026-04-22T16:21:00.798403"
"CMD-B1631AFB79CC",Admin1,success,"2026-04-22T16:10:38.407648"
"CMD-B16FD59A90D1",User1,success,"2026-04-22T15:49:56.030614"
"CMD-B175636B7B54",User1,success,"2026-04-22T14:46:58.888103"
"CMD-B198E5D19252",User1,success,"2026-04-22T15:34:06.554877"
"CMD-B1B2035EF7E3",Admin1,success,"2026-04-22T15:45:33.648656"
"CMD-B1C06461D14D",User1,success,"2026-04-22T15:18:56.776736"
"CMD-B1C9D1D19293",User1,success,"2026-04-22T15:40:14.994218"
"CMD-B1CCFD2CB9B4",User1,success,"2026-04-22T16:22:41.967358"
"CMD-B1FE559C7144",Admin1,success,"2026-04-22T15:48:08.589110"
"CMD-B20210A98AD2",User1,success,"2026-04-22T15:52:03.675638"
"CMD-B249F021F4ED",User1,success,"2026-04-22T18:07:32.052297"
"CMD-B27DFBE7CA9D",User1,success,"2026-04-22T17:49:40.638937"
"CMD-B299C3049CE2",Admin1,success,"2026-04-22T15:15:17.148039"
"CMD-B2AAA72805F1",Admin1,success,"2026-04-22T14:50:21.269092"
"CMD-B2AC74E5AB7D",Admin1,success,"2026-04-22T15:25:28.298261"
"CMD-B2AE4CBB6E18",Admin1,success,"2026-04-22T16:24:15.364776"
"CMD-B2B3966EB071",User1,success,"2026-04-22T16:37:53.837953"
"CMD-B2CAA71051BE",User1,success,"2026-04-22T16:11:59.137280"
"CMD-B2E1B5062E94",Admin1,success,"2026-04-22T16:05:57.896714"
"CMD-B31A626BC6D1",User1,success,"2026-04-22T17:29:50.269024"
"CMD-B32478E6CE83",Admin1,success,"2026-04-22T17:22:26.864241"
"CMD-B329CAB0C491",Admin1,success,"2026-04-22T17:21:27.467699"
"CMD-B3433481A66B",Admin1,success,"2026-04-22T15:01:40.515986"
"CMD-B36FF1453B7F",Admin1,success,"2026-04-22T15:54:44.023632"
"CMD-B383A33B3DAC",User1,success,"2026-04-22T15:39:55.204169"
"CMD-B390CE71EB50",User1,success,"2026-04-22T15:47:37.313972"
"CMD-B3AEC035EC6F",Admin1,success,"2026-04-22T15:04:35.661631"
"CMD-B3C21C19CD91",Admin1,success,"2026-04-22T16:38:46.186216"
"CMD-B3C31DC3F5E5",User1,success,"2026-04-22T16:32:49.530614"
"CMD-B3CBC1EEF8FD",Admin1,success,"2026-04-22T17:19:38.598529"
"CMD-B3F10212A58F",User1,success,"2026-04-22T15:54:55.451918"
"CMD-B3FF13DCB631",Admin1,success,"2026-04-22T15:02:41.757939"
"CMD-B41BE46409EB",Admin1,success,"2026-04-22T16:47:51.078658"
"CMD-B421C85556DE",User1,success,"2026-04-22T16:56:05.414841"
"CMD-B42F2A8BE371",User1,success,"2026-04-22T17:44:28.995097"
"CMD-B438FA19CA47",Admin1,success,"2026-04-22T14:48:15.143742"
"CMD-B4475F0E70BF",User1,success,"2026-04-22T17:34:59.991209"
"CMD-B45FCD88C898",Admin1,success,"2026-04-22T17:41:49.689649"
"CMD-B4604E6F4132",Admin1,success,"2026-04-22T15:30:27.971707"
"CMD-B494F829AB78",Admin1,success,"2026-04-22T17:54:20.099068"
"CMD-B4AF5EAEB803",User1,success,"2026-04-22T16:00:59.156678"
"CMD-B4C00733F493",User1,success,"2026-04-22T18:00:39.357776"
"CMD-B4FFD7243A2D",Admin1,success,"2026-04-22T17:03:22.729790"
"CMD-B50220C19AE3",Admin1,success,"2026-04-22T17:55:14.840405"
"CMD-B50373ADF90D",User1,success,"2026-04-22T15:55:38.167488"
"CMD-B503D6829354",User1,success,"2026-04-22T16:46:20.510089"
"CMD-B517FC9E8886",Admin1,success,"2026-04-22T14:59:32.331479"
"CMD-B527AD9C31E1",User1,success,"2026-04-22T14:59:35.231541"
"CMD-B53A5627C490",User1,success,"2026-04-22T17:36:02.393777"
"CMD-B57F7EE2DDED",User1,success,"2026-04-22T15:54:50.725841"
"CMD-B58FCE53244C",User1,success,"2026-04-22T15:25:45.380007"
"CMD-B5B19852AE30",User1,success,"2026-04-22T16:30:43.873140"
"CMD-B5C0CB13C29F",User1,success,"2026-04-22T16:45:41.643184"
"CMD-B5C69B30EA49",User1,success,"2026-04-22T17:15:26.541317"
"CMD-B6385B705A3D",Admin1,success,"2026-04-22T16:49:12.001184"
"CMD-B655AFE7A204",Admin1,success,"2026-04-22T16:31:17.805657"
"CMD-B664CD95B45E",Admin1,success,"2026-04-22T17:52:07.075708"
"CMD-B67C5A2F6CEC",User1,success,"2026-04-22T14:51:50.888947"
"CMD-B680663F3362",Admin1,success,"2026-04-22T16:24:59.272442"
"CMD-B6BD3DB3355E",Admin1,success,"2026-04-22T16:40:12.623104"
"CMD-B6C7B36884F4",User1,success,"2026-04-22T15:17:48.045176"
"CMD-B6D723356752",Admin1,success,"2026-04-22T16:56:01.850136"
"CMD-B701E0E73E74",Admin1,success,"2026-04-22T15:41:36.709048"
"CMD-B734213475C4",User1,success,"2026-04-22T15:39:23.506105"
"CMD-B74051B38C63",User1,success,"2026-04-22T17:33:17.549431"
"CMD-B75CE188C8D9",Admin1,success,"2026-04-22T15:08:36.259933"
"CMD-B76EAEFF7C70",Admin1,success,"2026-04-22T17:57:58.261516"
"CMD-B77789768FD8",User1,success,"2026-04-22T17:03:48.261659"
"CMD-B78090A6364C",Admin1,success,"2026-04-22T15:50:28.292682"
"CMD-B7AF10EEF0D7",Admin1,success,"2026-04-22T15:53:04.766289"
"CMD-B7C919F47BD3",Admin1,success,"2026-04-22T16:21:35.205433"
"CMD-B7C9767210A6",User1,success,"2026-04-22T16:34:00.330943"
"CMD-B7CAF2406A0B",User1,success,"2026-04-22T16:13:46.275797"
"CMD-B7DA8438C97C",Admin1,success,"2026-04-22T16:22:54.543066"
"CMD-B7DCE893127E",Admin1,success,"2026-04-22T17:52:11.540343"
"CMD-B7F43B507D30",User1,success,"2026-04-22T14:50:08.837950"
"CMD-B7FDA52B6163",User1,success,"2026-04-22T17:05:46.230944"
"CMD-B8106B79986A",Admin1,success,"2026-04-22T14:58:55.820784"
"CMD-B819D59B8971",User1,success,"2026-04-22T14:43:20.685409"
"CMD-B82BECEBBFE7",Admin1,success,"2026-04-22T17:29:16.358121"
"CMD-B845728F536F",User1,success,"2026-04-22T14:58:57.966603"
"CMD-B845D02B3BC5",User1,success,"2026-04-22T17:07:25.507359"
"CMD-B86D5974B60A",Admin1,success,"2026-04-22T16:16:54.054539"
"CMD-B8897FD6DDA9",User1,success,"2026-04-22T15:41:25.857994"
"CMD-B894556AFF4F",User1,success,"2026-04-22T14:56:49.014496"
"CMD-B8A4F649A1E2",Admin1,success,"2026-04-22T17:14:31.094143"
"CMD-B8AD69C5DDF1",Admin1,success,"2026-04-22T18:07:04.444276"
"CMD-B8D4AEDA4760",User1,success,"2026-04-22T15:41:40.208983"
"CMD-B915D24B4A2C",User1,success,"2026-04-22T15:16:48.658337"
"CMD-B91D3C833F7E",Admin1,success,"2026-04-22T18:03:27.722521"
"CMD-B92B6D0AC6C8",User1,success,"2026-04-22T17:59:36.647003"
"CMD-B971F7EB50A4",User1,success,"2026-04-22T16:18:45.255068"
"CMD-B991B8F26669",Admin1,success,"2026-04-22T15:43:21.362042"
"CMD-B9A331A993D8",User1,success,"2026-04-22T15:28:24.218285"
"CMD-B9B964CD15B7",Admin1,success,"2026-04-22T14:41:41.028781"
"CMD-B9DEBE0743C4",Admin1,success,"2026-04-22T17:00:04.387262"
"CMD-B9FA93972DCE",Admin1,success,"2026-04-22T15:32:48.278101"
"CMD-BA1CF1EED9E7",Admin1,success,"2026-04-22T17:05:19.631153"
"CMD-BA41E91763C2",Admin1,success,"2026-04-22T14:41:11.435591"
"CMD-BA758D4C5572",User1,success,"2026-04-22T15:59:56.401550"
"CMD-BA7E7B07DCDF",Admin1,success,"2026-04-22T14:49:00.236913"
"CMD-BA9194D2C518",User1,success,"2026-04-22T14:43:45.017668"
"CMD-BADB24554613",User1,success,"2026-04-22T14:53:03.491561"
"CMD-BAE39D1EC61A",Admin1,success,"2026-04-22T16:51:32.905506"
"CMD-BAE7EECFE642",Admin1,success,"2026-04-22T15:59:49.874087"
"CMD-BAF0257D0BF8",Admin1,success,"2026-04-22T15:23:35.203036"
"CMD-BAF928C535CD",Admin1,success,"2026-04-22T14:40:26.600608"
"CMD-BB2A06252E88",User1,success,"2026-04-22T16:24:52.465336"
"CMD-BB36DEA4390B",User1,success,"2026-04-22T14:47:48.793260"
"CMD-BB4915B64B54",User1,success,"2026-04-22T15:12:15.608165"
"CMD-BB7565FC13E5",Admin1,success,"2026-04-22T16:08:18.933629"
"CMD-BBA2D9F864C5",Admin1,success,"2026-04-22T17:04:24.830376"
"CMD-BBC37752B4E0",User1,success,"2026-04-22T15:01:00.965701"
"CMD-BBD1AD0DA683",User1,success,"2026-04-22T17:52:23.286918"
"CMD-BBE00FCD4405",User1,success,"2026-04-22T16:15:07.298985"
"CMD-BBEE5FCC56D9",User1,success,"2026-04-22T16:32:38.992443"
"CMD-BC34BC41C54D",User1,success,"2026-04-22T15:21:34.050197"
"CMD-BC4E7E78053A",Admin1,success,"2026-04-22T17:44:49.325952"
"CMD-BC628A45EE1E",User1,success,"2026-04-22T15:12:48.997598"
"CMD-BC6E055ADBC4",Admin1,success,"2026-04-22T15:16:35.269700"
"CMD-BCA1252B9FF9",User1,success,"2026-04-22T15:33:03.957014"
"CMD-BCABCEF3DE2D",Admin1,success,"2026-04-22T17:19:29.403050"
"CMD-BCE7D98C1114",Admin1,success,"2026-04-22T14:40:28.926621"
"CMD-BCE9023AE0AC",Admin1,success,"2026-04-22T17:10:53.055624"
"CMD-BD021DE9D060",Admin1,success,"2026-04-22T17:33:59.466968"
"CMD-BD044B73F836",User1,success,"2026-04-22T17:23:13.560231"
"CMD-BD0C9B0DFF7C",User1,success,"2026-04-22T17:50:46.500380"
"CMD-BD12E8D4C153",Admin1,success,"2026-04-22T16:48:26.402075"
"CMD-BD39E8B9FB3A",Admin1,success,"2026-04-22T16:28:56.101126"
"CMD-BD4C6BE20C75",Admin1,success,"2026-04-22T16:13:32.832082"
"CMD-BD5026987A74",User1,success,"2026-04-22T14:44:52.126326"
"CMD-BD79227EBFA6",User1,success,"2026-04-22T17:54:05.075500"
"CMD-BD8244ED6121",Admin1,success,"2026-04-22T16:08:16.740260"
"CMD-BD8BF3AC68C2",User1,success,"2026-04-22T16:22:22.419770"
"CMD-BDD96C818828",User1,success,"2026-04-22T15:56:41.414152"
"CMD-BDF553D6CADB",Admin1,success,"2026-04-22T17:44:07.574410"
"CMD-BDF829F9AEAD",Admin1,success,"2026-04-22T14:44:20.636483"
"CMD-BDFA209C98C9",User1,success,"2026-04-22T15:49:42.655830"
"CMD-BE0E8C06B84E",Admin1,success,"2026-04-22T18:06:00.766923"
"CMD-BE1736E087E0",User1,success,"2026-04-22T16:47:15.355269"
"CMD-BE1E1D0F7314",Admin1,success,"2026-04-22T15:41:34.073377"
"CMD-BE4024CE830F",User1,success,"2026-04-22T16:59:05.221950"
"CMD-BE419B628CF9",Admin1,success,"2026-04-22T16:33:07.766608"
"CMD-BE54132A6659",Admin1,success,"2026-04-22T18:08:06.167181"
"CMD-BE5C3146D6AB",Admin1,success,"2026-04-22T16:45:04.116583"
"CMD-BE78E07B707E",User1,success,"2026-04-22T15:41:01.726853"
"CMD-BE860FEA8761",User1,success,"2026-04-22T15:21:20.706645"
"CMD-BE9D478934B4",User1,success,"2026-04-22T17:21:00.743531"
"CMD-BEA897DCB2D9",Admin1,success,"2026-04-22T16:45:23.578650"
"CMD-BEC66AEDC288",Admin1,success,"2026-04-22T16:39:57.540430"
"CMD-BED8E726C78C",User1,success,"2026-04-22T18:04:58.666548"
"CMD-BEE662BD2DD5",Admin1,success,"2026-04-22T15:44:41.529827"
"CMD-BEE8650FCD95",User1,success,"2026-04-22T15:16:57.722777"
"CMD-BF10DF6ACA3C",Admin1,success,"2026-04-22T15:46:17.527885"
"CMD-BF3DFB6D3DC5",User1,success,"2026-04-22T17:54:45.422040"
"CMD-BF45B043379F",User1,success,"2026-04-22T16:42:22.608729"
"CMD-BF4B4D59A6B3",User1,success,"2026-04-22T17:32:22.962573"
"CMD-BF5BD4537C56",Admin1,success,"2026-04-22T15:42:15.322224"
"CMD-BFBC8CE6A738",User1,success,"2026-04-22T15:42:43.710291"
"CMD-BFC78B067836",User1,success,"2026-04-22T16:49:47.367200"
"CMD-BFDA2580C5D8",User1,success,"2026-04-22T18:03:48.581601"
"CMD-BFE309288FD0",Admin1,success,"2026-04-22T17:49:28.191164"
"CMD-BFF00565D842",User1,success,"2026-04-22T16:36:23.075070"
"CMD-C04D4858148C",User1,success,"2026-04-22T17:53:31.537441"
"CMD-C065249DAF0C",User1,success,"2026-04-22T15:27:12.624413"
"CMD-C097A99753BC",Admin1,success,"2026-04-22T15:08:16.927119"
"CMD-C0AF82CC3D5C",User1,success,"2026-04-22T16:34:42.281236"
"CMD-C0B2B191E3D5",Admin1,success,"2026-04-22T14:49:37.626078"
"CMD-C0C3F4D5D53E",Admin1,success,"2026-04-22T16:06:36.315422"
"CMD-C10A6BB31567",User1,success,"2026-04-22T15:19:50.360545"
"CMD-C118CADA5059",User1,success,"2026-04-22T16:16:01.384520"
"CMD-C1385D7061C3",Admin1,success,"2026-04-22T17:05:39.708321"
"CMD-C145FB6E7596",Admin1,success,"2026-04-22T16:21:07.507183"
"CMD-C14710A817F8",User1,success,"2026-04-22T15:38:29.914486"
"CMD-C15BEF77B1B1",Admin1,success,"2026-04-22T15:09:33.919759"
"CMD-C16E696E351E",Admin1,success,"2026-04-22T15:54:21.330675"
"CMD-C16F05BF6F46",User1,success,"2026-04-22T16:03:56.762311"
"CMD-C1933D489E72",User1,success,"2026-04-22T15:54:00.951057"
"CMD-C1AF4A774ED0",User1,success,"2026-04-22T17:10:45.378804"
"CMD-C1D73A94D50A",User1,success,"2026-04-22T15:34:28.277769"
"CMD-C244BC207B76",Admin1,success,"2026-04-22T15:24:02.635141"
"CMD-C244E3CB23D9",Admin1,success,"2026-04-22T16:54:02.662851"
"CMD-C248FF5BD99E",Admin1,success,"2026-04-22T15:09:19.556415"
"CMD-C29F16A31894",Admin1,success,"2026-04-22T17:30:47.930142"
"CMD-C2AB5F35ED48",User1,success,"2026-04-22T16:05:08.715853"
"CMD-C2D3865FF23D",User1,success,"2026-04-22T17:35:23.123845"
"CMD-C2E555BA675E",User1,success,"2026-04-22T15:37:34.063527"
"CMD-C311A982A402",User1,success,"2026-04-22T16:12:21.883994"
"CMD-C3128F02A35C",Admin1,success,"2026-04-22T15:15:02.168731"
"CMD-C332D7B146F5",User1,success,"2026-04-22T14:51:05.968180"
"CMD-C35062003D14",Admin1,success,"2026-04-22T16:02:52.032813"
"CMD-C3A829205A3E",User1,success,"2026-04-22T17:19:22.698126"
"CMD-C3AAEBB95ACA",Admin1,success,"2026-04-22T16:19:54.155338"
"CMD-C3B314449FD1",User1,success,"2026-04-22T15:36:40.336252"
"CMD-C3DFB7AD553D",User1,success,"2026-04-22T15:38:34.689841"
"CMD-C3F1D495ABC1",User1,success,"2026-04-22T17:14:34.401576"
"CMD-C407ACA02F4D",User1,success,"2026-04-22T16:54:54.044132"
"CMD-C4182B8BEC53",Admin1,success,"2026-04-22T15:59:45.501077"
"CMD-C42D2C3FE7A6",User1,success,"2026-04-22T18:07:36.665895"
"CMD-C45324F58080",Admin1,success,"2026-04-22T16:36:20.791502"
"CMD-C4646CFB06F5",Admin1,success,"2026-04-22T17:44:13.723209"
"CMD-C46A6B0F96A6",Admin1,success,"2026-04-22T15:01:53.845713"
"CMD-C47DEA43B520",Admin1,success,"2026-04-22T16:01:42.669296"
"CMD-C48D26EA9E13",User1,success,"2026-04-22T16:28:10.858818"
"CMD-C491AFB08700",Admin1,success,"2026-04-22T17:21:08.501888"
"CMD-C4AA8CFA2920",User1,success,"2026-04-22T15:09:26.037516"
"CMD-C4BBEB5EE8DC",User1,success,"2026-04-22T17:45:29.176800"
"CMD-C4D536D17242",Admin1,success,"2026-04-22T14:46:11.507770"
"CMD-C4DF4DAC6D05",User1,success,"2026-04-22T17:32:32.583239"
"CMD-C4E350FDCCED",Admin1,success,"2026-04-22T16:51:14.315829"
"CMD-C4F425B9FE33",User1,success,"2026-04-22T16:01:17.535645"
"CMD-C5220C983B4E",User1,success,"2026-04-22T17:41:28.644633"
"CMD-C555A8B1BD91",Admin1,success,"2026-04-22T15:32:30.553084"
"CMD-C5ACCD1F5E22",User1,success,"2026-04-22T17:24:58.227554"
"CMD-C5BA549C1941",User1,success,"2026-04-22T17:25:07.494977"
"CMD-C5E33B509C4F",User1,success,"2026-04-22T14:58:30.004225"
"CMD-C5E7FA73255D",User1,success,"2026-04-22T15:48:33.100818"
"CMD-C62125F37178",User1,success,"2026-04-22T18:09:16.060750"
"CMD-C62F45634F05",Admin1,success,"2026-04-22T16:03:51.450927"
"CMD-C6492794ADA2",User1,success,"2026-04-22T15:22:30.315901"
"CMD-C64A2AC60E1F",Admin1,success,"2026-04-22T17:55:56.702425"
"CMD-C6744CD029C8",Admin1,success,"2026-04-22T15:03:37.394822"
"CMD-C6A90A8EABB5",Admin1,success,"2026-04-22T16:54:47.352890"
"CMD-C7099B569D09",User1,success,"2026-04-22T15:10:58.330550"
"CMD-C77A3C2A4841",Admin1,success,"2026-04-22T16:28:50.197691"
"CMD-C792493CEFC3",Admin1,success,"2026-04-22T17:13:10.810680"
"CMD-C7F57D0C059A",User1,success,"2026-04-22T17:59:11.708295"
"CMD-C801C7BB4609",Admin1,success,"2026-04-22T17:38:15.858891"
"CMD-C806A39EC420",Admin1,success,"2026-04-22T16:16:25.900333"
"CMD-C8199144FA25",Admin1,success,"2026-04-22T14:44:58.859518"
"CMD-C84FC44C2DB1",User1,success,"2026-04-22T18:09:47.884835"
"CMD-C8509C00C97D",Admin1,success,"2026-04-22T16:49:01.107167"
"CMD-C851826F99AE",Admin1,success,"2026-04-22T16:10:12.545578"
"CMD-C88E13E2E785",User1,success,"2026-04-22T16:03:12.631358"
"CMD-C899204DC39C",User1,success,"2026-04-22T16:55:35.764672"
"CMD-C89D854B0399",User1,success,"2026-04-22T15:55:23.803334"
"CMD-C8A1708EA2A5",User1,success,"2026-04-22T17:53:41.297672"
"CMD-C8A177F97A21",Admin1,success,"2026-04-22T15:21:58.514713"
"CMD-C8A45A1E05E1",Admin1,success,"2026-04-22T17:00:50.378907"
"CMD-C8BEED51128F",User1,success,"2026-04-22T17:27:24.202754"
"CMD-C9083D35E017",Admin1,success,"2026-04-22T15:39:48.600578"
"CMD-C90CE509F11E",Admin1,success,"2026-04-22T17:11:48.476980"
"CMD-C91B3F7A65FF",User1,success,"2026-04-22T16:48:19.558670"
"CMD-C91DE3BFD418",User1,success,"2026-04-22T17:08:31.236053"
"CMD-C93CBC960C69",Admin1,success,"2026-04-22T16:48:11.695087"
"CMD-C93CE8B7B7B8",Admin1,success,"2026-04-22T17:37:07.664544"
"CMD-C9848B9E0AC3",Admin1,success,"2026-04-22T16:42:56.051715"
"CMD-C9B659A018E3",User1,success,"2026-04-22T15:16:44.062206"
"CMD-C9BDD3AD424E",User1,success,"2026-04-22T15:13:07.918064"
"CMD-C9E3F8A8FF81",User1,success,"2026-04-22T15:46:55.869289"
"CMD-C9E78774BB49",Admin1,success,"2026-04-22T15:49:39.458480"
"CMD-CA04BC986CF3",User1,success,"2026-04-22T18:08:15.117371"
"CMD-CA05959958AD",Admin1,success,"2026-04-22T15:05:01.523092"
"CMD-CA168A792371",Admin1,success,"2026-04-22T17:15:46.175507"
"CMD-CA194A16636A",User1,success,"2026-04-22T18:04:06.737653"
"CMD-CA1A1E88BAEB",User1,success,"2026-04-22T17:41:02.143074"
"CMD-CA230602977D",Admin1,success,"2026-04-22T16:34:35.728423"
"CMD-CA279AA33058",Admin1,success,"2026-04-22T17:47:45.512626"
"CMD-CA38721392F3",Admin1,success,"2026-04-22T15:04:59.057744"
"CMD-CABE11019532",User1,success,"2026-04-22T17:05:32.992845"
"CMD-CAC973245E43",Admin1,success,"2026-04-22T17:47:26.529398"
"CMD-CAD8D8DBCE1F",User1,success,"2026-04-22T16:02:17.981497"
"CMD-CAF8D91532C3",User1,success,"2026-04-22T15:43:50.398943"
"CMD-CB26B21A504A",Admin1,success,"2026-04-22T17:42:35.535418"
"CMD-CB2E485EC08C",User1,success,"2026-04-22T17:31:29.005081"
"CMD-CB369A19BE63",User1,success,"2026-04-22T14:53:33.257348"
"CMD-CB4EFDAFF3E3",User1,success,"2026-04-22T17:01:42.110002"
"CMD-CB713A37571F",Admin1,success,"2026-04-22T17:18:53.215949"
"CMD-CB7BBEE5E287",User1,success,"2026-04-22T15:40:52.439106"
"CMD-CB87977F546D",User1,success,"2026-04-22T16:04:40.421188"
"CMD-CBAFB448E183",Admin1,success,"2026-04-22T17:16:27.723786"
"CMD-CBBF014024B2",User1,success,"2026-04-22T15:54:32.892444"
"CMD-CBFC5C3A77A3",User1,success,"2026-04-22T17:40:57.278229"
"CMD-CC4AE68E52CD",User1,success,"2026-04-22T15:44:53.415925"
"CMD-CC816F27B3D4",User1,success,"2026-04-22T16:23:56.875681"
"CMD-CC981AC9F15D",Admin1,success,"2026-04-22T18:01:38.055100"
"CMD-CC98C941F2F6",Admin1,success,"2026-04-22T16:32:56.648303"
"CMD-CCC0EA9D6612",User1,success,"2026-04-22T15:52:22.826383"
"CMD-CCE96A7DB7FA",Admin1,success,"2026-04-22T14:42:59.129087"
"CMD-CD2EBF4D3B21",Admin1,success,"2026-04-22T16:19:02.556394"
"CMD-CD330BC5E85E",User1,success,"2026-04-22T17:21:57.274591"
"CMD-CD470E270F38",User1,success,"2026-04-22T18:05:36.982970"
"CMD-CD788119A6D4",Admin1,success,"2026-04-22T16:22:15.480721"
"CMD-CD81EF46752C",Admin1,success,"2026-04-22T17:13:01.043463"
"CMD-CDAE3008F281",User1,success,"2026-04-22T16:17:09.965695"
"CMD-CDC07E6ECAD7",User1,success,"2026-04-22T17:02:53.016033"
"CMD-CDE1B2AAC817",User1,success,"2026-04-22T17:50:27.557396"
"CMD-CDF316D6A055",Admin1,success,"2026-04-22T15:20:01.592819"
"CMD-CDF8831221E2",User1,success,"2026-04-22T16:31:06.398901"
"CMD-CE1A9AA1E3ED",User1,success,"2026-04-22T15:59:34.503509"
"CMD-CE258314F336",Admin1,success,"2026-04-22T17:21:49.292693"
"CMD-CE39A96786AF",Admin1,success,"2026-04-22T16:08:01.628200"
"CMD-CE9C3CA926B8",Admin1,success,"2026-04-22T18:08:12.057806"
"CMD-CEA2F0352733",User1,success,"2026-04-22T16:09:57.119925"
"CMD-CEA951A5CAAC",User1,success,"2026-04-22T18:00:13.730744"
"CMD-CEB982C77463",User1,success,"2026-04-22T15:58:36.415801"
"CMD-CED623E71F65",Admin1,success,"2026-04-22T18:00:02.225202"
"CMD-CEE6BFBA2B14",Admin1,success,"2026-04-22T17:42:44.724162"
"CMD-CEF0AA31372F",Admin1,success,"2026-04-22T15:59:41.027410"
"CMD-CEF8BF749ACB",User1,success,"2026-04-22T18:06:18.650933"
"CMD-CF222E74E2E2",Admin1,success,"2026-04-22T16:57:51.025117"
"CMD-CF29B08B001C",User1,success,"2026-04-22T15:51:45.416596"
"CMD-CF392A9D6D6B",Admin1,success,"2026-04-22T15:48:44.269249"
"CMD-CF3CFB83E4E6",Admin1,success,"2026-04-22T16:11:09.159103"
"CMD-CF5004EC07D2",Admin1,success,"2026-04-22T17:10:14.236566"
"CMD-CF5D41FA5237",Admin1,success,"2026-04-22T17:45:22.247105"
"CMD-CF6029AD03AA",Admin1,success,"2026-04-22T16:39:51.100161"
"CMD-CF6444A2F253",Admin1,success,"2026-04-22T17:18:27.884597"
"CMD-CF94E486F5A3",Admin1,success,"2026-04-22T17:52:00.054876"
"CMD-CFB4E0137BFB",User1,success,"2026-04-22T16:44:25.930020"
"CMD-CFCE2C0D5D2C",User1,success,"2026-04-22T17:50:22.625554"
"CMD-D023A2E2A602",Admin1,success,"2026-04-22T15:16:29.530120"
"CMD-D02A813C3EFF",Admin1,success,"2026-04-22T15:35:46.376575"
"CMD-D02CB6147A34",Admin1,success,"2026-04-22T17:47:06.995736"
"CMD-D039A8C3579C",User1,success,"2026-04-22T14:41:56.318142"
"CMD-D04E7685C23F",Admin1,success,"2026-04-22T15:42:28.127702"
"CMD-D056977D0CA4",Admin1,success,"2026-04-22T15:51:52.954695"
"CMD-D056CD3FD060",Admin1,success,"2026-04-22T16:20:52.890955"
"CMD-D05FC01FF828",Admin1,success,"2026-04-22T15:13:59.786109"
"CMD-D07DC2AC3375",User1,success,"2026-04-22T17:03:09.739351"
"CMD-D08FAB3F2C72",Admin1,success,"2026-04-22T16:42:51.085977"
"CMD-D0C5EBD2240D",Admin1,success,"2026-04-22T16:58:43.804340"
"CMD-D0D1DF23A4BD",Admin1,success,"2026-04-22T15:19:19.744537"
"CMD-D0DCF5B96170",Admin1,success,"2026-04-22T16:36:30.957521"
"CMD-D0E1CF27FC33",Admin1,success,"2026-04-22T17:29:18.672494"
"CMD-D102C15E0DC1",User1,success,"2026-04-22T16:04:05.705817"
"CMD-D1099EAA01AE",User1,success,"2026-04-22T16:24:24.528860"
"CMD-D10F57B58757",Admin1,success,"2026-04-22T15:53:13.359451"
"CMD-D13218E8BF56",Admin1,success,"2026-04-22T17:53:22.182904"
"CMD-D1BF7AB006A1",User1,success,"2026-04-22T16:23:15.426034"
"CMD-D1E509F1D237",User1,success,"2026-04-22T16:23:32.839857"
"CMD-D214418F8428",User1,success,"2026-04-22T15:40:19.394866"
"CMD-D2204A706672",Admin1,success,"2026-04-22T17:58:03.051105"
"CMD-D255C0B8E383",User1,success,"2026-04-22T16:04:35.668903"
"CMD-D27F8648F2E0",User1,success,"2026-04-22T17:06:03.945531"
"CMD-D298BC82EBB3",Admin1,success,"2026-04-22T15:38:58.654362"
"CMD-D2AC29DF172F",Admin1,success,"2026-04-22T15:57:04.592990"
"CMD-D2D30794BC7D",User1,success,"2026-04-22T15:45:07.173236"
"CMD-D30308775E0A",Admin1,success,"2026-04-22T16:07:04.415052"
"CMD-D314F101642F",User1,success,"2026-04-22T17:40:20.232746"
"CMD-D3629115AA09",User1,success,"2026-04-22T15:07:10.708219"
"CMD-D3B29E527562",Admin1,success,"2026-04-22T16:29:04.118303"
"CMD-D3D2ED8229CA",User1,success,"2026-04-22T15:44:03.903217"
"CMD-D3F713B4665D",Admin1,success,"2026-04-22T17:49:37.119606"
"CMD-D4C0911AAF17",User1,success,"2026-04-22T17:24:53.469310"
"CMD-D4DD3B1636B8",User1,success,"2026-04-22T17:27:42.744522"
"CMD-D52EF0C41C89",User1,success,"2026-04-22T17:39:20.243703"
"CMD-D5546B8E2683",User1,success,"2026-04-22T15:03:46.158108"
"CMD-D558A04996A9",Admin1,success,"2026-04-22T15:28:58.878377"
"CMD-D58AF5EA6C3A",User1,success,"2026-04-22T17:09:14.178489"
"CMD-D59C0814EE4B",User1,success,"2026-04-22T15:19:35.865896"
"CMD-D59C87736A85",User1,success,"2026-04-22T16:40:05.883434"
"CMD-D5EC30B7224C",User1,success,"2026-04-22T15:59:30.055357"
"CMD-D603FA0AB9DD",Admin1,success,"2026-04-22T18:05:47.693844"
"CMD-D612E4CB428E",User1,success,"2026-04-22T15:32:20.311866"
"CMD-D61D3A2DCF37",User1,success,"2026-04-22T17:50:32.395552"
"CMD-D64521895C6F",Admin1,success,"2026-04-22T18:01:35.811060"
"CMD-D65003054B9D",User1,success,"2026-04-22T17:16:39.331858"
"CMD-D68FDBFAE3A8",User1,success,"2026-04-22T17:02:39.615679"
"CMD-D6A6AFBD2DEC",User1,success,"2026-04-22T16:34:59.763354"
"CMD-D6C03306DACA",Admin1,success,"2026-04-22T17:40:36.711662"
"CMD-D6D845BAD2D4",Admin1,success,"2026-04-22T17:46:16.885915"
"CMD-D73584DA4E72",Admin1,success,"2026-04-22T17:07:32.214117"
"CMD-D7A0EA76B76E",Admin1,success,"2026-04-22T17:46:19.183340"
"CMD-D7A47BA4AF74",User1,success,"2026-04-22T14:40:53.448673"
"CMD-D7C09964C630",Admin1,success,"2026-04-22T14:55:38.338759"
"CMD-D7EEDF7F131E",Admin1,success,"2026-04-22T16:54:24.154973"
"CMD-D814609AB480",Admin1,success,"2026-04-22T15:56:11.286661"
"CMD-D821331D7634",User1,success,"2026-04-22T15:06:57.353216"
"CMD-D828A5767464",User1,success,"2026-04-22T14:42:00.923961"
"CMD-D836E535897B",User1,success,"2026-04-22T17:57:24.840823"
"CMD-D864C40CCC83",User1,success,"2026-04-22T15:52:37.503368"
"CMD-D87D127F6F9A",User1,success,"2026-04-22T16:52:14.459755"
"CMD-D89CD59371E7",Admin1,success,"2026-04-22T16:50:10.706992"
"CMD-D8A34A9CFEE9",Admin1,success,"2026-04-22T17:01:29.170727"
"CMD-D8A967DC4C5C",User1,success,"2026-04-22T14:46:40.240292"
"CMD-D8B56EDAD754",Admin1,success,"2026-04-22T16:51:07.018695"
"CMD-D8B67BD95F86",User1,success,"2026-04-22T16:17:05.069117"
"CMD-D8B8A079678C",User1,success,"2026-04-22T18:03:53.204001"
"CMD-D8C93725386D",User1,success,"2026-04-22T15:35:24.633828"
"CMD-D91E0BAC1755",Admin1,success,"2026-04-22T15:26:00.017468"
"CMD-D923C4BAAA51",User1,success,"2026-04-22T16:46:56.380609"
"CMD-D947C275392B",User1,success,"2026-04-22T15:26:58.642155"
"CMD-D96040566E0A",User1,success,"2026-04-22T15:36:10.619693"
"CMD-D981B592F30A",Admin1,success,"2026-04-22T15:28:20.974418"
"CMD-D993D268BCB8",User1,success,"2026-04-22T16:25:58.042781"
"CMD-D99526900C37",User1,success,"2026-04-22T17:52:47.182177"
"CMD-D9A8D7550E6B",User1,success,"2026-04-22T17:49:07.750950"
"CMD-D9B1ADBD70AD",User1,success,"2026-04-22T18:01:06.621648"
"CMD-D9DE4BE16A73",User1,success,"2026-04-22T17:45:58.796135"
"CMD-DA4A2E2668A4",Admin1,success,"2026-04-22T17:45:49.026007"
"CMD-DA69A5C3EE15",Admin1,success,"2026-04-22T15:29:34.449539"
"CMD-DAB0768D2B92",Admin1,success,"2026-04-22T17:40:06.794687"
"CMD-DAB0B3A67D43",Admin1,success,"2026-04-22T15:06:46.835175"
"CMD-DABE33ED6BC1",User1,success,"2026-04-22T14:45:20.867854"
"CMD-DACEBB8258DC",Admin1,success,"2026-04-22T15:35:15.960339"
"CMD-DAD3DAB3D46C",Admin1,success,"2026-04-22T15:27:19.137206"
"CMD-DAF79B56D80E",User1,success,"2026-04-22T17:30:14.424712"
"CMD-DAFAF9266545",User1,success,"2026-04-22T16:00:09.769088"
"CMD-DAFF22F93451",User1,success,"2026-04-22T16:17:43.026424"
"CMD-DB25DF1018D9",User1,success,"2026-04-22T16:08:04.635131"
"CMD-DB2E1A88A953",User1,success,"2026-04-22T15:20:10.578121"
"CMD-DB37AB8CA64D",Admin1,success,"2026-04-22T15:11:16.104190"
"CMD-DB55A9D5DDFA",Admin1,success,"2026-04-22T14:49:23.726540"
"CMD-DB57F176D1E9",User1,success,"2026-04-22T18:06:13.820830"
"CMD-DB81565CDE34",Admin1,success,"2026-04-22T16:23:26.023715"
"CMD-DBA18636A625",User1,success,"2026-04-22T16:50:38.798390"
"CMD-DBF31B7F9D16",Admin1,success,"2026-04-22T14:55:35.902701"
"CMD-DBFC0A3B935C",User1,success,"2026-04-22T17:31:46.876678"
"CMD-DC0080B17C74",Admin1,success,"2026-04-22T14:46:30.456430"
"CMD-DC278374F4BC",User1,success,"2026-04-22T17:38:07.858766"
"CMD-DC3D70EC67B3",Admin1,success,"2026-04-22T15:24:41.306048"
"CMD-DC45CB847749",Admin1,success,"2026-04-22T17:29:57.027179"
"CMD-DC5D8387A5BC",Admin1,success,"2026-04-22T17:15:19.846466"
"CMD-DC610FC2069F",Admin1,success,"2026-04-22T15:05:08.390461"
"CMD-DCC729A23237",Admin1,success,"2026-04-22T16:50:58.638906"
"CMD-DCD11E27EAFD",Admin1,success,"2026-04-22T17:42:40.284841"
"CMD-DD05B0CFF54E",Admin1,success,"2026-04-22T17:54:34.074929"
"CMD-DD3303785385",User1,success,"2026-04-22T15:47:56.933434"
"CMD-DD5312AFADFC",User1,success,"2026-04-22T17:48:10.189122"
"CMD-DD593BA874A2",User1,success,"2026-04-22T16:06:05.988326"
"CMD-DD5E87E3C967",User1,success,"2026-04-22T17:58:33.549230"
"CMD-DD6C657A51EB",User1,success,"2026-04-22T17:42:24.445144"
"CMD-DD7C8A0E8970",User1,success,"2026-04-22T15:28:28.948323"
"CMD-DD910699FDD4",User1,success,"2026-04-22T17:13:50.454396"
"CMD-DD947975EFC1",User1,success,"2026-04-22T17:25:56.621880"
"CMD-DDC1F84AB54F",Admin1,success,"2026-04-22T15:40:27.051125"
"CMD-DDC444EA3E3A",User1,success,"2026-04-22T16:59:49.023734"
"CMD-DDC7A0BEFCDA",Admin1,success,"2026-04-22T15:53:23.343892"
"CMD-DE1232F386E5",User1,success,"2026-04-22T17:04:54.780344"
"CMD-DE225367B752",User1,success,"2026-04-22T15:14:29.632971"
"CMD-DE32C9E38D30",Admin1,success,"2026-04-22T16:05:33.935176"
"CMD-DE48899FA161",User1,success,"2026-04-22T15:12:10.571371"
"CMD-DE564874D8EE",User1,success,"2026-04-22T17:38:35.454892"
"CMD-DE62FE6E2EE0",User1,success,"2026-04-22T16:06:20.133856"
"CMD-DE7EACCEFF8E",Admin1,success,"2026-04-22T15:22:42.124703"
"CMD-DE80C60519BA",User1,success,"2026-04-22T15:01:28.228994"
"CMD-DE93888201E3",User1,success,"2026-04-22T16:12:32.375793"
"CMD-DEAB36BDF032",Admin1,success,"2026-04-22T15:16:37.534990"
"CMD-DEF91402642D",User1,success,"2026-04-22T18:06:03.993432"
"CMD-DF2B1328524A",User1,success,"2026-04-22T15:55:55.781157"
"CMD-DF65C560B121",Admin1,success,"2026-04-22T17:45:35.736543"
"CMD-DF6C9BF0B803",Admin1,success,"2026-04-22T15:11:24.476423"
"CMD-DF85B44121DB",Admin1,success,"2026-04-22T17:44:02.786408"
"CMD-DF86BDEF5787",User1,success,"2026-04-22T16:31:24.443628"
"CMD-DF9880F1BB5B",User1,success,"2026-04-22T15:55:10.300000"
"CMD-DFA70E29B353",Admin1,success,"2026-04-22T16:39:30.344917"
"CMD-DFCCAB61B5A0",Admin1,success,"2026-04-22T14:49:52.889553"
"CMD-DFE8EA6959AA",Admin1,success,"2026-04-22T16:57:45.933697"
"CMD-DFED6619BCA1",Admin1,success,"2026-04-22T18:04:33.413621"
"CMD-E004D96A8755",User1,success,"2026-04-22T16:39:02.785058"
"CMD-E00D1B7850AA",Admin1,success,"2026-04-22T16:46:13.494693"
"CMD-E013EA856EE2",Admin1,success,"2026-04-22T16:42:53.773283"
"CMD-E02722DC59DB",User1,success,"2026-04-22T16:10:23.605253"
"CMD-E04A5DB2887B",User1,success,"2026-04-22T16:02:45.602881"
"CMD-E079CB646B1B",User1,success,"2026-04-22T15:31:52.319844"
"CMD-E0829086B279",Admin1,success,"2026-04-22T16:51:04.514424"
"CMD-E0940D2B890F",Admin1,success,"2026-04-22T16:06:31.633409"
"CMD-E0C406659758",User1,success,"2026-04-22T16:22:46.796575"
"CMD-E0F807E77B89",User1,success,"2026-04-22T17:00:11.250727"
"CMD-E1151C77BD14",User1,success,"2026-04-22T15:31:00.689656"
"CMD-E129BD8A8B76",Admin1,success,"2026-04-22T14:42:07.273283"
"CMD-E169DC54021A",Admin1,success,"2026-04-22T15:13:24.613418"
"CMD-E17E75583548",Admin1,success,"2026-04-22T16:50:45.531595"
"CMD-E185A60ACCE0",Admin1,success,"2026-04-22T14:57:29.723231"
"CMD-E1D3E9E69CB3",Admin1,success,"2026-04-22T15:52:20.451604"
"CMD-E2068EE87C35",User1,success,"2026-04-22T15:27:08.025788"
"CMD-E209C372F055",User1,success,"2026-04-22T14:46:00.212896"
"CMD-E232C2BDE2E6",Admin1,success,"2026-04-22T17:22:19.397468"
"CMD-E235503B9C0D",User1,success,"2026-04-22T15:51:06.082227"
"CMD-E2543D4BAE4B",Admin1,success,"2026-04-22T16:30:32.378746"
"CMD-E2978AA07D03",User1,success,"2026-04-22T14:54:21.612108"
"CMD-E2C6737ED7E6",Admin1,success,"2026-04-22T17:12:30.338614"
"CMD-E2E0149A7501",Admin1,success,"2026-04-22T16:52:36.986928"
"CMD-E310251D7267",Admin1,success,"2026-04-22T16:27:05.287672"
"CMD-E31784DF6C39",User1,success,"2026-04-22T17:50:51.580299"
"CMD-E334B54D70B4",User1,success,"2026-04-22T15:39:05.155123"
"CMD-E334DB41080E",User1,success,"2026-04-22T15:27:48.411813"
"CMD-E3428EA1A574",User1,success,"2026-04-22T16:22:27.074942"
"CMD-E35D54EEB98C",Admin1,success,"2026-04-22T16:10:08.120741"
"CMD-E3672E2CCCA4",User1,success,"2026-04-22T17:56:47.435028"
"CMD-E384ADC0657B",Admin1,success,"2026-04-22T17:58:41.044555"
"CMD-E3A0715A6D94",Admin1,success,"2026-04-22T16:41:16.811406"
"CMD-E3AA310A780A",User1,success,"2026-04-22T16:18:00.098111"
"CMD-E3FE4FBD6BC9",User1,success,"2026-04-22T17:49:53.886797"
"CMD-E4027E9486A8",User1,success,"2026-04-22T14:53:56.911696"
"CMD-E4416BDEA639",Admin1,success,"2026-04-22T17:14:03.684526"
"CMD-E452D6DD227E",Admin1,success,"2026-04-22T17:01:04.065823"
"CMD-E463FE216A84",User1,success,"2026-04-22T17:34:37.585663"
"CMD-E47B25EDAF29",Admin1,success,"2026-04-22T16:46:53.002867"
"CMD-E49F71F57521",Admin1,success,"2026-04-22T17:30:59.623769"
"CMD-E4A5AB32EB90",Admin1,success,"2026-04-22T17:42:15.677529"
"CMD-E4A886F5BAE6",Admin1,success,"2026-04-22T16:41:00.124481"
"CMD-E4A8F0A99A18",Admin1,success,"2026-04-22T15:03:22.276600"
"CMD-E4AE1C2EF8A6",User1,success,"2026-04-22T16:34:46.704429"
"CMD-E4ECAACCBB1B",Admin1,success,"2026-04-22T18:03:12.532872"
"CMD-E51A5F8FA7BE",User1,success,"2026-04-22T15:49:17.875299"
"CMD-E549064427AE",User1,success,"2026-04-22T15:41:06.332872"
"CMD-E5496754EDA3",User1,success,"2026-04-22T15:50:48.828651"
"CMD-E551A4A689FD",User1,success,"2026-04-22T15:05:15.190530"
"CMD-E578A970EEB9",Admin1,success,"2026-04-22T17:51:54.161322"
"CMD-E585EC6C511E",Admin1,success,"2026-04-22T15:04:16.171867"
"CMD-E58C9F77A83B",User1,success,"2026-04-22T16:09:22.643226"
"CMD-E58F3BE7337F",Admin1,success,"2026-04-22T15:03:12.219582"
"CMD-E5903DADDB08",Admin1,success,"2026-04-22T14:40:31.229521"
"CMD-E5A8F979EE42",User1,success,"2026-04-22T17:08:26.546023"
"CMD-E5BE14BAF383",Admin1,success,"2026-04-22T15:11:50.438372"
"CMD-E5BF15BF6D9A",User1,success,"2026-04-22T17:04:50.128769"
"CMD-E5E3FC354209",Admin1,success,"2026-04-22T16:18:27.427934"
"CMD-E5EDB95EA0F1",Admin1,success,"2026-04-22T14:44:06.163227"
"CMD-E635FB24CE26",User1,success,"2026-04-22T18:01:11.313135"
"CMD-E64D171A4A36",Admin1,success,"2026-04-22T16:37:12.731113"
"CMD-E65BEA26F00F",Admin1,success,"2026-04-22T16:21:40.090970"
"CMD-E66E2C5B5911",User1,success,"2026-04-22T17:20:14.522914"
"CMD-E6798EDD254A",Admin1,success,"2026-04-22T15:54:08.834754"
"CMD-E6AB15CF5F76",Admin1,success,"2026-04-22T16:44:55.831674"
"CMD-E6BC56B606ED",User1,success,"2026-04-22T16:48:33.619900"
"CMD-E6F733DB6536",Admin1,success,"2026-04-22T15:30:19.829162"
"CMD-E71969403A5D",Admin1,success,"2026-04-22T15:18:23.588897"
"CMD-E7675DCABD21",Admin1,success,"2026-04-22T17:21:25.218544"
"CMD-E7B5DE9F31BE",Admin1,success,"2026-04-22T15:15:12.228270"
"CMD-E7D67A7E0002",User1,success,"2026-04-22T16:56:09.951910"
"CMD-E7F92E94A2C6",Admin1,success,"2026-04-22T16:50:06.024391"
"CMD-E7FFF9AB72D4",Admin1,success,"2026-04-22T14:57:54.277991"
"CMD-E80582D25A99",Admin1,success,"2026-04-22T17:17:56.369816"
"CMD-E840D0BD1326",User1,success,"2026-04-22T15:57:38.794793"
"CMD-E841F01828C5",User1,success,"2026-04-22T17:30:03.832726"
"CMD-E84D02F0163D",User1,success,"2026-04-22T16:47:39.142777"
"CMD-E8599E0B480D",Admin1,success,"2026-04-22T16:00:52.472000"
"CMD-E8703C4CF8AE",User1,success,"2026-04-22T16:03:43.689793"
"CMD-E8779D35097B",Admin1,success,"2026-04-22T14:47:36.162156"
"CMD-E879E2EE705C",Admin1,success,"2026-04-22T15:14:22.740264"
"CMD-E8892961EE25",Admin1,success,"2026-04-22T16:14:25.517387"
"CMD-E8C6A8B3E54C",Admin1,success,"2026-04-22T17:09:21.278048"
"CMD-E8DA411FC926",User1,success,"2026-04-22T15:50:53.046559"
"CMD-E8E8608AF907",Admin1,success,"2026-04-22T15:33:10.446438"
"CMD-E90468BF3BCE",User1,success,"2026-04-22T15:39:14.399829"
"CMD-E959A4943170",User1,success,"2026-04-22T14:59:56.115668"
"CMD-E98EDC1A6BCE",User1,success,"2026-04-22T16:24:01.965325"
"CMD-E99535A502AC",Admin1,success,"2026-04-22T16:14:35.175794"
"CMD-E9CF514447A0",User1,success,"2026-04-22T17:27:47.472049"
"CMD-E9DBE9E8CBAB",User1,success,"2026-04-22T17:42:07.861968"
"CMD-E9E630F73ADE",Admin1,success,"2026-04-22T15:44:47.374169"
"CMD-E9F08880BB66",Admin1,success,"2026-04-22T17:30:22.322386"
"CMD-EA76174B889A",Admin1,success,"2026-04-22T17:46:47.182335"
"CMD-EAAF46B5B605",Admin1,success,"2026-04-22T17:42:49.476791"
"CMD-EAD47E7EFC2C",User1,success,"2026-04-22T15:10:53.387933"
"CMD-EAD7674B0D0A",Admin1,success,"2026-04-22T18:04:39.250061"
"CMD-EADE5B6FE380",User1,success,"2026-04-22T15:24:21.133610"
"CMD-EAEDD7A3EF40",Admin1,success,"2026-04-22T16:14:45.655284"
"CMD-EAF716758A1E",User1,success,"2026-04-22T17:39:54.347033"
"CMD-EAFAA259FBCF",Admin1,success,"2026-04-22T16:23:08.577235"
"CMD-EB0E5CFB2C94",User1,success,"2026-04-22T16:25:53.441185"
"CMD-EB2585B742CA",User1,success,"2026-04-22T16:49:04.149589"
"CMD-EB4740B52055",User1,success,"2026-04-22T16:22:04.917208"
"CMD-EB7B4FDFA845",Admin1,success,"2026-04-22T15:18:32.570282"
"CMD-EB8D60AC9EF2",Admin1,success,"2026-04-22T16:13:57.394014"
"CMD-EBBC1452CD59",Admin1,success,"2026-04-22T16:43:49.629118"
"CMD-EBBCEF2D7B2A",Admin1,success,"2026-04-22T15:54:39.435045"
"CMD-EBFE29626475",Admin1,success,"2026-04-22T15:50:23.761310"
"CMD-EC001D74FC7D",User1,success,"2026-04-22T16:13:41.822525"
"CMD-EC246AB64705",Admin1,success,"2026-04-22T17:30:36.990341"
"CMD-EC46D14BDCBE",Admin1,success,"2026-04-22T17:15:17.569538"
"CMD-EC62BA471A56",User1,success,"2026-04-22T15:49:22.261670"
"CMD-EC70F4C03422",User1,success,"2026-04-22T16:36:50.135185"
"CMD-EC864D561317",Admin1,success,"2026-04-22T17:09:28.171054"
"CMD-EC89B18F7C27",User1,success,"2026-04-22T14:43:40.149382"
"CMD-ECB49FDFDF10",User1,success,"2026-04-22T14:43:15.967643"
"CMD-ECC8C324B7C6",User1,success,"2026-04-22T15:34:51.101962"
"CMD-ECD7874C4C91",Admin1,success,"2026-04-22T16:43:00.552124"
"CMD-ECD89A36AE32",User1,success,"2026-04-22T16:30:25.781238"
"CMD-ECE0631E9CEA",Admin1,success,"2026-04-22T15:58:49.274832"
"CMD-ED2C75427D4A",User1,success,"2026-04-22T16:13:00.336310"
"CMD-ED3935807AB1",Admin1,success,"2026-04-22T16:01:56.232181"
"CMD-ED3B56A75D5E",Admin1,success,"2026-04-22T15:46:39.030441"
"CMD-ED414A4A1214",User1,success,"2026-04-22T15:40:29.300796"
"CMD-ED851BFE8889",Admin1,success,"2026-04-22T16:52:24.420028"
"CMD-EDB0F6235048",Admin1,success,"2026-04-22T17:33:10.646080"
"CMD-EDB70FD1F53A",Admin1,success,"2026-04-22T17:48:51.522818"
"CMD-EDE958EA393F",Admin1,success,"2026-04-22T14:46:36.625146"
"CMD-EDEC53F2B6FB",User1,success,"2026-04-22T16:27:27.770209"
"CMD-EDED93F806C1",Admin1,success,"2026-04-22T17:24:15.601189"
"CMD-EE16925E8556",User1,success,"2026-04-22T16:37:43.872613"
"CMD-EE66B2F6F6BB",User1,success,"2026-04-22T15:52:12.547897"
"CMD-EEAB05A1EAD5",Admin1,success,"2026-04-22T17:50:15.286248"
"CMD-EEC383002E87",Admin1,success,"2026-04-22T16:42:30.507406"
"CMD-EEDEFFC047EE",Admin1,success,"2026-04-22T16:31:31.353290"
"CMD-EEDFA7A0FDC9",Admin1,success,"2026-04-22T14:55:10.386379"
"CMD-EEF87D0F8CC1",User1,success,"2026-04-22T16:52:57.767842"
"CMD-EF01F71DCAFE",Admin1,success,"2026-04-22T18:09:34.869078"
"CMD-EF0998B38D7C",User1,success,"2026-04-22T17:48:01.227027"
"CMD-EF16BA84C6C2",Admin1,success,"2026-04-22T16:37:25.665825"
"CMD-EF19CF1CDA5F",User1,success,"2026-04-22T14:53:52.245759"
"CMD-EF37D961D41A",User1,success,"2026-04-22T17:32:28.013219"
"CMD-EF4B53DDCC60",Admin1,success,"2026-04-22T16:01:48.230119"
"CMD-EF8E34059120",Admin1,success,"2026-04-22T18:10:18.826895"
"CMD-EF984259B6AB",User1,success,"2026-04-22T15:47:15.579171"
"CMD-EFACA2284066",Admin1,success,"2026-04-22T17:35:08.665853"
"CMD-EFC2A2982AEA",Admin1,success,"2026-04-22T17:46:28.056638"
"CMD-EFC6B0041BED",Admin1,success,"2026-04-22T15:14:56.175946"
"CMD-EFE0659BCC1D",User1,success,"2026-04-22T16:17:34.406533"
"CMD-EFF4AF81FCD5",User1,success,"2026-04-22T15:12:30.087866"
"CMD-F0035AA247A2",User1,success,"2026-04-22T14:53:42.340468"
"CMD-F023E5E449F6",Admin1,success,"2026-04-22T17:26:41.033466"
"CMD-F037C079CEC9",Admin1,success,"2026-04-22T16:19:22.022194"
"CMD-F03AEDF65AAA",User1,success,"2026-04-22T17:16:10.036224"
"CMD-F040DDBE4FF8",User1,success,"2026-04-22T18:10:02.653165"
"CMD-F053E4E3F284",User1,success,"2026-04-22T15:04:09.549010"
"CMD-F0903FF165C5",User1,success,"2026-04-22T16:23:01.609985"
"CMD-F0E605BED8E8",User1,success,"2026-04-22T17:42:03.235656"
"CMD-F12387CB2FE4",User1,success,"2026-04-22T15:47:10.834468"
"CMD-F1252CFC3804",Admin1,success,"2026-04-22T16:08:38.192790"
"CMD-F12BD76C897D",User1,success,"2026-04-22T16:41:42.553376"
"CMD-F139CB7EF085",User1,success,"2026-04-22T17:25:33.156120"
"CMD-F149C5DFD889",User1,success,"2026-04-22T16:21:13.975759"
"CMD-F157F02A046E",User1,success,"2026-04-22T17:04:11.862736"
"CMD-F17794FBF110",User1,success,"2026-04-22T16:47:20.451685"
"CMD-F17D6DEEE662",Admin1,success,"2026-04-22T17:12:23.908310"
"CMD-F1929BEC1697",Admin1,success,"2026-04-22T15:43:32.282813"
"CMD-F1E9FEFC6CA2",Admin1,success,"2026-04-22T17:18:42.371210"
"CMD-F207A8C50524",User1,success,"2026-04-22T15:32:10.002299"
"CMD-F233BD332BDE",User1,success,"2026-04-22T16:40:28.757296"
"CMD-F249D0417F8E",User1,success,"2026-04-22T15:14:49.323488"
"CMD-F262324032DB",User1,success,"2026-04-22T15:51:32.776872"
"CMD-F29EFB9C2BAB",Admin1,success,"2026-04-22T16:12:15.019244"
"CMD-F2ADD1C3317A",User1,success,"2026-04-22T18:07:54.685394"
"CMD-F2D34BC79AD7",User1,success,"2026-04-22T17:16:58.282227"
"CMD-F35D452B93E0",Admin1,success,"2026-04-22T17:44:46.784837"
"CMD-F37B67412B7A",Admin1,success,"2026-04-22T15:46:49.169289"
"CMD-F382F2F47E86",Admin1,success,"2026-04-22T15:41:53.301061"
"CMD-F3E70611F7EE",Admin1,success,"2026-04-22T16:07:51.770865"
"CMD-F3E817F969D1",User1,success,"2026-04-22T18:00:56.888718"
"CMD-F4240BC8D521",Admin1,success,"2026-04-22T16:34:12.360788"
"CMD-F439A2B083B8",User1,success,"2026-04-22T15:31:29.517765"
"CMD-F4614AE5D6CD",Admin1,success,"2026-04-22T14:42:30.289576"
"CMD-F46783BD592B",User1,success,"2026-04-22T15:33:45.335818"
"CMD-F4B556AC1073",User1,success,"2026-04-22T16:05:26.122947"
"CMD-F52C8461B9A1",User1,success,"2026-04-22T15:07:01.759134"
"CMD-F5346450699C",Admin1,success,"2026-04-22T17:02:14.983558"
"CMD-F53B12111528",User1,success,"2026-04-22T17:09:08.851751"
"CMD-F542B09B4C1E",Admin1,success,"2026-04-22T17:13:28.134850"
"CMD-F54E40F6AF5B",Admin1,success,"2026-04-22T17:59:29.891356"
"CMD-F5516F780E41",Admin1,success,"2026-04-22T16:25:42.221668"
"CMD-F57A09D3101A",User1,success,"2026-04-22T15:41:10.819176"
"CMD-F5BE27555618",User1,success,"2026-04-22T14:47:08.465809"
"CMD-F5F2FF896235",User1,success,"2026-04-22T17:17:02.750213"
"CMD-F64BA6FEF05E",Admin1,success,"2026-04-22T15:08:07.089163"
"CMD-F65C33461D42",User1,success,"2026-04-22T15:05:41.060128"
"CMD-F67EAE52F402",User1,success,"2026-04-22T17:30:24.565428"
"CMD-F6BCFD999B91",User1,success,"2026-04-22T16:19:04.813477"
"CMD-F7217C35E254",Admin1,success,"2026-04-22T16:10:03.640344"
"CMD-F742D6211DA2",User1,success,"2026-04-22T15:50:09.269931"
"CMD-F756E3CAB09A",Admin1,success,"2026-04-22T17:14:41.540770"
"CMD-F7662518ECA6",User1,success,"2026-04-22T15:36:35.516484"
"CMD-F766CCD7B506",User1,success,"2026-04-22T16:42:17.553560"
"CMD-F7841B24D236",Admin1,success,"2026-04-22T16:20:17.009130"
"CMD-F78F9BA248FD",Admin1,success,"2026-04-22T16:08:52.123034"
"CMD-F791B32D759F",Admin1,success,"2026-04-22T17:55:54.364088"
"CMD-F7A1A72B8D6D",User1,success,"2026-04-22T16:11:01.101245"
"CMD-F7E23F8B5990",User1,success,"2026-04-22T15:01:42.812431"
"CMD-F7FABF13D562",User1,success,"2026-04-22T17:23:02.944362"
"CMD-F819FC1F765C",User1,success,"2026-04-22T15:16:53.262585"
"CMD-F84281E7204F",Admin1,success,"2026-04-22T15:35:41.650866"
"CMD-F84CA24E0E6E",Admin1,success,"2026-04-22T17:31:35.703196"
"CMD-F868778E12F5",User1,success,"2026-04-22T17:51:42.890517"
"CMD-F86AD128AC69",Admin1,success,"2026-04-22T16:31:45.694079"
"CMD-F8713D9FFE1E",Admin1,success,"2026-04-22T16:29:24.710662"
"CMD-F879A000F5AD",Admin1,success,"2026-04-22T15:40:08.114182"
"CMD-F914B2D243F4",User1,success,"2026-04-22T14:56:38.694247"
"CMD-F929A7248687",User1,success,"2026-04-22T16:34:55.442998"
"CMD-F93F7221D414",User1,success,"2026-04-22T17:17:36.895464"
"CMD-F9577E75534A",User1,success,"2026-04-22T17:36:21.721652"
"CMD-F97927CC6E04",Admin1,success,"2026-04-22T15:53:07.412472"
"CMD-F9AED65BC7AA",User1,success,"2026-04-22T16:26:11.550293"
"CMD-F9B3EBE6BAA6",Admin1,success,"2026-04-22T15:06:49.310931"
"CMD-F9B5B8A85654",User1,success,"2026-04-22T16:11:40.619591"
"CMD-F9CC3C93FCBF",Admin1,success,"2026-04-22T15:51:12.379525"
"CMD-F9D00332C8C2",User1,success,"2026-04-22T16:08:44.525291"
"CMD-F9D5F774E23D",Admin1,success,"2026-04-22T17:46:05.542106"
"CMD-F9D6AEB943AC",Admin1,success,"2026-04-22T17:54:17.894548"
"CMD-F9DDD2E90E79",User1,success,"2026-04-22T17:26:10.226642"
"CMD-F9FB47E9B2E5",Admin1,success,"2026-04-22T16:43:29.318795"
"CMD-FA1561501C4F",Admin1,success,"2026-04-22T15:46:46.900883"
"CMD-FA3321CA0CBF",Admin1,success,"2026-04-22T16:07:06.668432"
"CMD-FA33DFF158BE",User1,success,"2026-04-22T15:40:57.076714"
"CMD-FA93C2A4C7A9",Admin1,success,"2026-04-22T17:36:14.493662"
"CMD-FA99C7EBC67B",Admin1,success,"2026-04-22T14:59:24.776571"
"CMD-FAA86FE1234A",User1,success,"2026-04-22T17:03:14.661224"
"CMD-FAA93890ABF4",User1,success,"2026-04-22T17:28:53.769277"
"CMD-FAD03D6F63EB",User1,success,"2026-04-22T18:02:45.224259"
"CMD-FB24F5189F9F",Admin1,success,"2026-04-22T16:11:55.836596"
"CMD-FB7BE863805B",Admin1,success,"2026-04-22T17:22:21.749685"
"CMD-FB80A872EB83",User1,success,"2026-04-22T17:20:30.756861"
"CMD-FBD79607E46C",Admin1,success,"2026-04-22T16:15:18.921099"
"CMD-FBEF13A2A6E4",User1,success,"2026-04-22T16:25:06.229177"
"CMD-FC0CC6D224F8",Admin1,success,"2026-04-22T17:48:56.422136"
"CMD-FC14348F7035",Admin1,success,"2026-04-22T15:34:13.253720"
"CMD-FC4DC86B37BA",User1,success,"2026-04-22T18:06:49.295517"
"CMD-FC4DDB34AD19",Admin1,success,"2026-04-22T15:25:03.582775"
"CMD-FCBE13F4B5B7",User1,success,"2026-04-22T15:12:05.871332"
"CMD-FCD3452927FD",User1,success,"2026-04-22T15:00:09.713057"
"CMD-FCD4088984E9",Admin1,success,"2026-04-22T15:05:23.124860"
"CMD-FCE387F44F76",User1,success,"2026-04-22T16:33:38.542836"
"CMD-FD10CBC4239B",Admin1,success,"2026-04-22T16:08:29.658208"
"CMD-FD145167FF66",Admin1,success,"2026-04-22T17:15:36.856054"
"CMD-FD70C02EC388",User1,success,"2026-04-22T14:41:47.583984"
"CMD-FDAACBE9993B",Admin1,success,"2026-04-22T17:39:26.769226"
"CMD-FDB06AF9A41D",User1,success,"2026-04-22T15:19:40.334898"
"CMD-FDEC694B08F4",Admin1,success,"2026-04-22T17:27:30.827560"
"CMD-FE007D7D2BDC",Admin1,success,"2026-04-22T15:28:05.581040"
"CMD-FE110A65E3B0",Admin1,success,"2026-04-22T16:33:25.674219"
"CMD-FE13CC733518",Admin1,success,"2026-04-22T16:37:23.402823"
"CMD-FE35A093DE5E",Admin1,success,"2026-04-22T16:14:55.754463"
"CMD-FE3653C6BAC5",User1,success,"2026-04-22T15:30:47.100000"
"CMD-FE3676CA45D3",Admin1,success,"2026-04-22T16:17:49.474928"
"CMD-FE36D079DC39",User1,success,"2026-04-22T15:43:01.298018"
"CMD-FE94AC97BDDA",Admin1,success,"2026-04-22T17:34:54.128432"
"CMD-FE976BB260E1",User1,success,"2026-04-22T17:51:38.429480"
"CMD-FE9DEFCDC427",User1,success,"2026-04-22T16:39:39.538758"
"CMD-FEA3E7E3523A",Admin1,success,"2026-04-22T15:45:54.237673"
"CMD-FEDC1B6BF2E6",Admin1,success,"2026-04-22T15:33:28.366010"
"CMD-FEF0FBA89055",Admin1,success,"2026-04-22T17:41:55.582298"
"CMD-FEFD77E91FC2",Admin1,success,"2026-04-22T15:50:42.247649"
"CMD-FF251864CE85",User1,success,"2026-04-22T17:08:16.498179"
"CMD-FF7DE63552EE",Admin1,success,"2026-04-22T18:04:00.053712"
"CMD-FFAA072E8173",User1,success,"2026-04-22T15:35:52.993232"
"CMD-FFABB589E87B",User1,success,"2026-04-22T17:55:08.300459"
"CMD-FFAE051B7C20",Admin1,success,"2026-04-22T14:57:59.044835"
"CMD-FFB2E3668034",User1,success,"2026-04-22T15:36:45.148595"
"CMD-FFF4D3A177E9",Admin1,success,"2026-04-22T15:54:19.057975"
"CMD-FFFEB282DA8E",Admin1,success,"2026-04-22T16:24:37.750711"
